synthetic_id,template_star_id,label,null_family,noise_multiplier,score,flags,split
N0.500:OGLE-LMC-CEP-0001:derd_geometric:000,OGLE-LMC-CEP-0001,1,derd_geometric,0.5,1.2598265852107624,['RESIDUE_PHASE_CONSTRAINT_WEAK'],development
N0.500:OGLE-LMC-CEP-0001:derd_geometric:001,OGLE-LMC-CEP-0001,1,derd_geometric,0.5,6.5692033172054405,"['ROOT_OUTSIDE_PHYSICAL_Q_DOMAIN', 'RESIDUE_SIGN_CONSTRAINT_FAILED', 'RESIDUE_PHASE_CONSTRAINT_WEAK', 'AMPLITUDE_RATIO_EXTREME']",development
N0.500:OGLE-LMC-CEP-0001:derd_geometric:002,OGLE-LMC-CEP-0001,1,derd_geometric,0.5,3.443844072599101,"['ROOT_OUTSIDE_PHYSICAL_Q_DOMAIN', 'RESIDUE_PHASE_CONSTRAINT_WEAK', 'AMPLITUDE_RATIO_EXTREME']",development
N0.500:OGLE-LMC-CEP-0001:derd_geometric:003,OGLE-LMC-CEP-0001,1,derd_geometric,0.5,3.76998820409646,"['ROOT_OUTSIDE_PHYSICAL_Q_DOMAIN', 'RESIDUE_PHASE_CONSTRAINT_WEAK', 'AMPLITUDE_RATIO_EXTREME']",development
N0.500:OGLE-LMC-CEP-0001:derd_geometric:004,OGLE-LMC-CEP-0001,1,derd_geometric,0.5,16.01612933270641,"['ROOT_OUTSIDE_PHYSICAL_Q_DOMAIN', 'RESIDUE_SIGN_CONSTRAINT_FAILED', 'RESIDUE_PHASE_CONSTRAINT_WEAK', 'AMPLITUDE_RATIO_EXTREME']",development
N0.500:OGLE-LMC-CEP-0001:derd_geometric:005,OGLE-LMC-CEP-0001,1,derd_geometric,0.5,3.9776535858205135,"['ROOT_OUTSIDE_PHYSICAL_Q_DOMAIN', 'RESIDUE_PHASE_CONSTRAINT_WEAK', 'AMPLITUDE_RATIO_EXTREME']",development
N0.500:OGLE-LMC-CEP-0001:derd_geometric:006,OGLE-LMC-CEP-0001,1,derd_geometric,0.5,2.0723653220122387,['RESIDUE_PHASE_CONSTRAINT_WEAK'],development
N0.500:OGLE-LMC-CEP-0001:derd_geometric:007,OGLE-LMC-CEP-0001,1,derd_geometric,0.5,2.1175875263650754,['RESIDUE_PHASE_CONSTRAINT_WEAK'],development
N0.500:OGLE-LMC-CEP-0001:derd_geometric:008,OGLE-LMC-CEP-0001,1,derd_geometric,0.5,2.9098030186571417,"['ROOT_OUTSIDE_PHYSICAL_Q_DOMAIN', 'RESIDUE_PHASE_CONSTRAINT_WEAK', 'AMPLITUDE_RATIO_EXTREME']",holdout
N0.500:OGLE-LMC-CEP-0001:derd_geometric:009,OGLE-LMC-CEP-0001,1,derd_geometric,0.5,3.8641164697727373,"['ROOT_OUTSIDE_PHYSICAL_Q_DOMAIN', 'RESIDUE_PHASE_CONSTRAINT_WEAK', 'AMPLITUDE_RATIO_EXTREME']",holdout
N0.500:OGLE-LMC-CEP-0001:derd_geometric:010,OGLE-LMC-CEP-0001,1,derd_geometric,0.5,2.750604881564883,"['RESIDUE_SIGN_CONSTRAINT_FAILED', 'RESIDUE_PHASE_CONSTRAINT_WEAK']",holdout
N0.500:OGLE-LMC-CEP-0001:derd_geometric:011,OGLE-LMC-CEP-0001,1,derd_geometric,0.5,2.6461836347576364,"['RESIDUE_SIGN_CONSTRAINT_FAILED', 'RESIDUE_PHASE_CONSTRAINT_WEAK']",development
N0.500:OGLE-LMC-CEP-0001:generic_fourier:000,OGLE-LMC-CEP-0001,0,generic_fourier,0.5,2.791743764941028,"['RESIDUE_SIGN_CONSTRAINT_FAILED', 'RESIDUE_PHASE_CONSTRAINT_WEAK']",development
N0.500:OGLE-LMC-CEP-0001:phase_scrambled_derd:001,OGLE-LMC-CEP-0001,0,phase_scrambled_derd,0.5,2.8446090762864635,"['RESIDUE_SIGN_CONSTRAINT_FAILED', 'RESIDUE_PHASE_CONSTRAINT_WEAK']",holdout
N0.500:OGLE-LMC-CEP-0001:generic_fourier:002,OGLE-LMC-CEP-0001,0,generic_fourier,0.5,1.5592731360132868,[],development
N0.500:OGLE-LMC-CEP-0001:phase_scrambled_derd:003,OGLE-LMC-CEP-0001,0,phase_scrambled_derd,0.5,2.458788641270215,"['RESIDUE_SIGN_CONSTRAINT_FAILED', 'RESIDUE_PHASE_CONSTRAINT_WEAK']",holdout
N0.500:OGLE-LMC-CEP-0001:generic_fourier:004,OGLE-LMC-CEP-0001,0,generic_fourier,0.5,2.6974076264528546,['RESIDUE_PHASE_CONSTRAINT_WEAK'],development
N0.500:OGLE-LMC-CEP-0001:phase_scrambled_derd:005,OGLE-LMC-CEP-0001,0,phase_scrambled_derd,0.5,25.159004269089106,"['ROOT_OUTSIDE_PHYSICAL_Q_DOMAIN', 'RESIDUE_SIGN_CONSTRAINT_FAILED', 'RESIDUE_PHASE_CONSTRAINT_WEAK', 'AMPLITUDE_RATIO_EXTREME']",development
N0.500:OGLE-LMC-CEP-0001:generic_fourier:006,OGLE-LMC-CEP-0001,0,generic_fourier,0.5,2.156687783527289,['RESIDUE_PHASE_CONSTRAINT_WEAK'],holdout
N0.500:OGLE-LMC-CEP-0001:phase_scrambled_derd:007,OGLE-LMC-CEP-0001,0,phase_scrambled_derd,0.5,2.2228877259886866,"['RESIDUE_SIGN_CONSTRAINT_FAILED', 'RESIDUE_PHASE_CONSTRAINT_WEAK']",development
N0.500:OGLE-LMC-CEP-0001:generic_fourier:008,OGLE-LMC-CEP-0001,0,generic_fourier,0.5,6.536361382836559,"['ROOT_OUTSIDE_PHYSICAL_Q_DOMAIN', 'RESIDUE_PHASE_CONSTRAINT_WEAK', 'AMPLITUDE_RATIO_EXTREME']",development
N0.500:OGLE-LMC-CEP-0001:phase_scrambled_derd:009,OGLE-LMC-CEP-0001,0,phase_scrambled_derd,0.5,5.236237949492546,"['ROOT_OUTSIDE_PHYSICAL_Q_DOMAIN', 'RESIDUE_PHASE_CONSTRAINT_WEAK', 'AMPLITUDE_RATIO_EXTREME']",development
N0.500:OGLE-LMC-CEP-0001:generic_fourier:010,OGLE-LMC-CEP-0001,0,generic_fourier,0.5,21.839634256012005,"['ROOT_OUTSIDE_PHYSICAL_Q_DOMAIN', 'RESIDUE_SIGN_CONSTRAINT_FAILED', 'RESIDUE_PHASE_CONSTRAINT_WEAK', 'AMPLITUDE_RATIO_EXTREME']",development
N0.500:OGLE-LMC-CEP-0001:phase_scrambled_derd:011,OGLE-LMC-CEP-0001,0,phase_scrambled_derd,0.5,38.84930236192651,"['ROOT_OUTSIDE_PHYSICAL_Q_DOMAIN', 'RESIDUE_SIGN_CONSTRAINT_FAILED', 'RESIDUE_PHASE_CONSTRAINT_WEAK', 'AMPLITUDE_RATIO_EXTREME']",development
N0.500:OGLE-LMC-CEP-0002:derd_geometric:000,OGLE-LMC-CEP-0002,1,derd_geometric,0.5,2.81166453127147,"['RESIDUE_SIGN_CONSTRAINT_FAILED', 'RESIDUE_PHASE_CONSTRAINT_WEAK']",development
N0.500:OGLE-LMC-CEP-0002:derd_geometric:001,OGLE-LMC-CEP-0002,1,derd_geometric,0.5,3.093242715826672,"['ROOT_OUTSIDE_PHYSICAL_Q_DOMAIN', 'RESIDUE_PHASE_CONSTRAINT_WEAK', 'AMPLITUDE_RATIO_EXTREME']",development
N0.500:OGLE-LMC-CEP-0002:derd_geometric:002,OGLE-LMC-CEP-0002,1,derd_geometric,0.5,7.074927692283988,"['ROOT_OUTSIDE_PHYSICAL_Q_DOMAIN', 'RESIDUE_SIGN_CONSTRAINT_FAILED', 'RESIDUE_PHASE_CONSTRAINT_WEAK', 'AMPLITUDE_RATIO_EXTREME']",development
N0.500:OGLE-LMC-CEP-0002:derd_geometric:003,OGLE-LMC-CEP-0002,1,derd_geometric,0.5,1.334111275499911,['RESIDUE_SIGN_CONSTRAINT_FAILED'],holdout
N0.500:OGLE-LMC-CEP-0002:derd_geometric:004,OGLE-LMC-CEP-0002,1,derd_geometric,0.5,1.6259871159558261,['RESIDUE_PHASE_CONSTRAINT_WEAK'],holdout
N0.500:OGLE-LMC-CEP-0002:derd_geometric:005,OGLE-LMC-CEP-0002,1,derd_geometric,0.5,2.941795362056854,"['ROOT_OUTSIDE_PHYSICAL_Q_DOMAIN', 'RESIDUE_PHASE_CONSTRAINT_WEAK', 'AMPLITUDE_RATIO_EXTREME']",development
N0.500:OGLE-LMC-CEP-0002:derd_geometric:006,OGLE-LMC-CEP-0002,1,derd_geometric,0.5,4.343614715578129,"['ROOT_OUTSIDE_PHYSICAL_Q_DOMAIN', 'AMPLITUDE_RATIO_EXTREME']",holdout
N0.500:OGLE-LMC-CEP-0002:derd_geometric:007,OGLE-LMC-CEP-0002,1,derd_geometric,0.5,0.9689973026985553,['RESIDUE_PHASE_CONSTRAINT_WEAK'],development
N0.500:OGLE-LMC-CEP-0002:derd_geometric:008,OGLE-LMC-CEP-0002,1,derd_geometric,0.5,2.914128319670989,"['RESIDUE_SIGN_CONSTRAINT_FAILED', 'RESIDUE_PHASE_CONSTRAINT_WEAK']",development
N0.500:OGLE-LMC-CEP-0002:derd_geometric:009,OGLE-LMC-CEP-0002,1,derd_geometric,0.5,2.7901550962915227,"['RESIDUE_SIGN_CONSTRAINT_FAILED', 'RESIDUE_PHASE_CONSTRAINT_WEAK']",holdout
N0.500:OGLE-LMC-CEP-0002:derd_geometric:010,OGLE-LMC-CEP-0002,1,derd_geometric,0.5,3.332697776702799,"['ROOT_OUTSIDE_PHYSICAL_Q_DOMAIN', 'AMPLITUDE_RATIO_EXTREME']",development
N0.500:OGLE-LMC-CEP-0002:derd_geometric:011,OGLE-LMC-CEP-0002,1,derd_geometric,0.5,4.278429196517367,"['ROOT_OUTSIDE_PHYSICAL_Q_DOMAIN', 'RESIDUE_SIGN_CONSTRAINT_FAILED', 'AMPLITUDE_RATIO_EXTREME']",holdout
N0.500:OGLE-LMC-CEP-0002:generic_fourier:000,OGLE-LMC-CEP-0002,0,generic_fourier,0.5,2.9743778372144543,"['RESIDUE_SIGN_CONSTRAINT_FAILED', 'RESIDUE_PHASE_CONSTRAINT_WEAK']",development
N0.500:OGLE-LMC-CEP-0002:phase_scrambled_derd:001,OGLE-LMC-CEP-0002,0,phase_scrambled_derd,0.5,2.5322091377909017,['RESIDUE_PHASE_CONSTRAINT_WEAK'],development
N0.500:OGLE-LMC-CEP-0002:generic_fourier:002,OGLE-LMC-CEP-0002,0,generic_fourier,0.5,2.3700678194346447,['RESIDUE_PHASE_CONSTRAINT_WEAK'],development
N0.500:OGLE-LMC-CEP-0002:phase_scrambled_derd:003,OGLE-LMC-CEP-0002,0,phase_scrambled_derd,0.5,1.9677808067127858,['RESIDUE_PHASE_CONSTRAINT_WEAK'],development
N0.500:OGLE-LMC-CEP-0002:generic_fourier:004,OGLE-LMC-CEP-0002,0,generic_fourier,0.5,7.210432487582906,"['ROOT_OUTSIDE_PHYSICAL_Q_DOMAIN', 'RESIDUE_SIGN_CONSTRAINT_FAILED', 'RESIDUE_PHASE_CONSTRAINT_WEAK', 'AMPLITUDE_RATIO_EXTREME']",development
N0.500:OGLE-LMC-CEP-0002:phase_scrambled_derd:005,OGLE-LMC-CEP-0002,0,phase_scrambled_derd,0.5,2.808855472696799,"['RESIDUE_SIGN_CONSTRAINT_FAILED', 'RESIDUE_PHASE_CONSTRAINT_WEAK']",development
N0.500:OGLE-LMC-CEP-0002:generic_fourier:006,OGLE-LMC-CEP-0002,0,generic_fourier,0.5,5.963519818030029,"['ROOT_OUTSIDE_PHYSICAL_Q_DOMAIN', 'RESIDUE_SIGN_CONSTRAINT_FAILED', 'RESIDUE_PHASE_CONSTRAINT_WEAK', 'AMPLITUDE_RATIO_EXTREME']",development
N0.500:OGLE-LMC-CEP-0002:phase_scrambled_derd:007,OGLE-LMC-CEP-0002,0,phase_scrambled_derd,0.5,5.059692961779222,"['ROOT_OUTSIDE_PHYSICAL_Q_DOMAIN', 'RESIDUE_PHASE_CONSTRAINT_WEAK', 'AMPLITUDE_RATIO_EXTREME']",development
N0.500:OGLE-LMC-CEP-0002:generic_fourier:008,OGLE-LMC-CEP-0002,0,generic_fourier,0.5,2.814832598982319,"['RESIDUE_SIGN_CONSTRAINT_FAILED', 'RESIDUE_PHASE_CONSTRAINT_WEAK']",development
N0.500:OGLE-LMC-CEP-0002:phase_scrambled_derd:009,OGLE-LMC-CEP-0002,0,phase_scrambled_derd,0.5,2.3449137420430963,['RESIDUE_PHASE_CONSTRAINT_WEAK'],development
N0.500:OGLE-LMC-CEP-0002:generic_fourier:010,OGLE-LMC-CEP-0002,0,generic_fourier,0.5,2.2840179254911397,"['RESIDUE_SIGN_CONSTRAINT_FAILED', 'RESIDUE_PHASE_CONSTRAINT_WEAK']",holdout
N0.500:OGLE-LMC-CEP-0002:phase_scrambled_derd:011,OGLE-LMC-CEP-0002,0,phase_scrambled_derd,0.5,6.7617396696159755,"['ROOT_OUTSIDE_PHYSICAL_Q_DOMAIN', 'RESIDUE_PHASE_CONSTRAINT_WEAK', 'AMPLITUDE_RATIO_EXTREME']",development
N0.500:OGLE-LMC-CEP-0003:derd_geometric:000,OGLE-LMC-CEP-0003,1,derd_geometric,0.5,2.265257593371497,"['RESIDUE_SIGN_CONSTRAINT_FAILED', 'RESIDUE_PHASE_CONSTRAINT_WEAK']",holdout
N0.500:OGLE-LMC-CEP-0003:derd_geometric:001,OGLE-LMC-CEP-0003,1,derd_geometric,0.5,2.25287485120365,"['RESIDUE_SIGN_CONSTRAINT_FAILED', 'RESIDUE_PHASE_CONSTRAINT_WEAK']",development
N0.500:OGLE-LMC-CEP-0003:derd_geometric:002,OGLE-LMC-CEP-0003,1,derd_geometric,0.5,2.9301067703040804,"['RESIDUE_SIGN_CONSTRAINT_FAILED', 'RESIDUE_PHASE_CONSTRAINT_WEAK']",holdout
N0.500:OGLE-LMC-CEP-0003:derd_geometric:003,OGLE-LMC-CEP-0003,1,derd_geometric,0.5,5.030757354500353,"['ROOT_OUTSIDE_PHYSICAL_Q_DOMAIN', 'RESIDUE_SIGN_CONSTRAINT_FAILED', 'RESIDUE_PHASE_CONSTRAINT_WEAK', 'AMPLITUDE_RATIO_EXTREME']",development
N0.500:OGLE-LMC-CEP-0003:derd_geometric:004,OGLE-LMC-CEP-0003,1,derd_geometric,0.5,1.9146485136080837,['RESIDUE_PHASE_CONSTRAINT_WEAK'],development
N0.500:OGLE-LMC-CEP-0003:derd_geometric:005,OGLE-LMC-CEP-0003,1,derd_geometric,0.5,4.970222366356959,"['ROOT_OUTSIDE_PHYSICAL_Q_DOMAIN', 'RESIDUE_PHASE_CONSTRAINT_WEAK', 'AMPLITUDE_RATIO_EXTREME']",development
N0.500:OGLE-LMC-CEP-0003:derd_geometric:006,OGLE-LMC-CEP-0003,1,derd_geometric,0.5,2.6734573145125706,"['RESIDUE_SIGN_CONSTRAINT_FAILED', 'RESIDUE_PHASE_CONSTRAINT_WEAK']",development
N0.500:OGLE-LMC-CEP-0003:derd_geometric:007,OGLE-LMC-CEP-0003,1,derd_geometric,0.5,24.62456135272894,"['ROOT_OUTSIDE_PHYSICAL_Q_DOMAIN', 'RESIDUE_SIGN_CONSTRAINT_FAILED', 'RESIDUE_PHASE_CONSTRAINT_WEAK', 'AMPLITUDE_RATIO_EXTREME']",holdout
N0.500:OGLE-LMC-CEP-0003:derd_geometric:008,OGLE-LMC-CEP-0003,1,derd_geometric,0.5,12.353049414272949,"['ROOT_OUTSIDE_PHYSICAL_Q_DOMAIN', 'RESIDUE_SIGN_CONSTRAINT_FAILED', 'RESIDUE_PHASE_CONSTRAINT_WEAK', 'AMPLITUDE_RATIO_EXTREME']",holdout
N0.500:OGLE-LMC-CEP-0003:derd_geometric:009,OGLE-LMC-CEP-0003,1,derd_geometric,0.5,1.9930283783412364,['RESIDUE_PHASE_CONSTRAINT_WEAK'],development
N0.500:OGLE-LMC-CEP-0003:derd_geometric:010,OGLE-LMC-CEP-0003,1,derd_geometric,0.5,1.3608306956619214,['RESIDUE_PHASE_CONSTRAINT_WEAK'],holdout
N0.500:OGLE-LMC-CEP-0003:derd_geometric:011,OGLE-LMC-CEP-0003,1,derd_geometric,0.5,2.3151537521400125,['RESIDUE_PHASE_CONSTRAINT_WEAK'],holdout
N0.500:OGLE-LMC-CEP-0003:generic_fourier:000,OGLE-LMC-CEP-0003,0,generic_fourier,0.5,14.38528678913717,"['ROOT_OUTSIDE_PHYSICAL_Q_DOMAIN', 'RESIDUE_SIGN_CONSTRAINT_FAILED', 'RESIDUE_PHASE_CONSTRAINT_WEAK', 'AMPLITUDE_RATIO_EXTREME']",holdout
N0.500:OGLE-LMC-CEP-0003:phase_scrambled_derd:001,OGLE-LMC-CEP-0003,0,phase_scrambled_derd,0.5,10.276762621038557,"['ROOT_OUTSIDE_PHYSICAL_Q_DOMAIN', 'RESIDUE_SIGN_CONSTRAINT_FAILED', 'RESIDUE_PHASE_CONSTRAINT_WEAK', 'AMPLITUDE_RATIO_EXTREME']",development
N0.500:OGLE-LMC-CEP-0003:generic_fourier:002,OGLE-LMC-CEP-0003,0,generic_fourier,0.5,1.4900903107712917,['RESIDUE_PHASE_CONSTRAINT_WEAK'],development
N0.500:OGLE-LMC-CEP-0003:phase_scrambled_derd:003,OGLE-LMC-CEP-0003,0,phase_scrambled_derd,0.5,2.314096565339411,['RESIDUE_PHASE_CONSTRAINT_WEAK'],development
N0.500:OGLE-LMC-CEP-0003:generic_fourier:004,OGLE-LMC-CEP-0003,0,generic_fourier,0.5,2.7467960032714704,"['RESIDUE_SIGN_CONSTRAINT_FAILED', 'RESIDUE_PHASE_CONSTRAINT_WEAK']",holdout
N0.500:OGLE-LMC-CEP-0003:phase_scrambled_derd:005,OGLE-LMC-CEP-0003,0,phase_scrambled_derd,0.5,1.919997709690446,['RESIDUE_PHASE_CONSTRAINT_WEAK'],holdout
N0.500:OGLE-LMC-CEP-0003:generic_fourier:006,OGLE-LMC-CEP-0003,0,generic_fourier,0.5,9.119908948613087,"['ROOT_OUTSIDE_PHYSICAL_Q_DOMAIN', 'RESIDUE_SIGN_CONSTRAINT_FAILED', 'RESIDUE_PHASE_CONSTRAINT_WEAK', 'AMPLITUDE_RATIO_EXTREME']",holdout
N0.500:OGLE-LMC-CEP-0003:phase_scrambled_derd:007,OGLE-LMC-CEP-0003,0,phase_scrambled_derd,0.5,2.6374909311946557,['RESIDUE_PHASE_CONSTRAINT_WEAK'],development
N0.500:OGLE-LMC-CEP-0003:generic_fourier:008,OGLE-LMC-CEP-0003,0,generic_fourier,0.5,1.808046288002349,"['RESIDUE_SIGN_CONSTRAINT_FAILED', 'RESIDUE_PHASE_CONSTRAINT_WEAK']",development
N0.500:OGLE-LMC-CEP-0003:phase_scrambled_derd:009,OGLE-LMC-CEP-0003,0,phase_scrambled_derd,0.5,3.590845735008824,"['ROOT_OUTSIDE_PHYSICAL_Q_DOMAIN', 'RESIDUE_PHASE_CONSTRAINT_WEAK', 'AMPLITUDE_RATIO_EXTREME']",holdout
N0.500:OGLE-LMC-CEP-0003:generic_fourier:010,OGLE-LMC-CEP-0003,0,generic_fourier,0.5,2.847144176150007,"['RESIDUE_SIGN_CONSTRAINT_FAILED', 'RESIDUE_PHASE_CONSTRAINT_WEAK']",holdout
N0.500:OGLE-LMC-CEP-0003:phase_scrambled_derd:011,OGLE-LMC-CEP-0003,0,phase_scrambled_derd,0.5,1.9176986013903405,['RESIDUE_PHASE_CONSTRAINT_WEAK'],holdout
N0.500:OGLE-LMC-CEP-0004:derd_geometric:000,OGLE-LMC-CEP-0004,1,derd_geometric,0.5,1.338007426830606,['RESIDUE_PHASE_CONSTRAINT_WEAK'],development
N0.500:OGLE-LMC-CEP-0004:derd_geometric:001,OGLE-LMC-CEP-0004,1,derd_geometric,0.5,2.046574094062451,['RESIDUE_PHASE_CONSTRAINT_WEAK'],holdout
N0.500:OGLE-LMC-CEP-0004:derd_geometric:002,OGLE-LMC-CEP-0004,1,derd_geometric,0.5,1.9742274379197906,"['RESIDUE_SIGN_CONSTRAINT_FAILED', 'RESIDUE_PHASE_CONSTRAINT_WEAK']",development
N0.500:OGLE-LMC-CEP-0004:derd_geometric:003,OGLE-LMC-CEP-0004,1,derd_geometric,0.5,4.048768391244152,"['ROOT_OUTSIDE_PHYSICAL_Q_DOMAIN', 'RESIDUE_PHASE_CONSTRAINT_WEAK', 'AMPLITUDE_RATIO_EXTREME']",holdout
N0.500:OGLE-LMC-CEP-0004:derd_geometric:004,OGLE-LMC-CEP-0004,1,derd_geometric,0.5,1.032938632170405,[],holdout
N0.500:OGLE-LMC-CEP-0004:derd_geometric:005,OGLE-LMC-CEP-0004,1,derd_geometric,0.5,11.559743219170944,"['ROOT_OUTSIDE_PHYSICAL_Q_DOMAIN', 'RESIDUE_PHASE_CONSTRAINT_WEAK', 'AMPLITUDE_RATIO_EXTREME']",holdout
N0.500:OGLE-LMC-CEP-0004:derd_geometric:006,OGLE-LMC-CEP-0004,1,derd_geometric,0.5,1.4763853161148803,['RESIDUE_PHASE_CONSTRAINT_WEAK'],development
N0.500:OGLE-LMC-CEP-0004:derd_geometric:007,OGLE-LMC-CEP-0004,1,derd_geometric,0.5,1.870740328964612,"['RESIDUE_SIGN_CONSTRAINT_FAILED', 'RESIDUE_PHASE_CONSTRAINT_WEAK']",development
N0.500:OGLE-LMC-CEP-0004:derd_geometric:008,OGLE-LMC-CEP-0004,1,derd_geometric,0.5,6.3998710018058285,"['ROOT_OUTSIDE_PHYSICAL_Q_DOMAIN', 'RESIDUE_SIGN_CONSTRAINT_FAILED', 'RESIDUE_PHASE_CONSTRAINT_WEAK', 'AMPLITUDE_RATIO_EXTREME']",development
N0.500:OGLE-LMC-CEP-0004:derd_geometric:009,OGLE-LMC-CEP-0004,1,derd_geometric,0.5,1.814994561912331,"['RESIDUE_SIGN_CONSTRAINT_FAILED', 'RESIDUE_PHASE_CONSTRAINT_WEAK']",holdout
N0.500:OGLE-LMC-CEP-0004:derd_geometric:010,OGLE-LMC-CEP-0004,1,derd_geometric,0.5,13.786255316945804,"['ROOT_OUTSIDE_PHYSICAL_Q_DOMAIN', 'RESIDUE_SIGN_CONSTRAINT_FAILED', 'RESIDUE_PHASE_CONSTRAINT_WEAK', 'AMPLITUDE_RATIO_EXTREME']",development
N0.500:OGLE-LMC-CEP-0004:derd_geometric:011,OGLE-LMC-CEP-0004,1,derd_geometric,0.5,2.19798093436274,['RESIDUE_PHASE_CONSTRAINT_WEAK'],development
N0.500:OGLE-LMC-CEP-0004:generic_fourier:000,OGLE-LMC-CEP-0004,0,generic_fourier,0.5,2.6766126996547106,"['RESIDUE_SIGN_CONSTRAINT_FAILED', 'RESIDUE_PHASE_CONSTRAINT_WEAK']",development
N0.500:OGLE-LMC-CEP-0004:phase_scrambled_derd:001,OGLE-LMC-CEP-0004,0,phase_scrambled_derd,0.5,1.7473624591966184,['RESIDUE_PHASE_CONSTRAINT_WEAK'],holdout
N0.500:OGLE-LMC-CEP-0004:generic_fourier:002,OGLE-LMC-CEP-0004,0,generic_fourier,0.5,2.094724463100424,['RESIDUE_PHASE_CONSTRAINT_WEAK'],development
N0.500:OGLE-LMC-CEP-0004:phase_scrambled_derd:003,OGLE-LMC-CEP-0004,0,phase_scrambled_derd,0.5,26.93723114564031,"['ROOT_OUTSIDE_PHYSICAL_Q_DOMAIN', 'RESIDUE_SIGN_CONSTRAINT_FAILED', 'RESIDUE_PHASE_CONSTRAINT_WEAK', 'AMPLITUDE_RATIO_EXTREME']",holdout
N0.500:OGLE-LMC-CEP-0004:generic_fourier:004,OGLE-LMC-CEP-0004,0,generic_fourier,0.5,2.782988830486164,"['RESIDUE_SIGN_CONSTRAINT_FAILED', 'RESIDUE_PHASE_CONSTRAINT_WEAK']",holdout
N0.500:OGLE-LMC-CEP-0004:phase_scrambled_derd:005,OGLE-LMC-CEP-0004,0,phase_scrambled_derd,0.5,2.2798205519668193,['RESIDUE_PHASE_CONSTRAINT_WEAK'],holdout
N0.500:OGLE-LMC-CEP-0004:generic_fourier:006,OGLE-LMC-CEP-0004,0,generic_fourier,0.5,6.767231523766717,"['ROOT_OUTSIDE_PHYSICAL_Q_DOMAIN', 'RESIDUE_SIGN_CONSTRAINT_FAILED', 'RESIDUE_PHASE_CONSTRAINT_WEAK', 'AMPLITUDE_RATIO_EXTREME']",development
N0.500:OGLE-LMC-CEP-0004:phase_scrambled_derd:007,OGLE-LMC-CEP-0004,0,phase_scrambled_derd,0.5,2.5519265125758746,"['RESIDUE_SIGN_CONSTRAINT_FAILED', 'RESIDUE_PHASE_CONSTRAINT_WEAK']",development
N0.500:OGLE-LMC-CEP-0004:generic_fourier:008,OGLE-LMC-CEP-0004,0,generic_fourier,0.5,2.105532185881566,['RESIDUE_PHASE_CONSTRAINT_WEAK'],development
N0.500:OGLE-LMC-CEP-0004:phase_scrambled_derd:009,OGLE-LMC-CEP-0004,0,phase_scrambled_derd,0.5,10.586807905606033,"['ROOT_OUTSIDE_PHYSICAL_Q_DOMAIN', 'RESIDUE_PHASE_CONSTRAINT_WEAK', 'AMPLITUDE_RATIO_EXTREME']",development
N0.500:OGLE-LMC-CEP-0004:generic_fourier:010,OGLE-LMC-CEP-0004,0,generic_fourier,0.5,8.181770090951314,"['ROOT_OUTSIDE_PHYSICAL_Q_DOMAIN', 'RESIDUE_SIGN_CONSTRAINT_FAILED', 'RESIDUE_PHASE_CONSTRAINT_WEAK', 'AMPLITUDE_RATIO_EXTREME']",development
N0.500:OGLE-LMC-CEP-0004:phase_scrambled_derd:011,OGLE-LMC-CEP-0004,0,phase_scrambled_derd,0.5,1.74683544389376,['RESIDUE_PHASE_CONSTRAINT_WEAK'],development
N0.500:OGLE-LMC-CEP-0005:derd_geometric:000,OGLE-LMC-CEP-0005,1,derd_geometric,0.5,0.8028623642042227,['RESIDUE_PHASE_CONSTRAINT_WEAK'],development
N0.500:OGLE-LMC-CEP-0005:derd_geometric:001,OGLE-LMC-CEP-0005,1,derd_geometric,0.5,1.7464348535258323,"['RESIDUE_SIGN_CONSTRAINT_FAILED', 'RESIDUE_PHASE_CONSTRAINT_WEAK']",development
N0.500:OGLE-LMC-CEP-0005:derd_geometric:002,OGLE-LMC-CEP-0005,1,derd_geometric,0.5,1.9101928449260916,"['RESIDUE_SIGN_CONSTRAINT_FAILED', 'RESIDUE_PHASE_CONSTRAINT_WEAK']",development
N0.500:OGLE-LMC-CEP-0005:derd_geometric:003,OGLE-LMC-CEP-0005,1,derd_geometric,0.5,0.5257935610100726,[],development
N0.500:OGLE-LMC-CEP-0005:derd_geometric:004,OGLE-LMC-CEP-0005,1,derd_geometric,0.5,1.6176777228864379,"['RESIDUE_SIGN_CONSTRAINT_FAILED', 'RESIDUE_PHASE_CONSTRAINT_WEAK']",development
N0.500:OGLE-LMC-CEP-0005:derd_geometric:005,OGLE-LMC-CEP-0005,1,derd_geometric,0.5,1.3066888145456184,['RESIDUE_PHASE_CONSTRAINT_WEAK'],development
N0.500:OGLE-LMC-CEP-0005:derd_geometric:006,OGLE-LMC-CEP-0005,1,derd_geometric,0.5,1.4587929962390178,['RESIDUE_PHASE_CONSTRAINT_WEAK'],development
N0.500:OGLE-LMC-CEP-0005:derd_geometric:007,OGLE-LMC-CEP-0005,1,derd_geometric,0.5,0.41219519400809235,['RESIDUE_PHASE_CONSTRAINT_WEAK'],development
N0.500:OGLE-LMC-CEP-0005:derd_geometric:008,OGLE-LMC-CEP-0005,1,derd_geometric,0.5,0.8663377323110217,[],development
N0.500:OGLE-LMC-CEP-0005:derd_geometric:009,OGLE-LMC-CEP-0005,1,derd_geometric,0.5,0.9400488348240756,[],development
N0.500:OGLE-LMC-CEP-0005:derd_geometric:010,OGLE-LMC-CEP-0005,1,derd_geometric,0.5,2.5921935090481982,"['ROOT_OUTSIDE_PHYSICAL_Q_DOMAIN', 'RESIDUE_SIGN_CONSTRAINT_FAILED', 'RESIDUE_PHASE_CONSTRAINT_WEAK', 'AMPLITUDE_RATIO_EXTREME']",holdout
N0.500:OGLE-LMC-CEP-0005:derd_geometric:011,OGLE-LMC-CEP-0005,1,derd_geometric,0.5,2.3585486275511816,"['RESIDUE_SIGN_CONSTRAINT_FAILED', 'RESIDUE_PHASE_CONSTRAINT_WEAK']",development
N0.500:OGLE-LMC-CEP-0005:generic_fourier:000,OGLE-LMC-CEP-0005,0,generic_fourier,0.5,2.546352790954543,['RESIDUE_PHASE_CONSTRAINT_WEAK'],holdout
N0.500:OGLE-LMC-CEP-0005:phase_scrambled_derd:001,OGLE-LMC-CEP-0005,0,phase_scrambled_derd,0.5,7.2880384818279405,"['ROOT_OUTSIDE_PHYSICAL_Q_DOMAIN', 'RESIDUE_PHASE_CONSTRAINT_WEAK', 'AMPLITUDE_RATIO_EXTREME']",development
N0.500:OGLE-LMC-CEP-0005:generic_fourier:002,OGLE-LMC-CEP-0005,0,generic_fourier,0.5,2.579287124229396,"['RESIDUE_SIGN_CONSTRAINT_FAILED', 'RESIDUE_PHASE_CONSTRAINT_WEAK']",holdout
N0.500:OGLE-LMC-CEP-0005:phase_scrambled_derd:003,OGLE-LMC-CEP-0005,0,phase_scrambled_derd,0.5,0.8053828122113236,['RESIDUE_PHASE_CONSTRAINT_WEAK'],development
N0.500:OGLE-LMC-CEP-0005:generic_fourier:004,OGLE-LMC-CEP-0005,0,generic_fourier,0.5,2.3677800713669557,"['RESIDUE_SIGN_CONSTRAINT_FAILED', 'RESIDUE_PHASE_CONSTRAINT_WEAK']",holdout
N0.500:OGLE-LMC-CEP-0005:phase_scrambled_derd:005,OGLE-LMC-CEP-0005,0,phase_scrambled_derd,0.5,2.6759896672485373,"['RESIDUE_SIGN_CONSTRAINT_FAILED', 'RESIDUE_PHASE_CONSTRAINT_WEAK']",development
N0.500:OGLE-LMC-CEP-0005:generic_fourier:006,OGLE-LMC-CEP-0005,0,generic_fourier,0.5,3.0506036619014574,['RESIDUE_PHASE_CONSTRAINT_WEAK'],development
N0.500:OGLE-LMC-CEP-0005:phase_scrambled_derd:007,OGLE-LMC-CEP-0005,0,phase_scrambled_derd,0.5,2.878647456202475,"['RESIDUE_SIGN_CONSTRAINT_FAILED', 'RESIDUE_PHASE_CONSTRAINT_WEAK']",development
N0.500:OGLE-LMC-CEP-0005:generic_fourier:008,OGLE-LMC-CEP-0005,0,generic_fourier,0.5,3.0035424325336018,"['RESIDUE_SIGN_CONSTRAINT_FAILED', 'RESIDUE_PHASE_CONSTRAINT_WEAK']",development
N0.500:OGLE-LMC-CEP-0005:phase_scrambled_derd:009,OGLE-LMC-CEP-0005,0,phase_scrambled_derd,0.5,7.409619969116398,"['ROOT_OUTSIDE_PHYSICAL_Q_DOMAIN', 'RESIDUE_SIGN_CONSTRAINT_FAILED', 'RESIDUE_PHASE_CONSTRAINT_WEAK', 'AMPLITUDE_RATIO_EXTREME']",development
N0.500:OGLE-LMC-CEP-0005:generic_fourier:010,OGLE-LMC-CEP-0005,0,generic_fourier,0.5,8.340156364175078,"['ROOT_OUTSIDE_PHYSICAL_Q_DOMAIN', 'RESIDUE_PHASE_CONSTRAINT_WEAK', 'AMPLITUDE_RATIO_EXTREME']",development
N0.500:OGLE-LMC-CEP-0005:phase_scrambled_derd:011,OGLE-LMC-CEP-0005,0,phase_scrambled_derd,0.5,2.322903348999309,"['RESIDUE_SIGN_CONSTRAINT_FAILED', 'RESIDUE_PHASE_CONSTRAINT_WEAK']",development
N0.500:OGLE-LMC-CEP-0006:derd_geometric:000,OGLE-LMC-CEP-0006,1,derd_geometric,0.5,3.937064915129172,"['ROOT_OUTSIDE_PHYSICAL_Q_DOMAIN', 'RESIDUE_SIGN_CONSTRAINT_FAILED', 'RESIDUE_PHASE_CONSTRAINT_WEAK', 'AMPLITUDE_RATIO_EXTREME']",development
N0.500:OGLE-LMC-CEP-0006:derd_geometric:001,OGLE-LMC-CEP-0006,1,derd_geometric,0.5,1.490941648697168,['RESIDUE_PHASE_CONSTRAINT_WEAK'],development
N0.500:OGLE-LMC-CEP-0006:derd_geometric:002,OGLE-LMC-CEP-0006,1,derd_geometric,0.5,2.1100405955102706,"['RESIDUE_SIGN_CONSTRAINT_FAILED', 'RESIDUE_PHASE_CONSTRAINT_WEAK']",development
N0.500:OGLE-LMC-CEP-0006:derd_geometric:003,OGLE-LMC-CEP-0006,1,derd_geometric,0.5,2.6275329299163945,"['RESIDUE_SIGN_CONSTRAINT_FAILED', 'RESIDUE_PHASE_CONSTRAINT_WEAK']",holdout
N0.500:OGLE-LMC-CEP-0006:derd_geometric:004,OGLE-LMC-CEP-0006,1,derd_geometric,0.5,4.905433689318473,"['ROOT_OUTSIDE_PHYSICAL_Q_DOMAIN', 'RESIDUE_PHASE_CONSTRAINT_WEAK', 'AMPLITUDE_RATIO_EXTREME']",development
N0.500:OGLE-LMC-CEP-0006:derd_geometric:005,OGLE-LMC-CEP-0006,1,derd_geometric,0.5,2.741989290578897,"['RESIDUE_SIGN_CONSTRAINT_FAILED', 'RESIDUE_PHASE_CONSTRAINT_WEAK']",development
N0.500:OGLE-LMC-CEP-0006:derd_geometric:006,OGLE-LMC-CEP-0006,1,derd_geometric,0.5,1.958831200206009,"['RESIDUE_SIGN_CONSTRAINT_FAILED', 'RESIDUE_PHASE_CONSTRAINT_WEAK']",development
N0.500:OGLE-LMC-CEP-0006:derd_geometric:007,OGLE-LMC-CEP-0006,1,derd_geometric,0.5,2.6958712934227624,['RESIDUE_SIGN_CONSTRAINT_FAILED'],development
N0.500:OGLE-LMC-CEP-0006:derd_geometric:008,OGLE-LMC-CEP-0006,1,derd_geometric,0.5,4.1094700011614025,"['ROOT_OUTSIDE_PHYSICAL_Q_DOMAIN', 'RESIDUE_PHASE_CONSTRAINT_WEAK', 'AMPLITUDE_RATIO_EXTREME']",development
N0.500:OGLE-LMC-CEP-0006:derd_geometric:009,OGLE-LMC-CEP-0006,1,derd_geometric,0.5,2.477275695958594,"['RESIDUE_SIGN_CONSTRAINT_FAILED', 'RESIDUE_PHASE_CONSTRAINT_WEAK']",holdout
N0.500:OGLE-LMC-CEP-0006:derd_geometric:010,OGLE-LMC-CEP-0006,1,derd_geometric,0.5,2.5334259499326586,['RESIDUE_SIGN_CONSTRAINT_FAILED'],development
N0.500:OGLE-LMC-CEP-0006:derd_geometric:011,OGLE-LMC-CEP-0006,1,derd_geometric,0.5,1.9212605011289021,[],development
N0.500:OGLE-LMC-CEP-0006:generic_fourier:000,OGLE-LMC-CEP-0006,0,generic_fourier,0.5,2.4419737521915548,['RESIDUE_PHASE_CONSTRAINT_WEAK'],holdout
N0.500:OGLE-LMC-CEP-0006:phase_scrambled_derd:001,OGLE-LMC-CEP-0006,0,phase_scrambled_derd,0.5,17.292819862255044,"['ROOT_OUTSIDE_PHYSICAL_Q_DOMAIN', 'RESIDUE_SIGN_CONSTRAINT_FAILED', 'RESIDUE_PHASE_CONSTRAINT_WEAK', 'AMPLITUDE_RATIO_EXTREME']",development
N0.500:OGLE-LMC-CEP-0006:generic_fourier:002,OGLE-LMC-CEP-0006,0,generic_fourier,0.5,7.141815913596996,"['ROOT_OUTSIDE_PHYSICAL_Q_DOMAIN', 'RESIDUE_PHASE_CONSTRAINT_WEAK', 'AMPLITUDE_RATIO_EXTREME']",development
N0.500:OGLE-LMC-CEP-0006:phase_scrambled_derd:003,OGLE-LMC-CEP-0006,0,phase_scrambled_derd,0.5,3.6790235022980857,"['ROOT_OUTSIDE_PHYSICAL_Q_DOMAIN', 'RESIDUE_SIGN_CONSTRAINT_FAILED', 'RESIDUE_PHASE_CONSTRAINT_WEAK', 'AMPLITUDE_RATIO_EXTREME']",development
N0.500:OGLE-LMC-CEP-0006:generic_fourier:004,OGLE-LMC-CEP-0006,0,generic_fourier,0.5,2.291790918498431,['RESIDUE_PHASE_CONSTRAINT_WEAK'],development
N0.500:OGLE-LMC-CEP-0006:phase_scrambled_derd:005,OGLE-LMC-CEP-0006,0,phase_scrambled_derd,0.5,2.816971199397871,"['RESIDUE_SIGN_CONSTRAINT_FAILED', 'RESIDUE_PHASE_CONSTRAINT_WEAK']",holdout
N0.500:OGLE-LMC-CEP-0006:generic_fourier:006,OGLE-LMC-CEP-0006,0,generic_fourier,0.5,4.338844575661911,"['ROOT_OUTSIDE_PHYSICAL_Q_DOMAIN', 'RESIDUE_SIGN_CONSTRAINT_FAILED', 'RESIDUE_PHASE_CONSTRAINT_WEAK', 'AMPLITUDE_RATIO_EXTREME']",development
N0.500:OGLE-LMC-CEP-0006:phase_scrambled_derd:007,OGLE-LMC-CEP-0006,0,phase_scrambled_derd,0.5,4.746445640727266,"['ROOT_OUTSIDE_PHYSICAL_Q_DOMAIN', 'RESIDUE_SIGN_CONSTRAINT_FAILED', 'RESIDUE_PHASE_CONSTRAINT_WEAK', 'AMPLITUDE_RATIO_EXTREME']",development
N0.500:OGLE-LMC-CEP-0006:generic_fourier:008,OGLE-LMC-CEP-0006,0,generic_fourier,0.5,8.267702724038026,"['ROOT_OUTSIDE_PHYSICAL_Q_DOMAIN', 'RESIDUE_PHASE_CONSTRAINT_WEAK', 'AMPLITUDE_RATIO_EXTREME']",development
N0.500:OGLE-LMC-CEP-0006:phase_scrambled_derd:009,OGLE-LMC-CEP-0006,0,phase_scrambled_derd,0.5,3.6702002771305873,"['ROOT_OUTSIDE_PHYSICAL_Q_DOMAIN', 'RESIDUE_PHASE_CONSTRAINT_WEAK', 'AMPLITUDE_RATIO_EXTREME']",development
N0.500:OGLE-LMC-CEP-0006:generic_fourier:010,OGLE-LMC-CEP-0006,0,generic_fourier,0.5,5.867099362647208,"['ROOT_OUTSIDE_PHYSICAL_Q_DOMAIN', 'RESIDUE_SIGN_CONSTRAINT_FAILED', 'RESIDUE_PHASE_CONSTRAINT_WEAK', 'AMPLITUDE_RATIO_EXTREME']",development
N0.500:OGLE-LMC-CEP-0006:phase_scrambled_derd:011,OGLE-LMC-CEP-0006,0,phase_scrambled_derd,0.5,2.918267004336649,"['RESIDUE_SIGN_CONSTRAINT_FAILED', 'RESIDUE_PHASE_CONSTRAINT_WEAK']",development
N0.500:OGLE-LMC-CEP-0007:derd_geometric:000,OGLE-LMC-CEP-0007,1,derd_geometric,0.5,2.2360110190253204,"['RESIDUE_SIGN_CONSTRAINT_FAILED', 'RESIDUE_PHASE_CONSTRAINT_WEAK']",development
N0.500:OGLE-LMC-CEP-0007:derd_geometric:001,OGLE-LMC-CEP-0007,1,derd_geometric,0.5,2.277953874559696,"['RESIDUE_SIGN_CONSTRAINT_FAILED', 'RESIDUE_PHASE_CONSTRAINT_WEAK']",development
N0.500:OGLE-LMC-CEP-0007:derd_geometric:002,OGLE-LMC-CEP-0007,1,derd_geometric,0.5,5.367914362873706,"['ROOT_OUTSIDE_PHYSICAL_Q_DOMAIN', 'RESIDUE_PHASE_CONSTRAINT_WEAK', 'AMPLITUDE_RATIO_EXTREME']",development
N0.500:OGLE-LMC-CEP-0007:derd_geometric:003,OGLE-LMC-CEP-0007,1,derd_geometric,0.5,2.8949936215710497,"['RESIDUE_SIGN_CONSTRAINT_FAILED', 'RESIDUE_PHASE_CONSTRAINT_WEAK']",development
N0.500:OGLE-LMC-CEP-0007:derd_geometric:004,OGLE-LMC-CEP-0007,1,derd_geometric,0.5,2.3122412047126804,"['RESIDUE_SIGN_CONSTRAINT_FAILED', 'RESIDUE_PHASE_CONSTRAINT_WEAK']",development
N0.500:OGLE-LMC-CEP-0007:derd_geometric:005,OGLE-LMC-CEP-0007,1,derd_geometric,0.5,1.3326890561651303,['RESIDUE_PHASE_CONSTRAINT_WEAK'],development
N0.500:OGLE-LMC-CEP-0007:derd_geometric:006,OGLE-LMC-CEP-0007,1,derd_geometric,0.5,2.180518598590754,['RESIDUE_PHASE_CONSTRAINT_WEAK'],development
N0.500:OGLE-LMC-CEP-0007:derd_geometric:007,OGLE-LMC-CEP-0007,1,derd_geometric,0.5,9.080470435402018,"['ROOT_OUTSIDE_PHYSICAL_Q_DOMAIN', 'RESIDUE_SIGN_CONSTRAINT_FAILED', 'AMPLITUDE_RATIO_EXTREME']",development
N0.500:OGLE-LMC-CEP-0007:derd_geometric:008,OGLE-LMC-CEP-0007,1,derd_geometric,0.5,5.2447836657592894,"['ROOT_OUTSIDE_PHYSICAL_Q_DOMAIN', 'RESIDUE_SIGN_CONSTRAINT_FAILED', 'RESIDUE_PHASE_CONSTRAINT_WEAK', 'AMPLITUDE_RATIO_EXTREME']",development
N0.500:OGLE-LMC-CEP-0007:derd_geometric:009,OGLE-LMC-CEP-0007,1,derd_geometric,0.5,2.9106589033316403,"['RESIDUE_SIGN_CONSTRAINT_FAILED', 'RESIDUE_PHASE_CONSTRAINT_WEAK']",development
N0.500:OGLE-LMC-CEP-0007:derd_geometric:010,OGLE-LMC-CEP-0007,1,derd_geometric,0.5,2.6498736670037153,"['RESIDUE_SIGN_CONSTRAINT_FAILED', 'RESIDUE_PHASE_CONSTRAINT_WEAK']",holdout
N0.500:OGLE-LMC-CEP-0007:derd_geometric:011,OGLE-LMC-CEP-0007,1,derd_geometric,0.5,3.1097858963959886,"['ROOT_OUTSIDE_PHYSICAL_Q_DOMAIN', 'RESIDUE_PHASE_CONSTRAINT_WEAK', 'AMPLITUDE_RATIO_EXTREME']",development
N0.500:OGLE-LMC-CEP-0007:generic_fourier:000,OGLE-LMC-CEP-0007,0,generic_fourier,0.5,2.24057269901028,['RESIDUE_PHASE_CONSTRAINT_WEAK'],development
N0.500:OGLE-LMC-CEP-0007:phase_scrambled_derd:001,OGLE-LMC-CEP-0007,0,phase_scrambled_derd,0.5,2.0847832189587137,['RESIDUE_PHASE_CONSTRAINT_WEAK'],development
N0.500:OGLE-LMC-CEP-0007:generic_fourier:002,OGLE-LMC-CEP-0007,0,generic_fourier,0.5,7.046479390950915,"['ROOT_OUTSIDE_PHYSICAL_Q_DOMAIN', 'RESIDUE_SIGN_CONSTRAINT_FAILED', 'RESIDUE_PHASE_CONSTRAINT_WEAK', 'AMPLITUDE_RATIO_EXTREME']",development
N0.500:OGLE-LMC-CEP-0007:phase_scrambled_derd:003,OGLE-LMC-CEP-0007,0,phase_scrambled_derd,0.5,0.9296864533721501,[],development
N0.500:OGLE-LMC-CEP-0007:generic_fourier:004,OGLE-LMC-CEP-0007,0,generic_fourier,0.5,2.1908374292185075,['RESIDUE_PHASE_CONSTRAINT_WEAK'],holdout
N0.500:OGLE-LMC-CEP-0007:phase_scrambled_derd:005,OGLE-LMC-CEP-0007,0,phase_scrambled_derd,0.5,113.1229466160813,"['ROOT_OUTSIDE_PHYSICAL_Q_DOMAIN', 'RESIDUE_SIGN_CONSTRAINT_FAILED', 'RESIDUE_PHASE_CONSTRAINT_WEAK', 'AMPLITUDE_RATIO_EXTREME']",development
N0.500:OGLE-LMC-CEP-0007:generic_fourier:006,OGLE-LMC-CEP-0007,0,generic_fourier,0.5,1.7299727665258404,['RESIDUE_PHASE_CONSTRAINT_WEAK'],development
N0.500:OGLE-LMC-CEP-0007:phase_scrambled_derd:007,OGLE-LMC-CEP-0007,0,phase_scrambled_derd,0.5,20.79052156541126,"['ROOT_OUTSIDE_PHYSICAL_Q_DOMAIN', 'RESIDUE_SIGN_CONSTRAINT_FAILED', 'RESIDUE_PHASE_CONSTRAINT_WEAK', 'AMPLITUDE_RATIO_EXTREME']",development
N0.500:OGLE-LMC-CEP-0007:generic_fourier:008,OGLE-LMC-CEP-0007,0,generic_fourier,0.5,2.824392798117613,"['RESIDUE_SIGN_CONSTRAINT_FAILED', 'RESIDUE_PHASE_CONSTRAINT_WEAK']",holdout
N0.500:OGLE-LMC-CEP-0007:phase_scrambled_derd:009,OGLE-LMC-CEP-0007,0,phase_scrambled_derd,0.5,1.8205379034872553,['RESIDUE_PHASE_CONSTRAINT_WEAK'],holdout
N0.500:OGLE-LMC-CEP-0007:generic_fourier:010,OGLE-LMC-CEP-0007,0,generic_fourier,0.5,3.85824700425281,"['ROOT_OUTSIDE_PHYSICAL_Q_DOMAIN', 'RESIDUE_PHASE_CONSTRAINT_WEAK', 'AMPLITUDE_RATIO_EXTREME']",development
N0.500:OGLE-LMC-CEP-0007:phase_scrambled_derd:011,OGLE-LMC-CEP-0007,0,phase_scrambled_derd,0.5,2.9116810636041026,"['RESIDUE_SIGN_CONSTRAINT_FAILED', 'RESIDUE_PHASE_CONSTRAINT_WEAK']",holdout
N0.500:OGLE-LMC-CEP-0009:derd_geometric:000,OGLE-LMC-CEP-0009,1,derd_geometric,0.5,2.981289660671827,"['RESIDUE_SIGN_CONSTRAINT_FAILED', 'RESIDUE_PHASE_CONSTRAINT_WEAK']",development
N0.500:OGLE-LMC-CEP-0009:derd_geometric:001,OGLE-LMC-CEP-0009,1,derd_geometric,0.5,3.8609204977636558,"['ROOT_OUTSIDE_PHYSICAL_Q_DOMAIN', 'RESIDUE_PHASE_CONSTRAINT_WEAK', 'AMPLITUDE_RATIO_EXTREME']",development
N0.500:OGLE-LMC-CEP-0009:derd_geometric:002,OGLE-LMC-CEP-0009,1,derd_geometric,0.5,16.596196960618826,"['ROOT_OUTSIDE_PHYSICAL_Q_DOMAIN', 'RESIDUE_PHASE_CONSTRAINT_WEAK', 'AMPLITUDE_RATIO_EXTREME']",development
N0.500:OGLE-LMC-CEP-0009:derd_geometric:003,OGLE-LMC-CEP-0009,1,derd_geometric,0.5,1.5402674053455023,['RESIDUE_PHASE_CONSTRAINT_WEAK'],development
N0.500:OGLE-LMC-CEP-0009:derd_geometric:004,OGLE-LMC-CEP-0009,1,derd_geometric,0.5,2.8117049051054956,"['RESIDUE_SIGN_CONSTRAINT_FAILED', 'RESIDUE_PHASE_CONSTRAINT_WEAK']",holdout
N0.500:OGLE-LMC-CEP-0009:derd_geometric:005,OGLE-LMC-CEP-0009,1,derd_geometric,0.5,2.7470820410727916,"['RESIDUE_SIGN_CONSTRAINT_FAILED', 'RESIDUE_PHASE_CONSTRAINT_WEAK']",development
N0.500:OGLE-LMC-CEP-0009:derd_geometric:006,OGLE-LMC-CEP-0009,1,derd_geometric,0.5,5.218095438411121,"['ROOT_OUTSIDE_PHYSICAL_Q_DOMAIN', 'RESIDUE_PHASE_CONSTRAINT_WEAK', 'AMPLITUDE_RATIO_EXTREME']",development
N0.500:OGLE-LMC-CEP-0009:derd_geometric:007,OGLE-LMC-CEP-0009,1,derd_geometric,0.5,5.822199834369752,"['ROOT_OUTSIDE_PHYSICAL_Q_DOMAIN', 'RESIDUE_PHASE_CONSTRAINT_WEAK', 'AMPLITUDE_RATIO_EXTREME']",development
N0.500:OGLE-LMC-CEP-0009:derd_geometric:008,OGLE-LMC-CEP-0009,1,derd_geometric,0.5,2.2535447250957295,"['RESIDUE_SIGN_CONSTRAINT_FAILED', 'RESIDUE_PHASE_CONSTRAINT_WEAK']",development
N0.500:OGLE-LMC-CEP-0009:derd_geometric:009,OGLE-LMC-CEP-0009,1,derd_geometric,0.5,2.9469977132143543,"['RESIDUE_SIGN_CONSTRAINT_FAILED', 'RESIDUE_PHASE_CONSTRAINT_WEAK']",development
N0.500:OGLE-LMC-CEP-0009:derd_geometric:010,OGLE-LMC-CEP-0009,1,derd_geometric,0.5,3.9187807490355206,"['ROOT_OUTSIDE_PHYSICAL_Q_DOMAIN', 'RESIDUE_SIGN_CONSTRAINT_FAILED', 'RESIDUE_PHASE_CONSTRAINT_WEAK', 'AMPLITUDE_RATIO_EXTREME']",development
N0.500:OGLE-LMC-CEP-0009:derd_geometric:011,OGLE-LMC-CEP-0009,1,derd_geometric,0.5,0.926551319318835,[],holdout
N0.500:OGLE-LMC-CEP-0009:generic_fourier:000,OGLE-LMC-CEP-0009,0,generic_fourier,0.5,7.542151853374867,['ROOT_OUTSIDE_PHYSICAL_Q_DOMAIN'],development
N0.500:OGLE-LMC-CEP-0009:phase_scrambled_derd:001,OGLE-LMC-CEP-0009,0,phase_scrambled_derd,0.5,2.7410450670984514,['RESIDUE_PHASE_CONSTRAINT_WEAK'],holdout
N0.500:OGLE-LMC-CEP-0009:generic_fourier:002,OGLE-LMC-CEP-0009,0,generic_fourier,0.5,2.518262802496379,"['RESIDUE_SIGN_CONSTRAINT_FAILED', 'RESIDUE_PHASE_CONSTRAINT_WEAK']",development
N0.500:OGLE-LMC-CEP-0009:phase_scrambled_derd:003,OGLE-LMC-CEP-0009,0,phase_scrambled_derd,0.5,2.9370531545330647,"['RESIDUE_SIGN_CONSTRAINT_FAILED', 'RESIDUE_PHASE_CONSTRAINT_WEAK']",development
N0.500:OGLE-LMC-CEP-0009:generic_fourier:004,OGLE-LMC-CEP-0009,0,generic_fourier,0.5,3.0065591753784853,"['RESIDUE_SIGN_CONSTRAINT_FAILED', 'RESIDUE_PHASE_CONSTRAINT_WEAK']",development
N0.500:OGLE-LMC-CEP-0009:phase_scrambled_derd:005,OGLE-LMC-CEP-0009,0,phase_scrambled_derd,0.5,2.057065737936466,[],development
N0.500:OGLE-LMC-CEP-0009:generic_fourier:006,OGLE-LMC-CEP-0009,0,generic_fourier,0.5,2.6220283465511236,"['RESIDUE_SIGN_CONSTRAINT_FAILED', 'RESIDUE_PHASE_CONSTRAINT_WEAK']",development
N0.500:OGLE-LMC-CEP-0009:phase_scrambled_derd:007,OGLE-LMC-CEP-0009,0,phase_scrambled_derd,0.5,6.7696140474524364,"['ROOT_OUTSIDE_PHYSICAL_Q_DOMAIN', 'RESIDUE_PHASE_CONSTRAINT_WEAK', 'AMPLITUDE_RATIO_EXTREME']",development
N0.500:OGLE-LMC-CEP-0009:generic_fourier:008,OGLE-LMC-CEP-0009,0,generic_fourier,0.5,9.313053799690046,"['ROOT_OUTSIDE_PHYSICAL_Q_DOMAIN', 'RESIDUE_SIGN_CONSTRAINT_FAILED', 'RESIDUE_PHASE_CONSTRAINT_WEAK', 'AMPLITUDE_RATIO_EXTREME']",development
N0.500:OGLE-LMC-CEP-0009:phase_scrambled_derd:009,OGLE-LMC-CEP-0009,0,phase_scrambled_derd,0.5,5.702912431377396,"['ROOT_OUTSIDE_PHYSICAL_Q_DOMAIN', 'RESIDUE_PHASE_CONSTRAINT_WEAK', 'AMPLITUDE_RATIO_EXTREME']",development
N0.500:OGLE-LMC-CEP-0009:generic_fourier:010,OGLE-LMC-CEP-0009,0,generic_fourier,0.5,2.4445494208671406,"['RESIDUE_SIGN_CONSTRAINT_FAILED', 'RESIDUE_PHASE_CONSTRAINT_WEAK']",development
N0.500:OGLE-LMC-CEP-0009:phase_scrambled_derd:011,OGLE-LMC-CEP-0009,0,phase_scrambled_derd,0.5,6.370199031520765,"['ROOT_OUTSIDE_PHYSICAL_Q_DOMAIN', 'RESIDUE_PHASE_CONSTRAINT_WEAK', 'AMPLITUDE_RATIO_EXTREME']",holdout
N0.500:OGLE-LMC-CEP-0010:derd_geometric:000,OGLE-LMC-CEP-0010,1,derd_geometric,0.5,0.8331373094634822,['RESIDUE_PHASE_CONSTRAINT_WEAK'],development
N0.500:OGLE-LMC-CEP-0010:derd_geometric:001,OGLE-LMC-CEP-0010,1,derd_geometric,0.5,0.5135623718768022,['RESIDUE_PHASE_CONSTRAINT_WEAK'],development
N0.500:OGLE-LMC-CEP-0010:derd_geometric:002,OGLE-LMC-CEP-0010,1,derd_geometric,0.5,1.7641824765450846,['RESIDUE_PHASE_CONSTRAINT_WEAK'],development
N0.500:OGLE-LMC-CEP-0010:derd_geometric:003,OGLE-LMC-CEP-0010,1,derd_geometric,0.5,6.34984728353669,"['ROOT_OUTSIDE_PHYSICAL_Q_DOMAIN', 'RESIDUE_SIGN_CONSTRAINT_FAILED', 'RESIDUE_PHASE_CONSTRAINT_WEAK', 'AMPLITUDE_RATIO_EXTREME']",development
N0.500:OGLE-LMC-CEP-0010:derd_geometric:004,OGLE-LMC-CEP-0010,1,derd_geometric,0.5,1.102289931357675,"['RESIDUE_SIGN_CONSTRAINT_FAILED', 'RESIDUE_PHASE_CONSTRAINT_WEAK']",holdout
N0.500:OGLE-LMC-CEP-0010:derd_geometric:005,OGLE-LMC-CEP-0010,1,derd_geometric,0.5,2.5325749433740548,"['RESIDUE_SIGN_CONSTRAINT_FAILED', 'RESIDUE_PHASE_CONSTRAINT_WEAK']",development
N0.500:OGLE-LMC-CEP-0010:derd_geometric:006,OGLE-LMC-CEP-0010,1,derd_geometric,0.5,1.7292988441809163,"['RESIDUE_SIGN_CONSTRAINT_FAILED', 'RESIDUE_PHASE_CONSTRAINT_WEAK']",development
N0.500:OGLE-LMC-CEP-0010:derd_geometric:007,OGLE-LMC-CEP-0010,1,derd_geometric,0.5,1.8200313034082545,['RESIDUE_PHASE_CONSTRAINT_WEAK'],development
N0.500:OGLE-LMC-CEP-0010:derd_geometric:008,OGLE-LMC-CEP-0010,1,derd_geometric,0.5,1.0582949402308781,['RESIDUE_PHASE_CONSTRAINT_WEAK'],development
N0.500:OGLE-LMC-CEP-0010:derd_geometric:009,OGLE-LMC-CEP-0010,1,derd_geometric,0.5,1.5544540574553944,"['RESIDUE_SIGN_CONSTRAINT_FAILED', 'RESIDUE_PHASE_CONSTRAINT_WEAK']",holdout
N0.500:OGLE-LMC-CEP-0010:derd_geometric:010,OGLE-LMC-CEP-0010,1,derd_geometric,0.5,1.2592558374467486,['RESIDUE_PHASE_CONSTRAINT_WEAK'],development
N0.500:OGLE-LMC-CEP-0010:derd_geometric:011,OGLE-LMC-CEP-0010,1,derd_geometric,0.5,0.9879106165013802,[],development
N0.500:OGLE-LMC-CEP-0010:generic_fourier:000,OGLE-LMC-CEP-0010,0,generic_fourier,0.5,12.274148698218163,"['ROOT_OUTSIDE_PHYSICAL_Q_DOMAIN', 'RESIDUE_PHASE_CONSTRAINT_WEAK', 'AMPLITUDE_RATIO_EXTREME']",development
N0.500:OGLE-LMC-CEP-0010:phase_scrambled_derd:001,OGLE-LMC-CEP-0010,0,phase_scrambled_derd,0.5,6.916557753287533,"['ROOT_OUTSIDE_PHYSICAL_Q_DOMAIN', 'RESIDUE_PHASE_CONSTRAINT_WEAK', 'AMPLITUDE_RATIO_EXTREME']",holdout
N0.500:OGLE-LMC-CEP-0010:generic_fourier:002,OGLE-LMC-CEP-0010,0,generic_fourier,0.5,2.283449299561049,"['RESIDUE_SIGN_CONSTRAINT_FAILED', 'RESIDUE_PHASE_CONSTRAINT_WEAK']",development
N0.500:OGLE-LMC-CEP-0010:phase_scrambled_derd:003,OGLE-LMC-CEP-0010,0,phase_scrambled_derd,0.5,2.1407223525437593,"['RESIDUE_SIGN_CONSTRAINT_FAILED', 'RESIDUE_PHASE_CONSTRAINT_WEAK']",development
N0.500:OGLE-LMC-CEP-0010:generic_fourier:004,OGLE-LMC-CEP-0010,0,generic_fourier,0.5,2.2009024309429117,['RESIDUE_SIGN_CONSTRAINT_FAILED'],development
N0.500:OGLE-LMC-CEP-0010:phase_scrambled_derd:005,OGLE-LMC-CEP-0010,0,phase_scrambled_derd,0.5,2.556307661933702,"['RESIDUE_SIGN_CONSTRAINT_FAILED', 'RESIDUE_PHASE_CONSTRAINT_WEAK']",development
N0.500:OGLE-LMC-CEP-0010:generic_fourier:006,OGLE-LMC-CEP-0010,0,generic_fourier,0.5,2.824957976537411,"['RESIDUE_SIGN_CONSTRAINT_FAILED', 'RESIDUE_PHASE_CONSTRAINT_WEAK']",holdout
N0.500:OGLE-LMC-CEP-0010:phase_scrambled_derd:007,OGLE-LMC-CEP-0010,0,phase_scrambled_derd,0.5,2.5794121616867347,['RESIDUE_PHASE_CONSTRAINT_WEAK'],development
N0.500:OGLE-LMC-CEP-0010:generic_fourier:008,OGLE-LMC-CEP-0010,0,generic_fourier,0.5,2.1038664432176994,['RESIDUE_PHASE_CONSTRAINT_WEAK'],development
N0.500:OGLE-LMC-CEP-0010:phase_scrambled_derd:009,OGLE-LMC-CEP-0010,0,phase_scrambled_derd,0.5,1.7449691705391328,"['RESIDUE_SIGN_CONSTRAINT_FAILED', 'RESIDUE_PHASE_CONSTRAINT_WEAK']",development
N0.500:OGLE-LMC-CEP-0010:generic_fourier:010,OGLE-LMC-CEP-0010,0,generic_fourier,0.5,2.5803148270924634,['RESIDUE_PHASE_CONSTRAINT_WEAK'],development
N0.500:OGLE-LMC-CEP-0010:phase_scrambled_derd:011,OGLE-LMC-CEP-0010,0,phase_scrambled_derd,0.5,2.487877529459157,"['RESIDUE_SIGN_CONSTRAINT_FAILED', 'RESIDUE_PHASE_CONSTRAINT_WEAK']",holdout
N0.500:OGLE-LMC-CEP-0012:derd_geometric:000,OGLE-LMC-CEP-0012,1,derd_geometric,0.5,3.305696742868635,"['ROOT_OUTSIDE_PHYSICAL_Q_DOMAIN', 'RESIDUE_SIGN_CONSTRAINT_FAILED', 'RESIDUE_PHASE_CONSTRAINT_WEAK', 'AMPLITUDE_RATIO_EXTREME']",holdout
N0.500:OGLE-LMC-CEP-0012:derd_geometric:001,OGLE-LMC-CEP-0012,1,derd_geometric,0.5,8.343685594404223,"['ROOT_OUTSIDE_PHYSICAL_Q_DOMAIN', 'RESIDUE_SIGN_CONSTRAINT_FAILED', 'AMPLITUDE_RATIO_EXTREME']",development
N0.500:OGLE-LMC-CEP-0012:derd_geometric:002,OGLE-LMC-CEP-0012,1,derd_geometric,0.5,8.848959414161566,"['ROOT_OUTSIDE_PHYSICAL_Q_DOMAIN', 'RESIDUE_PHASE_CONSTRAINT_WEAK', 'AMPLITUDE_RATIO_EXTREME']",development
N0.500:OGLE-LMC-CEP-0012:derd_geometric:003,OGLE-LMC-CEP-0012,1,derd_geometric,0.5,8.565749752935615,"['ROOT_OUTSIDE_PHYSICAL_Q_DOMAIN', 'RESIDUE_PHASE_CONSTRAINT_WEAK', 'AMPLITUDE_RATIO_EXTREME']",development
N0.500:OGLE-LMC-CEP-0012:derd_geometric:004,OGLE-LMC-CEP-0012,1,derd_geometric,0.5,2.6128114382240217,"['RESIDUE_SIGN_CONSTRAINT_FAILED', 'RESIDUE_PHASE_CONSTRAINT_WEAK']",holdout
N0.500:OGLE-LMC-CEP-0012:derd_geometric:005,OGLE-LMC-CEP-0012,1,derd_geometric,0.5,33.48829462870745,"['ROOT_OUTSIDE_PHYSICAL_Q_DOMAIN', 'RESIDUE_PHASE_CONSTRAINT_WEAK', 'AMPLITUDE_RATIO_EXTREME']",development
N0.500:OGLE-LMC-CEP-0012:derd_geometric:006,OGLE-LMC-CEP-0012,1,derd_geometric,0.5,37.12320008442707,"['ROOT_OUTSIDE_PHYSICAL_Q_DOMAIN', 'RESIDUE_PHASE_CONSTRAINT_WEAK', 'AMPLITUDE_RATIO_EXTREME']",development
N0.500:OGLE-LMC-CEP-0012:derd_geometric:007,OGLE-LMC-CEP-0012,1,derd_geometric,0.5,2.038190446129212,"['RESIDUE_SIGN_CONSTRAINT_FAILED', 'RESIDUE_PHASE_CONSTRAINT_WEAK']",development
N0.500:OGLE-LMC-CEP-0012:derd_geometric:008,OGLE-LMC-CEP-0012,1,derd_geometric,0.5,2.9831638533685503,"['RESIDUE_SIGN_CONSTRAINT_FAILED', 'RESIDUE_PHASE_CONSTRAINT_WEAK']",development
N0.500:OGLE-LMC-CEP-0012:derd_geometric:009,OGLE-LMC-CEP-0012,1,derd_geometric,0.5,1.9762970242794375,['RESIDUE_SIGN_CONSTRAINT_FAILED'],development
N0.500:OGLE-LMC-CEP-0012:derd_geometric:010,OGLE-LMC-CEP-0012,1,derd_geometric,0.5,12.109638816550733,"['ROOT_OUTSIDE_PHYSICAL_Q_DOMAIN', 'RESIDUE_PHASE_CONSTRAINT_WEAK', 'AMPLITUDE_RATIO_EXTREME']",development
N0.500:OGLE-LMC-CEP-0012:derd_geometric:011,OGLE-LMC-CEP-0012,1,derd_geometric,0.5,2.902042127311943,"['RESIDUE_SIGN_CONSTRAINT_FAILED', 'RESIDUE_PHASE_CONSTRAINT_WEAK']",holdout
N0.500:OGLE-LMC-CEP-0012:generic_fourier:000,OGLE-LMC-CEP-0012,0,generic_fourier,0.5,2.274764838695073,['RESIDUE_PHASE_CONSTRAINT_WEAK'],development
N0.500:OGLE-LMC-CEP-0012:phase_scrambled_derd:001,OGLE-LMC-CEP-0012,0,phase_scrambled_derd,0.5,2.9417154990875365,"['RESIDUE_SIGN_CONSTRAINT_FAILED', 'RESIDUE_PHASE_CONSTRAINT_WEAK']",development
N0.500:OGLE-LMC-CEP-0012:generic_fourier:002,OGLE-LMC-CEP-0012,0,generic_fourier,0.5,3.007251298151545,"['RESIDUE_SIGN_CONSTRAINT_FAILED', 'RESIDUE_PHASE_CONSTRAINT_WEAK']",development
N0.500:OGLE-LMC-CEP-0012:phase_scrambled_derd:003,OGLE-LMC-CEP-0012,0,phase_scrambled_derd,0.5,1.2066378283650283,[],holdout
N0.500:OGLE-LMC-CEP-0012:generic_fourier:004,OGLE-LMC-CEP-0012,0,generic_fourier,0.5,3.6241145706196867,"['ROOT_OUTSIDE_PHYSICAL_Q_DOMAIN', 'RESIDUE_SIGN_CONSTRAINT_FAILED', 'AMPLITUDE_RATIO_EXTREME']",holdout
N0.500:OGLE-LMC-CEP-0012:phase_scrambled_derd:005,OGLE-LMC-CEP-0012,0,phase_scrambled_derd,0.5,6.648448807133209,"['ROOT_OUTSIDE_PHYSICAL_Q_DOMAIN', 'RESIDUE_PHASE_CONSTRAINT_WEAK', 'AMPLITUDE_RATIO_EXTREME']",development
N0.500:OGLE-LMC-CEP-0012:generic_fourier:006,OGLE-LMC-CEP-0012,0,generic_fourier,0.5,2.420126510783336,['RESIDUE_PHASE_CONSTRAINT_WEAK'],development
N0.500:OGLE-LMC-CEP-0012:phase_scrambled_derd:007,OGLE-LMC-CEP-0012,0,phase_scrambled_derd,0.5,5.904166250104522,"['ROOT_OUTSIDE_PHYSICAL_Q_DOMAIN', 'RESIDUE_PHASE_CONSTRAINT_WEAK', 'AMPLITUDE_RATIO_EXTREME']",holdout
N0.500:OGLE-LMC-CEP-0012:generic_fourier:008,OGLE-LMC-CEP-0012,0,generic_fourier,0.5,12.637437835998236,"['ROOT_OUTSIDE_PHYSICAL_Q_DOMAIN', 'RESIDUE_SIGN_CONSTRAINT_FAILED', 'RESIDUE_PHASE_CONSTRAINT_WEAK', 'AMPLITUDE_RATIO_EXTREME']",development
N0.500:OGLE-LMC-CEP-0012:phase_scrambled_derd:009,OGLE-LMC-CEP-0012,0,phase_scrambled_derd,0.5,1.9194673581739576,['RESIDUE_PHASE_CONSTRAINT_WEAK'],holdout
N0.500:OGLE-LMC-CEP-0012:generic_fourier:010,OGLE-LMC-CEP-0012,0,generic_fourier,0.5,10.335771223965931,"['ROOT_OUTSIDE_PHYSICAL_Q_DOMAIN', 'RESIDUE_SIGN_CONSTRAINT_FAILED', 'RESIDUE_PHASE_CONSTRAINT_WEAK', 'AMPLITUDE_RATIO_EXTREME']",development
N0.500:OGLE-LMC-CEP-0012:phase_scrambled_derd:011,OGLE-LMC-CEP-0012,0,phase_scrambled_derd,0.5,27.878901885348288,"['ROOT_OUTSIDE_PHYSICAL_Q_DOMAIN', 'RESIDUE_SIGN_CONSTRAINT_FAILED', 'RESIDUE_PHASE_CONSTRAINT_WEAK', 'AMPLITUDE_RATIO_EXTREME']",holdout
N0.500:OGLE-LMC-CEP-0013:derd_geometric:000,OGLE-LMC-CEP-0013,1,derd_geometric,0.5,38.875233336462486,"['ROOT_OUTSIDE_PHYSICAL_Q_DOMAIN', 'RESIDUE_SIGN_CONSTRAINT_FAILED', 'RESIDUE_PHASE_CONSTRAINT_WEAK', 'AMPLITUDE_RATIO_EXTREME']",development
N0.500:OGLE-LMC-CEP-0013:derd_geometric:001,OGLE-LMC-CEP-0013,1,derd_geometric,0.5,5.114032333801148,"['ROOT_OUTSIDE_PHYSICAL_Q_DOMAIN', 'RESIDUE_SIGN_CONSTRAINT_FAILED', 'RESIDUE_PHASE_CONSTRAINT_WEAK', 'AMPLITUDE_RATIO_EXTREME']",development
N0.500:OGLE-LMC-CEP-0013:derd_geometric:002,OGLE-LMC-CEP-0013,1,derd_geometric,0.5,4.311583208686193,"['RESIDUE_SIGN_CONSTRAINT_FAILED', 'RESIDUE_PHASE_CONSTRAINT_WEAK']",holdout
N0.500:OGLE-LMC-CEP-0013:derd_geometric:003,OGLE-LMC-CEP-0013,1,derd_geometric,0.5,5.184907125265369,"['ROOT_OUTSIDE_PHYSICAL_Q_DOMAIN', 'RESIDUE_SIGN_CONSTRAINT_FAILED', 'RESIDUE_PHASE_CONSTRAINT_WEAK', 'AMPLITUDE_RATIO_EXTREME']",development
N0.500:OGLE-LMC-CEP-0013:derd_geometric:004,OGLE-LMC-CEP-0013,1,derd_geometric,0.5,2.522039111216001,['RESIDUE_PHASE_CONSTRAINT_WEAK'],development
N0.500:OGLE-LMC-CEP-0013:derd_geometric:005,OGLE-LMC-CEP-0013,1,derd_geometric,0.5,2.9327395199450352,"['RESIDUE_SIGN_CONSTRAINT_FAILED', 'RESIDUE_PHASE_CONSTRAINT_WEAK']",development
N0.500:OGLE-LMC-CEP-0013:derd_geometric:006,OGLE-LMC-CEP-0013,1,derd_geometric,0.5,2.782325487908533,"['RESIDUE_SIGN_CONSTRAINT_FAILED', 'RESIDUE_PHASE_CONSTRAINT_WEAK']",development
N0.500:OGLE-LMC-CEP-0013:derd_geometric:007,OGLE-LMC-CEP-0013,1,derd_geometric,0.5,15.421743654946034,"['ROOT_OUTSIDE_PHYSICAL_Q_DOMAIN', 'RESIDUE_SIGN_CONSTRAINT_FAILED', 'RESIDUE_PHASE_CONSTRAINT_WEAK', 'AMPLITUDE_RATIO_EXTREME']",holdout
N0.500:OGLE-LMC-CEP-0013:derd_geometric:008,OGLE-LMC-CEP-0013,1,derd_geometric,0.5,2.155566504265299,['RESIDUE_SIGN_CONSTRAINT_FAILED'],development
N0.500:OGLE-LMC-CEP-0013:derd_geometric:009,OGLE-LMC-CEP-0013,1,derd_geometric,0.5,2.818747539071365,"['RESIDUE_SIGN_CONSTRAINT_FAILED', 'RESIDUE_PHASE_CONSTRAINT_WEAK']",development
N0.500:OGLE-LMC-CEP-0013:derd_geometric:010,OGLE-LMC-CEP-0013,1,derd_geometric,0.5,1.4345824837273478,['RESIDUE_PHASE_CONSTRAINT_WEAK'],holdout
N0.500:OGLE-LMC-CEP-0013:derd_geometric:011,OGLE-LMC-CEP-0013,1,derd_geometric,0.5,2.8970795871146233,"['RESIDUE_SIGN_CONSTRAINT_FAILED', 'RESIDUE_PHASE_CONSTRAINT_WEAK']",holdout
N0.500:OGLE-LMC-CEP-0013:generic_fourier:000,OGLE-LMC-CEP-0013,0,generic_fourier,0.5,2.9649063403283296,['RESIDUE_PHASE_CONSTRAINT_WEAK'],development
N0.500:OGLE-LMC-CEP-0013:phase_scrambled_derd:001,OGLE-LMC-CEP-0013,0,phase_scrambled_derd,0.5,2.6677510021341377,"['RESIDUE_SIGN_CONSTRAINT_FAILED', 'RESIDUE_PHASE_CONSTRAINT_WEAK']",development
N0.500:OGLE-LMC-CEP-0013:generic_fourier:002,OGLE-LMC-CEP-0013,0,generic_fourier,0.5,2.523124673240084,['RESIDUE_PHASE_CONSTRAINT_WEAK'],development
N0.500:OGLE-LMC-CEP-0013:phase_scrambled_derd:003,OGLE-LMC-CEP-0013,0,phase_scrambled_derd,0.5,2.8401158412079393,"['RESIDUE_SIGN_CONSTRAINT_FAILED', 'RESIDUE_PHASE_CONSTRAINT_WEAK']",holdout
N0.500:OGLE-LMC-CEP-0013:generic_fourier:004,OGLE-LMC-CEP-0013,0,generic_fourier,0.5,3.098377088063315,"['RESIDUE_SIGN_CONSTRAINT_FAILED', 'RESIDUE_PHASE_CONSTRAINT_WEAK']",development
N0.500:OGLE-LMC-CEP-0013:phase_scrambled_derd:005,OGLE-LMC-CEP-0013,0,phase_scrambled_derd,0.5,2.870994185473689,"['RESIDUE_SIGN_CONSTRAINT_FAILED', 'RESIDUE_PHASE_CONSTRAINT_WEAK']",development
N0.500:OGLE-LMC-CEP-0013:generic_fourier:006,OGLE-LMC-CEP-0013,0,generic_fourier,0.5,4.467890429766611,"['ROOT_OUTSIDE_PHYSICAL_Q_DOMAIN', 'RESIDUE_SIGN_CONSTRAINT_FAILED', 'RESIDUE_PHASE_CONSTRAINT_WEAK', 'AMPLITUDE_RATIO_EXTREME']",holdout
N0.500:OGLE-LMC-CEP-0013:phase_scrambled_derd:007,OGLE-LMC-CEP-0013,0,phase_scrambled_derd,0.5,2.5772266786100864,"['RESIDUE_SIGN_CONSTRAINT_FAILED', 'RESIDUE_PHASE_CONSTRAINT_WEAK']",holdout
N0.500:OGLE-LMC-CEP-0013:generic_fourier:008,OGLE-LMC-CEP-0013,0,generic_fourier,0.5,3.1253997599927983,"['RESIDUE_SIGN_CONSTRAINT_FAILED', 'RESIDUE_PHASE_CONSTRAINT_WEAK']",holdout
N0.500:OGLE-LMC-CEP-0013:phase_scrambled_derd:009,OGLE-LMC-CEP-0013,0,phase_scrambled_derd,0.5,2.9568544497664973,"['RESIDUE_SIGN_CONSTRAINT_FAILED', 'RESIDUE_PHASE_CONSTRAINT_WEAK']",holdout
N0.500:OGLE-LMC-CEP-0013:generic_fourier:010,OGLE-LMC-CEP-0013,0,generic_fourier,0.5,4.173315932993345,"['ROOT_OUTSIDE_PHYSICAL_Q_DOMAIN', 'RESIDUE_SIGN_CONSTRAINT_FAILED', 'RESIDUE_PHASE_CONSTRAINT_WEAK', 'AMPLITUDE_RATIO_EXTREME']",development
N0.500:OGLE-LMC-CEP-0013:phase_scrambled_derd:011,OGLE-LMC-CEP-0013,0,phase_scrambled_derd,0.5,4.68216041018951,"['ROOT_OUTSIDE_PHYSICAL_Q_DOMAIN', 'RESIDUE_PHASE_CONSTRAINT_WEAK', 'AMPLITUDE_RATIO_EXTREME']",holdout
N0.500:OGLE-LMC-CEP-0014:derd_geometric:000,OGLE-LMC-CEP-0014,1,derd_geometric,0.5,3.107795122244053,"['RESIDUE_SIGN_CONSTRAINT_FAILED', 'RESIDUE_PHASE_CONSTRAINT_WEAK']",holdout
N0.500:OGLE-LMC-CEP-0014:derd_geometric:001,OGLE-LMC-CEP-0014,1,derd_geometric,0.5,3.752541259256986,"['ROOT_OUTSIDE_PHYSICAL_Q_DOMAIN', 'AMPLITUDE_RATIO_EXTREME']",holdout
N0.500:OGLE-LMC-CEP-0014:derd_geometric:002,OGLE-LMC-CEP-0014,1,derd_geometric,0.5,2.5764689983267703,"['RESIDUE_SIGN_CONSTRAINT_FAILED', 'RESIDUE_PHASE_CONSTRAINT_WEAK']",development
N0.500:OGLE-LMC-CEP-0014:derd_geometric:003,OGLE-LMC-CEP-0014,1,derd_geometric,0.5,6.250919860910665,"['ROOT_OUTSIDE_PHYSICAL_Q_DOMAIN', 'RESIDUE_SIGN_CONSTRAINT_FAILED', 'RESIDUE_PHASE_CONSTRAINT_WEAK', 'AMPLITUDE_RATIO_EXTREME']",holdout
N0.500:OGLE-LMC-CEP-0014:derd_geometric:004,OGLE-LMC-CEP-0014,1,derd_geometric,0.5,1.5346390475221754,['RESIDUE_PHASE_CONSTRAINT_WEAK'],holdout
N0.500:OGLE-LMC-CEP-0014:derd_geometric:005,OGLE-LMC-CEP-0014,1,derd_geometric,0.5,1.7942453912678458,['RESIDUE_PHASE_CONSTRAINT_WEAK'],development
N0.500:OGLE-LMC-CEP-0014:derd_geometric:006,OGLE-LMC-CEP-0014,1,derd_geometric,0.5,7.960163870296263,"['ROOT_OUTSIDE_PHYSICAL_Q_DOMAIN', 'RESIDUE_SIGN_CONSTRAINT_FAILED', 'RESIDUE_PHASE_CONSTRAINT_WEAK', 'AMPLITUDE_RATIO_EXTREME']",development
N0.500:OGLE-LMC-CEP-0014:derd_geometric:007,OGLE-LMC-CEP-0014,1,derd_geometric,0.5,3.991287431452783,"['ROOT_OUTSIDE_PHYSICAL_Q_DOMAIN', 'RESIDUE_SIGN_CONSTRAINT_FAILED', 'RESIDUE_PHASE_CONSTRAINT_WEAK', 'AMPLITUDE_RATIO_EXTREME']",development
N0.500:OGLE-LMC-CEP-0014:derd_geometric:008,OGLE-LMC-CEP-0014,1,derd_geometric,0.5,43.29291860835054,"['ROOT_OUTSIDE_PHYSICAL_Q_DOMAIN', 'RESIDUE_PHASE_CONSTRAINT_WEAK', 'AMPLITUDE_RATIO_EXTREME']",holdout
N0.500:OGLE-LMC-CEP-0014:derd_geometric:009,OGLE-LMC-CEP-0014,1,derd_geometric,0.5,8.237094094004853,"['ROOT_OUTSIDE_PHYSICAL_Q_DOMAIN', 'RESIDUE_PHASE_CONSTRAINT_WEAK', 'AMPLITUDE_RATIO_EXTREME']",development
N0.500:OGLE-LMC-CEP-0014:derd_geometric:010,OGLE-LMC-CEP-0014,1,derd_geometric,0.5,3.0394310319985944,"['RESIDUE_SIGN_CONSTRAINT_FAILED', 'RESIDUE_PHASE_CONSTRAINT_WEAK']",development
N0.500:OGLE-LMC-CEP-0014:derd_geometric:011,OGLE-LMC-CEP-0014,1,derd_geometric,0.5,7.196061382873681,"['ROOT_OUTSIDE_PHYSICAL_Q_DOMAIN', 'RESIDUE_SIGN_CONSTRAINT_FAILED', 'RESIDUE_PHASE_CONSTRAINT_WEAK', 'AMPLITUDE_RATIO_EXTREME']",holdout
N0.500:OGLE-LMC-CEP-0014:generic_fourier:000,OGLE-LMC-CEP-0014,0,generic_fourier,0.5,5.6947962656129585,"['ROOT_OUTSIDE_PHYSICAL_Q_DOMAIN', 'RESIDUE_PHASE_CONSTRAINT_WEAK', 'AMPLITUDE_RATIO_EXTREME']",development
N0.500:OGLE-LMC-CEP-0014:phase_scrambled_derd:001,OGLE-LMC-CEP-0014,0,phase_scrambled_derd,0.5,1.6950943187221184,['RESIDUE_PHASE_CONSTRAINT_WEAK'],development
N0.500:OGLE-LMC-CEP-0014:generic_fourier:002,OGLE-LMC-CEP-0014,0,generic_fourier,0.5,8.067302244232373,"['ROOT_OUTSIDE_PHYSICAL_Q_DOMAIN', 'RESIDUE_PHASE_CONSTRAINT_WEAK', 'AMPLITUDE_RATIO_EXTREME']",development
N0.500:OGLE-LMC-CEP-0014:phase_scrambled_derd:003,OGLE-LMC-CEP-0014,0,phase_scrambled_derd,0.5,4.6995145714579785,"['ROOT_OUTSIDE_PHYSICAL_Q_DOMAIN', 'RESIDUE_PHASE_CONSTRAINT_WEAK', 'AMPLITUDE_RATIO_EXTREME']",development
N0.500:OGLE-LMC-CEP-0014:generic_fourier:004,OGLE-LMC-CEP-0014,0,generic_fourier,0.5,2.1365423729686506,['RESIDUE_PHASE_CONSTRAINT_WEAK'],holdout
N0.500:OGLE-LMC-CEP-0014:phase_scrambled_derd:005,OGLE-LMC-CEP-0014,0,phase_scrambled_derd,0.5,5.995833314997593,"['ROOT_OUTSIDE_PHYSICAL_Q_DOMAIN', 'RESIDUE_SIGN_CONSTRAINT_FAILED', 'RESIDUE_PHASE_CONSTRAINT_WEAK', 'AMPLITUDE_RATIO_EXTREME']",holdout
N0.500:OGLE-LMC-CEP-0014:generic_fourier:006,OGLE-LMC-CEP-0014,0,generic_fourier,0.5,4.117957585004068,"['ROOT_OUTSIDE_PHYSICAL_Q_DOMAIN', 'RESIDUE_PHASE_CONSTRAINT_WEAK', 'AMPLITUDE_RATIO_EXTREME']",development
N0.500:OGLE-LMC-CEP-0014:phase_scrambled_derd:007,OGLE-LMC-CEP-0014,0,phase_scrambled_derd,0.5,2.179533996414935,['RESIDUE_PHASE_CONSTRAINT_WEAK'],development
N0.500:OGLE-LMC-CEP-0014:generic_fourier:008,OGLE-LMC-CEP-0014,0,generic_fourier,0.5,2.1103245550072036,"['RESIDUE_SIGN_CONSTRAINT_FAILED', 'RESIDUE_PHASE_CONSTRAINT_WEAK']",holdout
N0.500:OGLE-LMC-CEP-0014:phase_scrambled_derd:009,OGLE-LMC-CEP-0014,0,phase_scrambled_derd,0.5,2.714932589749621,"['RESIDUE_SIGN_CONSTRAINT_FAILED', 'RESIDUE_PHASE_CONSTRAINT_WEAK']",holdout
N0.500:OGLE-LMC-CEP-0014:generic_fourier:010,OGLE-LMC-CEP-0014,0,generic_fourier,0.5,2.335078831967057,"['RESIDUE_SIGN_CONSTRAINT_FAILED', 'RESIDUE_PHASE_CONSTRAINT_WEAK']",development
N0.500:OGLE-LMC-CEP-0014:phase_scrambled_derd:011,OGLE-LMC-CEP-0014,0,phase_scrambled_derd,0.5,2.996618890620257,"['ROOT_OUTSIDE_PHYSICAL_Q_DOMAIN', 'AMPLITUDE_RATIO_EXTREME']",development
N0.500:OGLE-LMC-CEP-0015:derd_geometric:000,OGLE-LMC-CEP-0015,1,derd_geometric,0.5,5.397030080761285,"['ROOT_OUTSIDE_PHYSICAL_Q_DOMAIN', 'RESIDUE_SIGN_CONSTRAINT_FAILED', 'RESIDUE_PHASE_CONSTRAINT_WEAK', 'AMPLITUDE_RATIO_EXTREME']",development
N0.500:OGLE-LMC-CEP-0015:derd_geometric:001,OGLE-LMC-CEP-0015,1,derd_geometric,0.5,1.4225631918617965,"['RESIDUE_SIGN_CONSTRAINT_FAILED', 'RESIDUE_PHASE_CONSTRAINT_WEAK']",development
N0.500:OGLE-LMC-CEP-0015:derd_geometric:002,OGLE-LMC-CEP-0015,1,derd_geometric,0.5,4.801768424059332,"['ROOT_OUTSIDE_PHYSICAL_Q_DOMAIN', 'RESIDUE_SIGN_CONSTRAINT_FAILED', 'RESIDUE_PHASE_CONSTRAINT_WEAK', 'AMPLITUDE_RATIO_EXTREME']",development
N0.500:OGLE-LMC-CEP-0015:derd_geometric:003,OGLE-LMC-CEP-0015,1,derd_geometric,0.5,1.9337144430036581,"['ROOT_OUTSIDE_PHYSICAL_Q_DOMAIN', 'AMPLITUDE_RATIO_EXTREME']",development
N0.500:OGLE-LMC-CEP-0015:derd_geometric:004,OGLE-LMC-CEP-0015,1,derd_geometric,0.5,1.5823858275066358,['RESIDUE_PHASE_CONSTRAINT_WEAK'],development
N0.500:OGLE-LMC-CEP-0015:derd_geometric:005,OGLE-LMC-CEP-0015,1,derd_geometric,0.5,5.418131951061447,"['ROOT_OUTSIDE_PHYSICAL_Q_DOMAIN', 'RESIDUE_SIGN_CONSTRAINT_FAILED', 'RESIDUE_PHASE_CONSTRAINT_WEAK']",development
N0.500:OGLE-LMC-CEP-0015:derd_geometric:006,OGLE-LMC-CEP-0015,1,derd_geometric,0.5,2.92798641987087,"['RESIDUE_SIGN_CONSTRAINT_FAILED', 'RESIDUE_PHASE_CONSTRAINT_WEAK']",development
N0.500:OGLE-LMC-CEP-0015:derd_geometric:007,OGLE-LMC-CEP-0015,1,derd_geometric,0.5,2.6466801017584753,"['RESIDUE_SIGN_CONSTRAINT_FAILED', 'RESIDUE_PHASE_CONSTRAINT_WEAK']",holdout
N0.500:OGLE-LMC-CEP-0015:derd_geometric:008,OGLE-LMC-CEP-0015,1,derd_geometric,0.5,3.8370141166268263,"['ROOT_OUTSIDE_PHYSICAL_Q_DOMAIN', 'RESIDUE_SIGN_CONSTRAINT_FAILED', 'RESIDUE_PHASE_CONSTRAINT_WEAK', 'AMPLITUDE_RATIO_EXTREME']",development
N0.500:OGLE-LMC-CEP-0015:derd_geometric:009,OGLE-LMC-CEP-0015,1,derd_geometric,0.5,2.7946977329552154,['RESIDUE_PHASE_CONSTRAINT_WEAK'],holdout
N0.500:OGLE-LMC-CEP-0015:derd_geometric:010,OGLE-LMC-CEP-0015,1,derd_geometric,0.5,1.8170092966093665,['RESIDUE_PHASE_CONSTRAINT_WEAK'],holdout
N0.500:OGLE-LMC-CEP-0015:derd_geometric:011,OGLE-LMC-CEP-0015,1,derd_geometric,0.5,5.743121642509118,"['ROOT_OUTSIDE_PHYSICAL_Q_DOMAIN', 'RESIDUE_PHASE_CONSTRAINT_WEAK', 'AMPLITUDE_RATIO_EXTREME']",holdout
N0.500:OGLE-LMC-CEP-0015:generic_fourier:000,OGLE-LMC-CEP-0015,0,generic_fourier,0.5,1.9722686825037623,['RESIDUE_PHASE_CONSTRAINT_WEAK'],development
N0.500:OGLE-LMC-CEP-0015:phase_scrambled_derd:001,OGLE-LMC-CEP-0015,0,phase_scrambled_derd,0.5,8.872999913556624,"['ROOT_OUTSIDE_PHYSICAL_Q_DOMAIN', 'RESIDUE_SIGN_CONSTRAINT_FAILED', 'RESIDUE_PHASE_CONSTRAINT_WEAK', 'AMPLITUDE_RATIO_EXTREME']",development
N0.500:OGLE-LMC-CEP-0015:generic_fourier:002,OGLE-LMC-CEP-0015,0,generic_fourier,0.5,2.4340116747722464,['RESIDUE_PHASE_CONSTRAINT_WEAK'],development
N0.500:OGLE-LMC-CEP-0015:phase_scrambled_derd:003,OGLE-LMC-CEP-0015,0,phase_scrambled_derd,0.5,4.968698091815543,"['ROOT_OUTSIDE_PHYSICAL_Q_DOMAIN', 'RESIDUE_PHASE_CONSTRAINT_WEAK', 'AMPLITUDE_RATIO_EXTREME']",development
N0.500:OGLE-LMC-CEP-0015:generic_fourier:004,OGLE-LMC-CEP-0015,0,generic_fourier,0.5,4.203295661186362,"['ROOT_OUTSIDE_PHYSICAL_Q_DOMAIN', 'RESIDUE_PHASE_CONSTRAINT_WEAK', 'AMPLITUDE_RATIO_EXTREME']",holdout
N0.500:OGLE-LMC-CEP-0015:phase_scrambled_derd:005,OGLE-LMC-CEP-0015,0,phase_scrambled_derd,0.5,6.5897605207079,"['ROOT_OUTSIDE_PHYSICAL_Q_DOMAIN', 'RESIDUE_PHASE_CONSTRAINT_WEAK', 'AMPLITUDE_RATIO_EXTREME']",development
N0.500:OGLE-LMC-CEP-0015:generic_fourier:006,OGLE-LMC-CEP-0015,0,generic_fourier,0.5,2.907965526942657,"['RESIDUE_SIGN_CONSTRAINT_FAILED', 'RESIDUE_PHASE_CONSTRAINT_WEAK']",development
N0.500:OGLE-LMC-CEP-0015:phase_scrambled_derd:007,OGLE-LMC-CEP-0015,0,phase_scrambled_derd,0.5,2.886509881977871,"['RESIDUE_SIGN_CONSTRAINT_FAILED', 'RESIDUE_PHASE_CONSTRAINT_WEAK']",holdout
N0.500:OGLE-LMC-CEP-0015:generic_fourier:008,OGLE-LMC-CEP-0015,0,generic_fourier,0.5,2.774255205033071,"['RESIDUE_SIGN_CONSTRAINT_FAILED', 'RESIDUE_PHASE_CONSTRAINT_WEAK']",holdout
N0.500:OGLE-LMC-CEP-0015:phase_scrambled_derd:009,OGLE-LMC-CEP-0015,0,phase_scrambled_derd,0.5,11.53494235121062,"['ROOT_OUTSIDE_PHYSICAL_Q_DOMAIN', 'RESIDUE_PHASE_CONSTRAINT_WEAK', 'AMPLITUDE_RATIO_EXTREME']",holdout
N0.500:OGLE-LMC-CEP-0015:generic_fourier:010,OGLE-LMC-CEP-0015,0,generic_fourier,0.5,5.693522937975206,"['ROOT_OUTSIDE_PHYSICAL_Q_DOMAIN', 'RESIDUE_SIGN_CONSTRAINT_FAILED', 'RESIDUE_PHASE_CONSTRAINT_WEAK', 'AMPLITUDE_RATIO_EXTREME']",development
N0.500:OGLE-LMC-CEP-0015:phase_scrambled_derd:011,OGLE-LMC-CEP-0015,0,phase_scrambled_derd,0.5,1.776597714867312,['RESIDUE_PHASE_CONSTRAINT_WEAK'],holdout
N0.500:OGLE-LMC-CEP-0017:derd_geometric:000,OGLE-LMC-CEP-0017,1,derd_geometric,0.5,2.2483134319266296,"['RESIDUE_SIGN_CONSTRAINT_FAILED', 'RESIDUE_PHASE_CONSTRAINT_WEAK']",development
N0.500:OGLE-LMC-CEP-0017:derd_geometric:001,OGLE-LMC-CEP-0017,1,derd_geometric,0.5,0.7198459557186254,['RESIDUE_PHASE_CONSTRAINT_WEAK'],development
N0.500:OGLE-LMC-CEP-0017:derd_geometric:002,OGLE-LMC-CEP-0017,1,derd_geometric,0.5,1.6619177362723538,['RESIDUE_PHASE_CONSTRAINT_WEAK'],development
N0.500:OGLE-LMC-CEP-0017:derd_geometric:003,OGLE-LMC-CEP-0017,1,derd_geometric,0.5,0.36201321121550756,[],development
N0.500:OGLE-LMC-CEP-0017:derd_geometric:004,OGLE-LMC-CEP-0017,1,derd_geometric,0.5,4.54276540843409,"['ROOT_OUTSIDE_PHYSICAL_Q_DOMAIN', 'RESIDUE_PHASE_CONSTRAINT_WEAK', 'AMPLITUDE_RATIO_EXTREME']",development
N0.500:OGLE-LMC-CEP-0017:derd_geometric:005,OGLE-LMC-CEP-0017,1,derd_geometric,0.5,0.3445506540470093,[],holdout
N0.500:OGLE-LMC-CEP-0017:derd_geometric:006,OGLE-LMC-CEP-0017,1,derd_geometric,0.5,0.6873333404441582,[],development
N0.500:OGLE-LMC-CEP-0017:derd_geometric:007,OGLE-LMC-CEP-0017,1,derd_geometric,0.5,0.2835269981925345,[],development
N0.500:OGLE-LMC-CEP-0017:derd_geometric:008,OGLE-LMC-CEP-0017,1,derd_geometric,0.5,0.42683735173312837,['RESIDUE_PHASE_CONSTRAINT_WEAK'],development
N0.500:OGLE-LMC-CEP-0017:derd_geometric:009,OGLE-LMC-CEP-0017,1,derd_geometric,0.5,1.4151926468980225,"['RESIDUE_SIGN_CONSTRAINT_FAILED', 'RESIDUE_PHASE_CONSTRAINT_WEAK']",holdout
N0.500:OGLE-LMC-CEP-0017:derd_geometric:010,OGLE-LMC-CEP-0017,1,derd_geometric,0.5,4.4900262922717555,"['ROOT_OUTSIDE_PHYSICAL_Q_DOMAIN', 'RESIDUE_PHASE_CONSTRAINT_WEAK', 'AMPLITUDE_RATIO_EXTREME']",development
N0.500:OGLE-LMC-CEP-0017:derd_geometric:011,OGLE-LMC-CEP-0017,1,derd_geometric,0.5,0.629140590919635,[],development
N0.500:OGLE-LMC-CEP-0017:generic_fourier:000,OGLE-LMC-CEP-0017,0,generic_fourier,0.5,7.299989601645795,"['ROOT_OUTSIDE_PHYSICAL_Q_DOMAIN', 'RESIDUE_PHASE_CONSTRAINT_WEAK', 'AMPLITUDE_RATIO_EXTREME']",development
N0.500:OGLE-LMC-CEP-0017:phase_scrambled_derd:001,OGLE-LMC-CEP-0017,0,phase_scrambled_derd,0.5,1.8213715205263725,"['RESIDUE_SIGN_CONSTRAINT_FAILED', 'RESIDUE_PHASE_CONSTRAINT_WEAK']",holdout
N0.500:OGLE-LMC-CEP-0017:generic_fourier:002,OGLE-LMC-CEP-0017,0,generic_fourier,0.5,2.792125991114212,"['RESIDUE_SIGN_CONSTRAINT_FAILED', 'RESIDUE_PHASE_CONSTRAINT_WEAK']",development
N0.500:OGLE-LMC-CEP-0017:phase_scrambled_derd:003,OGLE-LMC-CEP-0017,0,phase_scrambled_derd,0.5,18.351344550863804,"['ROOT_OUTSIDE_PHYSICAL_Q_DOMAIN', 'RESIDUE_PHASE_CONSTRAINT_WEAK', 'AMPLITUDE_RATIO_EXTREME']",development
N0.500:OGLE-LMC-CEP-0017:generic_fourier:004,OGLE-LMC-CEP-0017,0,generic_fourier,0.5,2.9116874903220142,"['RESIDUE_SIGN_CONSTRAINT_FAILED', 'RESIDUE_PHASE_CONSTRAINT_WEAK']",development
N0.500:OGLE-LMC-CEP-0017:phase_scrambled_derd:005,OGLE-LMC-CEP-0017,0,phase_scrambled_derd,0.5,1.912151103110005,['RESIDUE_PHASE_CONSTRAINT_WEAK'],development
N0.500:OGLE-LMC-CEP-0017:generic_fourier:006,OGLE-LMC-CEP-0017,0,generic_fourier,0.5,2.9129318418516945,"['RESIDUE_SIGN_CONSTRAINT_FAILED', 'RESIDUE_PHASE_CONSTRAINT_WEAK']",holdout
N0.500:OGLE-LMC-CEP-0017:phase_scrambled_derd:007,OGLE-LMC-CEP-0017,0,phase_scrambled_derd,0.5,36.356568189116125,"['ROOT_OUTSIDE_PHYSICAL_Q_DOMAIN', 'RESIDUE_SIGN_CONSTRAINT_FAILED', 'RESIDUE_PHASE_CONSTRAINT_WEAK', 'AMPLITUDE_RATIO_EXTREME']",development
N0.500:OGLE-LMC-CEP-0017:generic_fourier:008,OGLE-LMC-CEP-0017,0,generic_fourier,0.5,2.9581733358341404,['RESIDUE_PHASE_CONSTRAINT_WEAK'],holdout
N0.500:OGLE-LMC-CEP-0017:phase_scrambled_derd:009,OGLE-LMC-CEP-0017,0,phase_scrambled_derd,0.5,1.1276382295501473,['RESIDUE_PHASE_CONSTRAINT_WEAK'],development
N0.500:OGLE-LMC-CEP-0017:generic_fourier:010,OGLE-LMC-CEP-0017,0,generic_fourier,0.5,2.867402620755072,"['RESIDUE_SIGN_CONSTRAINT_FAILED', 'RESIDUE_PHASE_CONSTRAINT_WEAK']",development
N0.500:OGLE-LMC-CEP-0017:phase_scrambled_derd:011,OGLE-LMC-CEP-0017,0,phase_scrambled_derd,0.5,2.078777889363906,"['RESIDUE_SIGN_CONSTRAINT_FAILED', 'RESIDUE_PHASE_CONSTRAINT_WEAK']",development
N0.500:OGLE-LMC-CEP-0018:derd_geometric:000,OGLE-LMC-CEP-0018,1,derd_geometric,0.5,3.821111918096175,"['ROOT_OUTSIDE_PHYSICAL_Q_DOMAIN', 'AMPLITUDE_RATIO_EXTREME']",development
N0.500:OGLE-LMC-CEP-0018:derd_geometric:001,OGLE-LMC-CEP-0018,1,derd_geometric,0.5,4.15754091472509,"['ROOT_OUTSIDE_PHYSICAL_Q_DOMAIN', 'RESIDUE_SIGN_CONSTRAINT_FAILED', 'RESIDUE_PHASE_CONSTRAINT_WEAK', 'AMPLITUDE_RATIO_EXTREME']",holdout
N0.500:OGLE-LMC-CEP-0018:derd_geometric:002,OGLE-LMC-CEP-0018,1,derd_geometric,0.5,1.2339373641471825,['RESIDUE_PHASE_CONSTRAINT_WEAK'],holdout
N0.500:OGLE-LMC-CEP-0018:derd_geometric:003,OGLE-LMC-CEP-0018,1,derd_geometric,0.5,10.842322752448661,"['ROOT_OUTSIDE_PHYSICAL_Q_DOMAIN', 'RESIDUE_PHASE_CONSTRAINT_WEAK', 'AMPLITUDE_RATIO_EXTREME']",development
N0.500:OGLE-LMC-CEP-0018:derd_geometric:004,OGLE-LMC-CEP-0018,1,derd_geometric,0.5,9.392362457713837,"['ROOT_OUTSIDE_PHYSICAL_Q_DOMAIN', 'RESIDUE_PHASE_CONSTRAINT_WEAK', 'AMPLITUDE_RATIO_EXTREME']",development
N0.500:OGLE-LMC-CEP-0018:derd_geometric:005,OGLE-LMC-CEP-0018,1,derd_geometric,0.5,9.69767954267625,"['ROOT_OUTSIDE_PHYSICAL_Q_DOMAIN', 'RESIDUE_PHASE_CONSTRAINT_WEAK', 'AMPLITUDE_RATIO_EXTREME']",development
N0.500:OGLE-LMC-CEP-0018:derd_geometric:006,OGLE-LMC-CEP-0018,1,derd_geometric,0.5,4.256644180954883,"['ROOT_OUTSIDE_PHYSICAL_Q_DOMAIN', 'RESIDUE_PHASE_CONSTRAINT_WEAK', 'AMPLITUDE_RATIO_EXTREME']",holdout
N0.500:OGLE-LMC-CEP-0018:derd_geometric:007,OGLE-LMC-CEP-0018,1,derd_geometric,0.5,1.7832577787028696,"['RESIDUE_SIGN_CONSTRAINT_FAILED', 'RESIDUE_PHASE_CONSTRAINT_WEAK']",holdout
N0.500:OGLE-LMC-CEP-0018:derd_geometric:008,OGLE-LMC-CEP-0018,1,derd_geometric,0.5,1.9309441289581581,"['RESIDUE_SIGN_CONSTRAINT_FAILED', 'RESIDUE_PHASE_CONSTRAINT_WEAK']",development
N0.500:OGLE-LMC-CEP-0018:derd_geometric:009,OGLE-LMC-CEP-0018,1,derd_geometric,0.5,2.165854508351346,[],holdout
N0.500:OGLE-LMC-CEP-0018:derd_geometric:010,OGLE-LMC-CEP-0018,1,derd_geometric,0.5,18.654752942285832,"['ROOT_OUTSIDE_PHYSICAL_Q_DOMAIN', 'RESIDUE_PHASE_CONSTRAINT_WEAK', 'AMPLITUDE_RATIO_EXTREME']",development
N0.500:OGLE-LMC-CEP-0018:derd_geometric:011,OGLE-LMC-CEP-0018,1,derd_geometric,0.5,26.419275677061513,"['ROOT_OUTSIDE_PHYSICAL_Q_DOMAIN', 'RESIDUE_PHASE_CONSTRAINT_WEAK', 'AMPLITUDE_RATIO_EXTREME']",development
N0.500:OGLE-LMC-CEP-0018:generic_fourier:000,OGLE-LMC-CEP-0018,0,generic_fourier,0.5,2.536980568818234,['RESIDUE_PHASE_CONSTRAINT_WEAK'],holdout
N0.500:OGLE-LMC-CEP-0018:phase_scrambled_derd:001,OGLE-LMC-CEP-0018,0,phase_scrambled_derd,0.5,2.1774456094830708,['RESIDUE_PHASE_CONSTRAINT_WEAK'],development
N0.500:OGLE-LMC-CEP-0018:generic_fourier:002,OGLE-LMC-CEP-0018,0,generic_fourier,0.5,2.823452986330197,"['RESIDUE_SIGN_CONSTRAINT_FAILED', 'RESIDUE_PHASE_CONSTRAINT_WEAK']",holdout
N0.500:OGLE-LMC-CEP-0018:phase_scrambled_derd:003,OGLE-LMC-CEP-0018,0,phase_scrambled_derd,0.5,8.433217130078862,"['ROOT_OUTSIDE_PHYSICAL_Q_DOMAIN', 'RESIDUE_PHASE_CONSTRAINT_WEAK', 'AMPLITUDE_RATIO_EXTREME']",development
N0.500:OGLE-LMC-CEP-0018:generic_fourier:004,OGLE-LMC-CEP-0018,0,generic_fourier,0.5,2.6802475870688816,"['RESIDUE_SIGN_CONSTRAINT_FAILED', 'RESIDUE_PHASE_CONSTRAINT_WEAK']",holdout
N0.500:OGLE-LMC-CEP-0018:phase_scrambled_derd:005,OGLE-LMC-CEP-0018,0,phase_scrambled_derd,0.5,7.503522389203604,"['ROOT_OUTSIDE_PHYSICAL_Q_DOMAIN', 'RESIDUE_PHASE_CONSTRAINT_WEAK', 'AMPLITUDE_RATIO_EXTREME']",development
N0.500:OGLE-LMC-CEP-0018:generic_fourier:006,OGLE-LMC-CEP-0018,0,generic_fourier,0.5,2.620779128742953,['RESIDUE_PHASE_CONSTRAINT_WEAK'],development
N0.500:OGLE-LMC-CEP-0018:phase_scrambled_derd:007,OGLE-LMC-CEP-0018,0,phase_scrambled_derd,0.5,2.5153716995742887,['RESIDUE_PHASE_CONSTRAINT_WEAK'],development
N0.500:OGLE-LMC-CEP-0018:generic_fourier:008,OGLE-LMC-CEP-0018,0,generic_fourier,0.5,12.372079610866153,"['ROOT_OUTSIDE_PHYSICAL_Q_DOMAIN', 'RESIDUE_PHASE_CONSTRAINT_WEAK', 'AMPLITUDE_RATIO_EXTREME']",development
N0.500:OGLE-LMC-CEP-0018:phase_scrambled_derd:009,OGLE-LMC-CEP-0018,0,phase_scrambled_derd,0.5,3.96611457655635,"['ROOT_OUTSIDE_PHYSICAL_Q_DOMAIN', 'RESIDUE_PHASE_CONSTRAINT_WEAK', 'AMPLITUDE_RATIO_EXTREME']",development
N0.500:OGLE-LMC-CEP-0018:generic_fourier:010,OGLE-LMC-CEP-0018,0,generic_fourier,0.5,6.175269019033876,"['ROOT_OUTSIDE_PHYSICAL_Q_DOMAIN', 'RESIDUE_SIGN_CONSTRAINT_FAILED', 'RESIDUE_PHASE_CONSTRAINT_WEAK', 'AMPLITUDE_RATIO_EXTREME']",development
N0.500:OGLE-LMC-CEP-0018:phase_scrambled_derd:011,OGLE-LMC-CEP-0018,0,phase_scrambled_derd,0.5,183.11552528688506,"['ROOT_OUTSIDE_PHYSICAL_Q_DOMAIN', 'RESIDUE_SIGN_CONSTRAINT_FAILED', 'RESIDUE_PHASE_CONSTRAINT_WEAK', 'AMPLITUDE_RATIO_EXTREME']",development
N0.500:OGLE-LMC-CEP-0021:derd_geometric:000,OGLE-LMC-CEP-0021,1,derd_geometric,0.5,0.7203264075511019,['RESIDUE_PHASE_CONSTRAINT_WEAK'],development
N0.500:OGLE-LMC-CEP-0021:derd_geometric:001,OGLE-LMC-CEP-0021,1,derd_geometric,0.5,1.7519141473110356,['RESIDUE_PHASE_CONSTRAINT_WEAK'],development
N0.500:OGLE-LMC-CEP-0021:derd_geometric:002,OGLE-LMC-CEP-0021,1,derd_geometric,0.5,5.8120040635845305,"['ROOT_OUTSIDE_PHYSICAL_Q_DOMAIN', 'RESIDUE_SIGN_CONSTRAINT_FAILED', 'RESIDUE_PHASE_CONSTRAINT_WEAK', 'AMPLITUDE_RATIO_EXTREME']",development
N0.500:OGLE-LMC-CEP-0021:derd_geometric:003,OGLE-LMC-CEP-0021,1,derd_geometric,0.5,1.6037806289709797,"['RESIDUE_SIGN_CONSTRAINT_FAILED', 'RESIDUE_PHASE_CONSTRAINT_WEAK']",development
N0.500:OGLE-LMC-CEP-0021:derd_geometric:004,OGLE-LMC-CEP-0021,1,derd_geometric,0.5,1.282067867302741,['RESIDUE_PHASE_CONSTRAINT_WEAK'],development
N0.500:OGLE-LMC-CEP-0021:derd_geometric:005,OGLE-LMC-CEP-0021,1,derd_geometric,0.5,0.6663120993621305,[],holdout
N0.500:OGLE-LMC-CEP-0021:derd_geometric:006,OGLE-LMC-CEP-0021,1,derd_geometric,0.5,1.4128768071306574,['RESIDUE_PHASE_CONSTRAINT_WEAK'],holdout
N0.500:OGLE-LMC-CEP-0021:derd_geometric:007,OGLE-LMC-CEP-0021,1,derd_geometric,0.5,1.8350274641835345,"['RESIDUE_SIGN_CONSTRAINT_FAILED', 'RESIDUE_PHASE_CONSTRAINT_WEAK']",holdout
N0.500:OGLE-LMC-CEP-0021:derd_geometric:008,OGLE-LMC-CEP-0021,1,derd_geometric,0.5,1.1526981666045713,['RESIDUE_PHASE_CONSTRAINT_WEAK'],development
N0.500:OGLE-LMC-CEP-0021:derd_geometric:009,OGLE-LMC-CEP-0021,1,derd_geometric,0.5,1.4832211610471238,"['RESIDUE_SIGN_CONSTRAINT_FAILED', 'RESIDUE_PHASE_CONSTRAINT_WEAK']",development
N0.500:OGLE-LMC-CEP-0021:derd_geometric:010,OGLE-LMC-CEP-0021,1,derd_geometric,0.5,1.5949857706324353,"['RESIDUE_SIGN_CONSTRAINT_FAILED', 'RESIDUE_PHASE_CONSTRAINT_WEAK']",development
N0.500:OGLE-LMC-CEP-0021:derd_geometric:011,OGLE-LMC-CEP-0021,1,derd_geometric,0.5,1.6414099877143893,"['RESIDUE_SIGN_CONSTRAINT_FAILED', 'RESIDUE_PHASE_CONSTRAINT_WEAK']",development
N0.500:OGLE-LMC-CEP-0021:generic_fourier:000,OGLE-LMC-CEP-0021,0,generic_fourier,0.5,7.6559559217238355,"['ROOT_OUTSIDE_PHYSICAL_Q_DOMAIN', 'RESIDUE_PHASE_CONSTRAINT_WEAK', 'AMPLITUDE_RATIO_EXTREME']",holdout
N0.500:OGLE-LMC-CEP-0021:phase_scrambled_derd:001,OGLE-LMC-CEP-0021,0,phase_scrambled_derd,0.5,2.24957462395722,"['RESIDUE_SIGN_CONSTRAINT_FAILED', 'RESIDUE_PHASE_CONSTRAINT_WEAK']",development
N0.500:OGLE-LMC-CEP-0021:generic_fourier:002,OGLE-LMC-CEP-0021,0,generic_fourier,0.5,2.458828077171627,"['RESIDUE_SIGN_CONSTRAINT_FAILED', 'RESIDUE_PHASE_CONSTRAINT_WEAK']",development
N0.500:OGLE-LMC-CEP-0021:phase_scrambled_derd:003,OGLE-LMC-CEP-0021,0,phase_scrambled_derd,0.5,2.9655753301045604,"['RESIDUE_SIGN_CONSTRAINT_FAILED', 'RESIDUE_PHASE_CONSTRAINT_WEAK']",development
N0.500:OGLE-LMC-CEP-0021:generic_fourier:004,OGLE-LMC-CEP-0021,0,generic_fourier,0.5,2.7847686359641304,"['RESIDUE_SIGN_CONSTRAINT_FAILED', 'RESIDUE_PHASE_CONSTRAINT_WEAK']",holdout
N0.500:OGLE-LMC-CEP-0021:phase_scrambled_derd:005,OGLE-LMC-CEP-0021,0,phase_scrambled_derd,0.5,1.2651748320595353,['RESIDUE_PHASE_CONSTRAINT_WEAK'],holdout
N0.500:OGLE-LMC-CEP-0021:generic_fourier:006,OGLE-LMC-CEP-0021,0,generic_fourier,0.5,3.7385008130333057,"['ROOT_OUTSIDE_PHYSICAL_Q_DOMAIN', 'RESIDUE_PHASE_CONSTRAINT_WEAK', 'AMPLITUDE_RATIO_EXTREME']",development
N0.500:OGLE-LMC-CEP-0021:phase_scrambled_derd:007,OGLE-LMC-CEP-0021,0,phase_scrambled_derd,0.5,4.867601691603158,"['ROOT_OUTSIDE_PHYSICAL_Q_DOMAIN', 'RESIDUE_PHASE_CONSTRAINT_WEAK', 'AMPLITUDE_RATIO_EXTREME']",development
N0.500:OGLE-LMC-CEP-0021:generic_fourier:008,OGLE-LMC-CEP-0021,0,generic_fourier,0.5,4.4971999859078435,"['ROOT_OUTSIDE_PHYSICAL_Q_DOMAIN', 'RESIDUE_PHASE_CONSTRAINT_WEAK', 'AMPLITUDE_RATIO_EXTREME']",development
N0.500:OGLE-LMC-CEP-0021:phase_scrambled_derd:009,OGLE-LMC-CEP-0021,0,phase_scrambled_derd,0.5,2.5212024836544717,['RESIDUE_PHASE_CONSTRAINT_WEAK'],holdout
N0.500:OGLE-LMC-CEP-0021:generic_fourier:010,OGLE-LMC-CEP-0021,0,generic_fourier,0.5,2.2772625572293577,['RESIDUE_PHASE_CONSTRAINT_WEAK'],holdout
N0.500:OGLE-LMC-CEP-0021:phase_scrambled_derd:011,OGLE-LMC-CEP-0021,0,phase_scrambled_derd,0.5,2.276271968550017,['RESIDUE_PHASE_CONSTRAINT_WEAK'],holdout
N0.500:OGLE-LMC-CEP-0023:derd_geometric:000,OGLE-LMC-CEP-0023,1,derd_geometric,0.5,2.6052095420406256,"['RESIDUE_SIGN_CONSTRAINT_FAILED', 'RESIDUE_PHASE_CONSTRAINT_WEAK']",development
N0.500:OGLE-LMC-CEP-0023:derd_geometric:001,OGLE-LMC-CEP-0023,1,derd_geometric,0.5,1.2677151034049485,['RESIDUE_PHASE_CONSTRAINT_WEAK'],development
N0.500:OGLE-LMC-CEP-0023:derd_geometric:002,OGLE-LMC-CEP-0023,1,derd_geometric,0.5,1.5643523562471542,['RESIDUE_PHASE_CONSTRAINT_WEAK'],holdout
N0.500:OGLE-LMC-CEP-0023:derd_geometric:003,OGLE-LMC-CEP-0023,1,derd_geometric,0.5,1.8706925704242254,['RESIDUE_PHASE_CONSTRAINT_WEAK'],development
N0.500:OGLE-LMC-CEP-0023:derd_geometric:004,OGLE-LMC-CEP-0023,1,derd_geometric,0.5,2.3022509955860313,['RESIDUE_PHASE_CONSTRAINT_WEAK'],holdout
N0.500:OGLE-LMC-CEP-0023:derd_geometric:005,OGLE-LMC-CEP-0023,1,derd_geometric,0.5,5.471763888448328,"['ROOT_OUTSIDE_PHYSICAL_Q_DOMAIN', 'RESIDUE_SIGN_CONSTRAINT_FAILED', 'RESIDUE_PHASE_CONSTRAINT_WEAK', 'AMPLITUDE_RATIO_EXTREME']",development
N0.500:OGLE-LMC-CEP-0023:derd_geometric:006,OGLE-LMC-CEP-0023,1,derd_geometric,0.5,1.1685363231020343,['RESIDUE_PHASE_CONSTRAINT_WEAK'],development
N0.500:OGLE-LMC-CEP-0023:derd_geometric:007,OGLE-LMC-CEP-0023,1,derd_geometric,0.5,6.266002895104503,"['ROOT_OUTSIDE_PHYSICAL_Q_DOMAIN', 'RESIDUE_PHASE_CONSTRAINT_WEAK', 'AMPLITUDE_RATIO_EXTREME']",holdout
N0.500:OGLE-LMC-CEP-0023:derd_geometric:008,OGLE-LMC-CEP-0023,1,derd_geometric,0.5,7.668933076747486,"['ROOT_OUTSIDE_PHYSICAL_Q_DOMAIN', 'RESIDUE_PHASE_CONSTRAINT_WEAK', 'AMPLITUDE_RATIO_EXTREME']",development
N0.500:OGLE-LMC-CEP-0023:derd_geometric:009,OGLE-LMC-CEP-0023,1,derd_geometric,0.5,1.1515047916513872,['RESIDUE_PHASE_CONSTRAINT_WEAK'],development
N0.500:OGLE-LMC-CEP-0023:derd_geometric:010,OGLE-LMC-CEP-0023,1,derd_geometric,0.5,2.203350450500693,"['RESIDUE_SIGN_CONSTRAINT_FAILED', 'RESIDUE_PHASE_CONSTRAINT_WEAK']",development
N0.500:OGLE-LMC-CEP-0023:derd_geometric:011,OGLE-LMC-CEP-0023,1,derd_geometric,0.5,1.7313575716411203,['RESIDUE_PHASE_CONSTRAINT_WEAK'],development
N0.500:OGLE-LMC-CEP-0023:generic_fourier:000,OGLE-LMC-CEP-0023,0,generic_fourier,0.5,2.9424387652693444,"['RESIDUE_SIGN_CONSTRAINT_FAILED', 'RESIDUE_PHASE_CONSTRAINT_WEAK']",development
N0.500:OGLE-LMC-CEP-0023:phase_scrambled_derd:001,OGLE-LMC-CEP-0023,0,phase_scrambled_derd,0.5,2.4830484967323896,"['RESIDUE_SIGN_CONSTRAINT_FAILED', 'RESIDUE_PHASE_CONSTRAINT_WEAK']",development
N0.500:OGLE-LMC-CEP-0023:generic_fourier:002,OGLE-LMC-CEP-0023,0,generic_fourier,0.5,2.1480450588860607,"['RESIDUE_SIGN_CONSTRAINT_FAILED', 'RESIDUE_PHASE_CONSTRAINT_WEAK']",development
N0.500:OGLE-LMC-CEP-0023:phase_scrambled_derd:003,OGLE-LMC-CEP-0023,0,phase_scrambled_derd,0.5,1.5031081781746616,['RESIDUE_PHASE_CONSTRAINT_WEAK'],holdout
N0.500:OGLE-LMC-CEP-0023:generic_fourier:004,OGLE-LMC-CEP-0023,0,generic_fourier,0.5,3.4566835722374245,['RESIDUE_PHASE_CONSTRAINT_WEAK'],development
N0.500:OGLE-LMC-CEP-0023:phase_scrambled_derd:005,OGLE-LMC-CEP-0023,0,phase_scrambled_derd,0.5,52.50190393412588,"['ROOT_OUTSIDE_PHYSICAL_Q_DOMAIN', 'RESIDUE_SIGN_CONSTRAINT_FAILED', 'RESIDUE_PHASE_CONSTRAINT_WEAK', 'AMPLITUDE_RATIO_EXTREME']",development
N0.500:OGLE-LMC-CEP-0023:generic_fourier:006,OGLE-LMC-CEP-0023,0,generic_fourier,0.5,2.210444842879426,['RESIDUE_PHASE_CONSTRAINT_WEAK'],development
N0.500:OGLE-LMC-CEP-0023:phase_scrambled_derd:007,OGLE-LMC-CEP-0023,0,phase_scrambled_derd,0.5,2.497785516094631,"['ROOT_OUTSIDE_PHYSICAL_Q_DOMAIN', 'AMPLITUDE_RATIO_EXTREME']",development
N0.500:OGLE-LMC-CEP-0023:generic_fourier:008,OGLE-LMC-CEP-0023,0,generic_fourier,0.5,2.6234876686826545,['RESIDUE_SIGN_CONSTRAINT_FAILED'],development
N0.500:OGLE-LMC-CEP-0023:phase_scrambled_derd:009,OGLE-LMC-CEP-0023,0,phase_scrambled_derd,0.5,2.2784375696355488,"['RESIDUE_SIGN_CONSTRAINT_FAILED', 'RESIDUE_PHASE_CONSTRAINT_WEAK']",holdout
N0.500:OGLE-LMC-CEP-0023:generic_fourier:010,OGLE-LMC-CEP-0023,0,generic_fourier,0.5,2.9500285738413052,"['RESIDUE_SIGN_CONSTRAINT_FAILED', 'RESIDUE_PHASE_CONSTRAINT_WEAK']",development
N0.500:OGLE-LMC-CEP-0023:phase_scrambled_derd:011,OGLE-LMC-CEP-0023,0,phase_scrambled_derd,0.5,1.696075077746685,"['RESIDUE_SIGN_CONSTRAINT_FAILED', 'RESIDUE_PHASE_CONSTRAINT_WEAK']",development
N0.500:OGLE-LMC-CEP-0025:derd_geometric:000,OGLE-LMC-CEP-0025,1,derd_geometric,0.5,1.2600316561919913,['RESIDUE_PHASE_CONSTRAINT_WEAK'],holdout
N0.500:OGLE-LMC-CEP-0025:derd_geometric:001,OGLE-LMC-CEP-0025,1,derd_geometric,0.5,15.06868923588394,"['ROOT_OUTSIDE_PHYSICAL_Q_DOMAIN', 'RESIDUE_SIGN_CONSTRAINT_FAILED', 'RESIDUE_PHASE_CONSTRAINT_WEAK', 'AMPLITUDE_RATIO_EXTREME']",development
N0.500:OGLE-LMC-CEP-0025:derd_geometric:002,OGLE-LMC-CEP-0025,1,derd_geometric,0.5,2.925078992728947,"['RESIDUE_SIGN_CONSTRAINT_FAILED', 'RESIDUE_PHASE_CONSTRAINT_WEAK']",holdout
N0.500:OGLE-LMC-CEP-0025:derd_geometric:003,OGLE-LMC-CEP-0025,1,derd_geometric,0.5,2.479262403845691,"['RESIDUE_SIGN_CONSTRAINT_FAILED', 'RESIDUE_PHASE_CONSTRAINT_WEAK']",development
N0.500:OGLE-LMC-CEP-0025:derd_geometric:004,OGLE-LMC-CEP-0025,1,derd_geometric,0.5,2.5470774313736926,['RESIDUE_PHASE_CONSTRAINT_WEAK'],holdout
N0.500:OGLE-LMC-CEP-0025:derd_geometric:005,OGLE-LMC-CEP-0025,1,derd_geometric,0.5,0.511511416109662,[],holdout
N0.500:OGLE-LMC-CEP-0025:derd_geometric:006,OGLE-LMC-CEP-0025,1,derd_geometric,0.5,4.469266634411084,"['ROOT_OUTSIDE_PHYSICAL_Q_DOMAIN', 'RESIDUE_PHASE_CONSTRAINT_WEAK', 'AMPLITUDE_RATIO_EXTREME']",development
N0.500:OGLE-LMC-CEP-0025:derd_geometric:007,OGLE-LMC-CEP-0025,1,derd_geometric,0.5,0.9040053150685,['RESIDUE_PHASE_CONSTRAINT_WEAK'],development
N0.500:OGLE-LMC-CEP-0025:derd_geometric:008,OGLE-LMC-CEP-0025,1,derd_geometric,0.5,21.232084323625433,"['ROOT_OUTSIDE_PHYSICAL_Q_DOMAIN', 'RESIDUE_PHASE_CONSTRAINT_WEAK', 'AMPLITUDE_RATIO_EXTREME']",holdout
N0.500:OGLE-LMC-CEP-0025:derd_geometric:009,OGLE-LMC-CEP-0025,1,derd_geometric,0.5,10.432117255428432,"['ROOT_OUTSIDE_PHYSICAL_Q_DOMAIN', 'RESIDUE_PHASE_CONSTRAINT_WEAK', 'AMPLITUDE_RATIO_EXTREME']",development
N0.500:OGLE-LMC-CEP-0025:derd_geometric:010,OGLE-LMC-CEP-0025,1,derd_geometric,0.5,2.3164271487726493,['RESIDUE_PHASE_CONSTRAINT_WEAK'],holdout
N0.500:OGLE-LMC-CEP-0025:derd_geometric:011,OGLE-LMC-CEP-0025,1,derd_geometric,0.5,1.9932912271447802,['RESIDUE_PHASE_CONSTRAINT_WEAK'],development
N0.500:OGLE-LMC-CEP-0025:generic_fourier:000,OGLE-LMC-CEP-0025,0,generic_fourier,0.5,3.229564305851807,"['RESIDUE_SIGN_CONSTRAINT_FAILED', 'RESIDUE_PHASE_CONSTRAINT_WEAK']",development
N0.500:OGLE-LMC-CEP-0025:phase_scrambled_derd:001,OGLE-LMC-CEP-0025,0,phase_scrambled_derd,0.5,2.5736052458277743,"['RESIDUE_SIGN_CONSTRAINT_FAILED', 'RESIDUE_PHASE_CONSTRAINT_WEAK']",development
N0.500:OGLE-LMC-CEP-0025:generic_fourier:002,OGLE-LMC-CEP-0025,0,generic_fourier,0.5,4.223862932723465,"['ROOT_OUTSIDE_PHYSICAL_Q_DOMAIN', 'RESIDUE_SIGN_CONSTRAINT_FAILED', 'RESIDUE_PHASE_CONSTRAINT_WEAK', 'AMPLITUDE_RATIO_EXTREME']",holdout
N0.500:OGLE-LMC-CEP-0025:phase_scrambled_derd:003,OGLE-LMC-CEP-0025,0,phase_scrambled_derd,0.5,3.896022384870496,"['ROOT_OUTSIDE_PHYSICAL_Q_DOMAIN', 'RESIDUE_SIGN_CONSTRAINT_FAILED', 'RESIDUE_PHASE_CONSTRAINT_WEAK', 'AMPLITUDE_RATIO_EXTREME']",development
N0.500:OGLE-LMC-CEP-0025:generic_fourier:004,OGLE-LMC-CEP-0025,0,generic_fourier,0.5,2.7732828828681284,"['RESIDUE_SIGN_CONSTRAINT_FAILED', 'RESIDUE_PHASE_CONSTRAINT_WEAK']",development
N0.500:OGLE-LMC-CEP-0025:phase_scrambled_derd:005,OGLE-LMC-CEP-0025,0,phase_scrambled_derd,0.5,2.4369509042696427,['RESIDUE_PHASE_CONSTRAINT_WEAK'],holdout
N0.500:OGLE-LMC-CEP-0025:generic_fourier:006,OGLE-LMC-CEP-0025,0,generic_fourier,0.5,2.332956290564726,['RESIDUE_PHASE_CONSTRAINT_WEAK'],development
N0.500:OGLE-LMC-CEP-0025:phase_scrambled_derd:007,OGLE-LMC-CEP-0025,0,phase_scrambled_derd,0.5,33.406274039110045,"['ROOT_OUTSIDE_PHYSICAL_Q_DOMAIN', 'RESIDUE_SIGN_CONSTRAINT_FAILED', 'RESIDUE_PHASE_CONSTRAINT_WEAK', 'AMPLITUDE_RATIO_EXTREME']",development
N0.500:OGLE-LMC-CEP-0025:generic_fourier:008,OGLE-LMC-CEP-0025,0,generic_fourier,0.5,10.638303167279789,"['ROOT_OUTSIDE_PHYSICAL_Q_DOMAIN', 'RESIDUE_PHASE_CONSTRAINT_WEAK', 'AMPLITUDE_RATIO_EXTREME']",development
N0.500:OGLE-LMC-CEP-0025:phase_scrambled_derd:009,OGLE-LMC-CEP-0025,0,phase_scrambled_derd,0.5,16.94652131773346,"['ROOT_OUTSIDE_PHYSICAL_Q_DOMAIN', 'RESIDUE_PHASE_CONSTRAINT_WEAK', 'AMPLITUDE_RATIO_EXTREME']",holdout
N0.500:OGLE-LMC-CEP-0025:generic_fourier:010,OGLE-LMC-CEP-0025,0,generic_fourier,0.5,5.455756900283923,"['ROOT_OUTSIDE_PHYSICAL_Q_DOMAIN', 'RESIDUE_SIGN_CONSTRAINT_FAILED', 'RESIDUE_PHASE_CONSTRAINT_WEAK', 'AMPLITUDE_RATIO_EXTREME']",holdout
N0.500:OGLE-LMC-CEP-0025:phase_scrambled_derd:011,OGLE-LMC-CEP-0025,0,phase_scrambled_derd,0.5,8.561428659268822,"['ROOT_OUTSIDE_PHYSICAL_Q_DOMAIN', 'RESIDUE_PHASE_CONSTRAINT_WEAK', 'AMPLITUDE_RATIO_EXTREME']",development
N0.500:OGLE-LMC-CEP-0026:derd_geometric:000,OGLE-LMC-CEP-0026,1,derd_geometric,0.5,1.4180398468079012,"['RESIDUE_SIGN_CONSTRAINT_FAILED', 'RESIDUE_PHASE_CONSTRAINT_WEAK']",holdout
N0.500:OGLE-LMC-CEP-0026:derd_geometric:001,OGLE-LMC-CEP-0026,1,derd_geometric,0.5,1.4287140766844804,['RESIDUE_PHASE_CONSTRAINT_WEAK'],development
N0.500:OGLE-LMC-CEP-0026:derd_geometric:002,OGLE-LMC-CEP-0026,1,derd_geometric,0.5,1.8369701702334051,"['RESIDUE_SIGN_CONSTRAINT_FAILED', 'RESIDUE_PHASE_CONSTRAINT_WEAK']",development
N0.500:OGLE-LMC-CEP-0026:derd_geometric:003,OGLE-LMC-CEP-0026,1,derd_geometric,0.5,1.170845089124313,"['RESIDUE_SIGN_CONSTRAINT_FAILED', 'RESIDUE_PHASE_CONSTRAINT_WEAK']",development
N0.500:OGLE-LMC-CEP-0026:derd_geometric:004,OGLE-LMC-CEP-0026,1,derd_geometric,0.5,3.612243282751296,"['ROOT_OUTSIDE_PHYSICAL_Q_DOMAIN', 'RESIDUE_SIGN_CONSTRAINT_FAILED', 'AMPLITUDE_RATIO_EXTREME']",development
N0.500:OGLE-LMC-CEP-0026:derd_geometric:005,OGLE-LMC-CEP-0026,1,derd_geometric,0.5,2.5628240744271045,"['RESIDUE_SIGN_CONSTRAINT_FAILED', 'RESIDUE_PHASE_CONSTRAINT_WEAK']",development
N0.500:OGLE-LMC-CEP-0026:derd_geometric:006,OGLE-LMC-CEP-0026,1,derd_geometric,0.5,1.682877907813214,"['RESIDUE_SIGN_CONSTRAINT_FAILED', 'RESIDUE_PHASE_CONSTRAINT_WEAK']",development
N0.500:OGLE-LMC-CEP-0026:derd_geometric:007,OGLE-LMC-CEP-0026,1,derd_geometric,0.5,2.1878784533090596,"['ROOT_OUTSIDE_PHYSICAL_Q_DOMAIN', 'RESIDUE_SIGN_CONSTRAINT_FAILED', 'RESIDUE_PHASE_CONSTRAINT_WEAK', 'AMPLITUDE_RATIO_EXTREME']",development
N0.500:OGLE-LMC-CEP-0026:derd_geometric:008,OGLE-LMC-CEP-0026,1,derd_geometric,0.5,62.31083813762502,"['ROOT_OUTSIDE_PHYSICAL_Q_DOMAIN', 'RESIDUE_SIGN_CONSTRAINT_FAILED', 'RESIDUE_PHASE_CONSTRAINT_WEAK', 'AMPLITUDE_RATIO_EXTREME']",development
N0.500:OGLE-LMC-CEP-0026:derd_geometric:009,OGLE-LMC-CEP-0026,1,derd_geometric,0.5,6.549158086893994,"['ROOT_OUTSIDE_PHYSICAL_Q_DOMAIN', 'RESIDUE_SIGN_CONSTRAINT_FAILED', 'RESIDUE_PHASE_CONSTRAINT_WEAK', 'AMPLITUDE_RATIO_EXTREME']",holdout
N0.500:OGLE-LMC-CEP-0026:derd_geometric:010,OGLE-LMC-CEP-0026,1,derd_geometric,0.5,1.673734728606602,['RESIDUE_PHASE_CONSTRAINT_WEAK'],development
N0.500:OGLE-LMC-CEP-0026:derd_geometric:011,OGLE-LMC-CEP-0026,1,derd_geometric,0.5,0.5462716122444384,[],development
N0.500:OGLE-LMC-CEP-0026:generic_fourier:000,OGLE-LMC-CEP-0026,0,generic_fourier,0.5,2.7566570304857114,"['RESIDUE_SIGN_CONSTRAINT_FAILED', 'RESIDUE_PHASE_CONSTRAINT_WEAK']",development
N0.500:OGLE-LMC-CEP-0026:phase_scrambled_derd:001,OGLE-LMC-CEP-0026,0,phase_scrambled_derd,0.5,1.7825086043686973,"['RESIDUE_SIGN_CONSTRAINT_FAILED', 'RESIDUE_PHASE_CONSTRAINT_WEAK']",development
N0.500:OGLE-LMC-CEP-0026:generic_fourier:002,OGLE-LMC-CEP-0026,0,generic_fourier,0.5,2.869851765966453,"['RESIDUE_SIGN_CONSTRAINT_FAILED', 'RESIDUE_PHASE_CONSTRAINT_WEAK']",development
N0.500:OGLE-LMC-CEP-0026:phase_scrambled_derd:003,OGLE-LMC-CEP-0026,0,phase_scrambled_derd,0.5,1.7122616489480522,"['RESIDUE_SIGN_CONSTRAINT_FAILED', 'RESIDUE_PHASE_CONSTRAINT_WEAK']",development
N0.500:OGLE-LMC-CEP-0026:generic_fourier:004,OGLE-LMC-CEP-0026,0,generic_fourier,0.5,3.250489860364837,"['RESIDUE_SIGN_CONSTRAINT_FAILED', 'RESIDUE_PHASE_CONSTRAINT_WEAK']",development
N0.500:OGLE-LMC-CEP-0026:phase_scrambled_derd:005,OGLE-LMC-CEP-0026,0,phase_scrambled_derd,0.5,1.654913441707864,['RESIDUE_PHASE_CONSTRAINT_WEAK'],development
N0.500:OGLE-LMC-CEP-0026:generic_fourier:006,OGLE-LMC-CEP-0026,0,generic_fourier,0.5,2.8404312565313585,"['RESIDUE_SIGN_CONSTRAINT_FAILED', 'RESIDUE_PHASE_CONSTRAINT_WEAK']",development
N0.500:OGLE-LMC-CEP-0026:phase_scrambled_derd:007,OGLE-LMC-CEP-0026,0,phase_scrambled_derd,0.5,2.495977855002183,"['RESIDUE_SIGN_CONSTRAINT_FAILED', 'RESIDUE_PHASE_CONSTRAINT_WEAK']",development
N0.500:OGLE-LMC-CEP-0026:generic_fourier:008,OGLE-LMC-CEP-0026,0,generic_fourier,0.5,14.368268590629345,"['ROOT_OUTSIDE_PHYSICAL_Q_DOMAIN', 'RESIDUE_SIGN_CONSTRAINT_FAILED', 'AMPLITUDE_RATIO_EXTREME']",development
N0.500:OGLE-LMC-CEP-0026:phase_scrambled_derd:009,OGLE-LMC-CEP-0026,0,phase_scrambled_derd,0.5,2.1570302265341503,"['RESIDUE_SIGN_CONSTRAINT_FAILED', 'RESIDUE_PHASE_CONSTRAINT_WEAK']",development
N0.500:OGLE-LMC-CEP-0026:generic_fourier:010,OGLE-LMC-CEP-0026,0,generic_fourier,0.5,4.557234329092833,"['ROOT_OUTSIDE_PHYSICAL_Q_DOMAIN', 'RESIDUE_PHASE_CONSTRAINT_WEAK', 'AMPLITUDE_RATIO_EXTREME']",holdout
N0.500:OGLE-LMC-CEP-0026:phase_scrambled_derd:011,OGLE-LMC-CEP-0026,0,phase_scrambled_derd,0.5,2.4558224009660776,"['RESIDUE_SIGN_CONSTRAINT_FAILED', 'RESIDUE_PHASE_CONSTRAINT_WEAK']",development
N0.500:OGLE-LMC-CEP-0027:derd_geometric:000,OGLE-LMC-CEP-0027,1,derd_geometric,0.5,2.3115155067218516,['RESIDUE_PHASE_CONSTRAINT_WEAK'],development
N0.500:OGLE-LMC-CEP-0027:derd_geometric:001,OGLE-LMC-CEP-0027,1,derd_geometric,0.5,1.6627616803578054,"['RESIDUE_SIGN_CONSTRAINT_FAILED', 'RESIDUE_PHASE_CONSTRAINT_WEAK']",development
N0.500:OGLE-LMC-CEP-0027:derd_geometric:002,OGLE-LMC-CEP-0027,1,derd_geometric,0.5,3.95296716204888,"['ROOT_OUTSIDE_PHYSICAL_Q_DOMAIN', 'RESIDUE_SIGN_CONSTRAINT_FAILED', 'RESIDUE_PHASE_CONSTRAINT_WEAK', 'AMPLITUDE_RATIO_EXTREME']",development
N0.500:OGLE-LMC-CEP-0027:derd_geometric:003,OGLE-LMC-CEP-0027,1,derd_geometric,0.5,1.3254057439512967,['RESIDUE_PHASE_CONSTRAINT_WEAK'],development
N0.500:OGLE-LMC-CEP-0027:derd_geometric:004,OGLE-LMC-CEP-0027,1,derd_geometric,0.5,2.892849706782224,"['RESIDUE_SIGN_CONSTRAINT_FAILED', 'RESIDUE_PHASE_CONSTRAINT_WEAK']",development
N0.500:OGLE-LMC-CEP-0027:derd_geometric:005,OGLE-LMC-CEP-0027,1,derd_geometric,0.5,4.149065141888728,"['ROOT_OUTSIDE_PHYSICAL_Q_DOMAIN', 'RESIDUE_SIGN_CONSTRAINT_FAILED', 'RESIDUE_PHASE_CONSTRAINT_WEAK', 'AMPLITUDE_RATIO_EXTREME']",development
N0.500:OGLE-LMC-CEP-0027:derd_geometric:006,OGLE-LMC-CEP-0027,1,derd_geometric,0.5,1.806830100925861,['RESIDUE_PHASE_CONSTRAINT_WEAK'],development
N0.500:OGLE-LMC-CEP-0027:derd_geometric:007,OGLE-LMC-CEP-0027,1,derd_geometric,0.5,1.6372236382470886,['RESIDUE_PHASE_CONSTRAINT_WEAK'],development
N0.500:OGLE-LMC-CEP-0027:derd_geometric:008,OGLE-LMC-CEP-0027,1,derd_geometric,0.5,2.3036880916640903,"['RESIDUE_SIGN_CONSTRAINT_FAILED', 'RESIDUE_PHASE_CONSTRAINT_WEAK']",development
N0.500:OGLE-LMC-CEP-0027:derd_geometric:009,OGLE-LMC-CEP-0027,1,derd_geometric,0.5,5.072103615587123,"['ROOT_OUTSIDE_PHYSICAL_Q_DOMAIN', 'RESIDUE_SIGN_CONSTRAINT_FAILED', 'RESIDUE_PHASE_CONSTRAINT_WEAK', 'AMPLITUDE_RATIO_EXTREME']",development
N0.500:OGLE-LMC-CEP-0027:derd_geometric:010,OGLE-LMC-CEP-0027,1,derd_geometric,0.5,1.5638777250217237,['RESIDUE_PHASE_CONSTRAINT_WEAK'],development
N0.500:OGLE-LMC-CEP-0027:derd_geometric:011,OGLE-LMC-CEP-0027,1,derd_geometric,0.5,2.6110881443585794,"['RESIDUE_SIGN_CONSTRAINT_FAILED', 'RESIDUE_PHASE_CONSTRAINT_WEAK']",holdout
N0.500:OGLE-LMC-CEP-0027:generic_fourier:000,OGLE-LMC-CEP-0027,0,generic_fourier,0.5,2.9599544285717294,"['RESIDUE_SIGN_CONSTRAINT_FAILED', 'RESIDUE_PHASE_CONSTRAINT_WEAK']",development
N0.500:OGLE-LMC-CEP-0027:phase_scrambled_derd:001,OGLE-LMC-CEP-0027,0,phase_scrambled_derd,0.5,2.191322764246445,['RESIDUE_PHASE_CONSTRAINT_WEAK'],development
N0.500:OGLE-LMC-CEP-0027:generic_fourier:002,OGLE-LMC-CEP-0027,0,generic_fourier,0.5,10.340017274631425,"['ROOT_OUTSIDE_PHYSICAL_Q_DOMAIN', 'RESIDUE_SIGN_CONSTRAINT_FAILED', 'AMPLITUDE_RATIO_EXTREME']",holdout
N0.500:OGLE-LMC-CEP-0027:phase_scrambled_derd:003,OGLE-LMC-CEP-0027,0,phase_scrambled_derd,0.5,4.147791285435167,"['ROOT_OUTSIDE_PHYSICAL_Q_DOMAIN', 'RESIDUE_PHASE_CONSTRAINT_WEAK', 'AMPLITUDE_RATIO_EXTREME']",holdout
N0.500:OGLE-LMC-CEP-0027:generic_fourier:004,OGLE-LMC-CEP-0027,0,generic_fourier,0.5,2.2998906224619673,['RESIDUE_PHASE_CONSTRAINT_WEAK'],development
N0.500:OGLE-LMC-CEP-0027:phase_scrambled_derd:005,OGLE-LMC-CEP-0027,0,phase_scrambled_derd,0.5,0.9530860308388829,['RESIDUE_PHASE_CONSTRAINT_WEAK'],holdout
N0.500:OGLE-LMC-CEP-0027:generic_fourier:006,OGLE-LMC-CEP-0027,0,generic_fourier,0.5,2.6656422186514717,"['RESIDUE_SIGN_CONSTRAINT_FAILED', 'RESIDUE_PHASE_CONSTRAINT_WEAK']",development
N0.500:OGLE-LMC-CEP-0027:phase_scrambled_derd:007,OGLE-LMC-CEP-0027,0,phase_scrambled_derd,0.5,1.0261003176995351,['RESIDUE_PHASE_CONSTRAINT_WEAK'],development
N0.500:OGLE-LMC-CEP-0027:generic_fourier:008,OGLE-LMC-CEP-0027,0,generic_fourier,0.5,2.4679204817269853,['RESIDUE_PHASE_CONSTRAINT_WEAK'],holdout
N0.500:OGLE-LMC-CEP-0027:phase_scrambled_derd:009,OGLE-LMC-CEP-0027,0,phase_scrambled_derd,0.5,1.2055106040106411,"['RESIDUE_SIGN_CONSTRAINT_FAILED', 'RESIDUE_PHASE_CONSTRAINT_WEAK']",holdout
N0.500:OGLE-LMC-CEP-0027:generic_fourier:010,OGLE-LMC-CEP-0027,0,generic_fourier,0.5,17.698802628032944,"['ROOT_OUTSIDE_PHYSICAL_Q_DOMAIN', 'RESIDUE_PHASE_CONSTRAINT_WEAK', 'AMPLITUDE_RATIO_EXTREME']",development
N0.500:OGLE-LMC-CEP-0027:phase_scrambled_derd:011,OGLE-LMC-CEP-0027,0,phase_scrambled_derd,0.5,1.578273315349468,"['RESIDUE_SIGN_CONSTRAINT_FAILED', 'RESIDUE_PHASE_CONSTRAINT_WEAK']",holdout
N1.000:OGLE-LMC-CEP-0001:derd_geometric:000,OGLE-LMC-CEP-0001,1,derd_geometric,1.0,6.554679105616423,"['ROOT_OUTSIDE_PHYSICAL_Q_DOMAIN', 'RESIDUE_PHASE_CONSTRAINT_WEAK', 'AMPLITUDE_RATIO_EXTREME']",holdout
N1.000:OGLE-LMC-CEP-0001:derd_geometric:001,OGLE-LMC-CEP-0001,1,derd_geometric,1.0,1.142904526307979,['RESIDUE_PHASE_CONSTRAINT_WEAK'],development
N1.000:OGLE-LMC-CEP-0001:derd_geometric:002,OGLE-LMC-CEP-0001,1,derd_geometric,1.0,2.7802027814280383,"['RESIDUE_SIGN_CONSTRAINT_FAILED', 'RESIDUE_PHASE_CONSTRAINT_WEAK']",development
N1.000:OGLE-LMC-CEP-0001:derd_geometric:003,OGLE-LMC-CEP-0001,1,derd_geometric,1.0,6.043216370231734,"['ROOT_OUTSIDE_PHYSICAL_Q_DOMAIN', 'RESIDUE_PHASE_CONSTRAINT_WEAK', 'AMPLITUDE_RATIO_EXTREME']",development
N1.000:OGLE-LMC-CEP-0001:derd_geometric:004,OGLE-LMC-CEP-0001,1,derd_geometric,1.0,2.8355083012055156,"['RESIDUE_SIGN_CONSTRAINT_FAILED', 'RESIDUE_PHASE_CONSTRAINT_WEAK']",development
N1.000:OGLE-LMC-CEP-0001:derd_geometric:005,OGLE-LMC-CEP-0001,1,derd_geometric,1.0,4.777867597275808,"['ROOT_OUTSIDE_PHYSICAL_Q_DOMAIN', 'RESIDUE_SIGN_CONSTRAINT_FAILED', 'RESIDUE_PHASE_CONSTRAINT_WEAK', 'AMPLITUDE_RATIO_EXTREME']",development
N1.000:OGLE-LMC-CEP-0001:derd_geometric:006,OGLE-LMC-CEP-0001,1,derd_geometric,1.0,4.011293994614563,"['ROOT_OUTSIDE_PHYSICAL_Q_DOMAIN', 'RESIDUE_PHASE_CONSTRAINT_WEAK', 'AMPLITUDE_RATIO_EXTREME']",development
N1.000:OGLE-LMC-CEP-0001:derd_geometric:007,OGLE-LMC-CEP-0001,1,derd_geometric,1.0,4.286692238121082,"['ROOT_OUTSIDE_PHYSICAL_Q_DOMAIN', 'RESIDUE_PHASE_CONSTRAINT_WEAK', 'AMPLITUDE_RATIO_EXTREME']",development
N1.000:OGLE-LMC-CEP-0001:derd_geometric:008,OGLE-LMC-CEP-0001,1,derd_geometric,1.0,6.00796788743887,"['ROOT_OUTSIDE_PHYSICAL_Q_DOMAIN', 'RESIDUE_PHASE_CONSTRAINT_WEAK', 'AMPLITUDE_RATIO_EXTREME']",development
N1.000:OGLE-LMC-CEP-0001:derd_geometric:009,OGLE-LMC-CEP-0001,1,derd_geometric,1.0,6.773126070516183,"['ROOT_OUTSIDE_PHYSICAL_Q_DOMAIN', 'RESIDUE_PHASE_CONSTRAINT_WEAK', 'AMPLITUDE_RATIO_EXTREME']",development
N1.000:OGLE-LMC-CEP-0001:derd_geometric:010,OGLE-LMC-CEP-0001,1,derd_geometric,1.0,6.022621720626113,"['ROOT_OUTSIDE_PHYSICAL_Q_DOMAIN', 'RESIDUE_SIGN_CONSTRAINT_FAILED', 'RESIDUE_PHASE_CONSTRAINT_WEAK', 'AMPLITUDE_RATIO_EXTREME']",development
N1.000:OGLE-LMC-CEP-0001:derd_geometric:011,OGLE-LMC-CEP-0001,1,derd_geometric,1.0,2.5357333201699763,"['RESIDUE_SIGN_CONSTRAINT_FAILED', 'RESIDUE_PHASE_CONSTRAINT_WEAK']",development
N1.000:OGLE-LMC-CEP-0001:generic_fourier:000,OGLE-LMC-CEP-0001,0,generic_fourier,1.0,2.794742683764099,"['RESIDUE_SIGN_CONSTRAINT_FAILED', 'RESIDUE_PHASE_CONSTRAINT_WEAK']",holdout
N1.000:OGLE-LMC-CEP-0001:phase_scrambled_derd:001,OGLE-LMC-CEP-0001,0,phase_scrambled_derd,1.0,10.115506786210728,"['ROOT_OUTSIDE_PHYSICAL_Q_DOMAIN', 'RESIDUE_SIGN_CONSTRAINT_FAILED', 'RESIDUE_PHASE_CONSTRAINT_WEAK', 'AMPLITUDE_RATIO_EXTREME']",development
N1.000:OGLE-LMC-CEP-0001:generic_fourier:002,OGLE-LMC-CEP-0001,0,generic_fourier,1.0,1.5447572064884412,['RESIDUE_PHASE_CONSTRAINT_WEAK'],development
N1.000:OGLE-LMC-CEP-0001:phase_scrambled_derd:003,OGLE-LMC-CEP-0001,0,phase_scrambled_derd,1.0,2.165249055810538,"['RESIDUE_SIGN_CONSTRAINT_FAILED', 'RESIDUE_PHASE_CONSTRAINT_WEAK']",development
N1.000:OGLE-LMC-CEP-0001:generic_fourier:004,OGLE-LMC-CEP-0001,0,generic_fourier,1.0,2.734476852676352,"['RESIDUE_SIGN_CONSTRAINT_FAILED', 'RESIDUE_PHASE_CONSTRAINT_WEAK']",development
N1.000:OGLE-LMC-CEP-0001:phase_scrambled_derd:005,OGLE-LMC-CEP-0001,0,phase_scrambled_derd,1.0,2.6668342879989813,"['RESIDUE_SIGN_CONSTRAINT_FAILED', 'RESIDUE_PHASE_CONSTRAINT_WEAK']",holdout
N1.000:OGLE-LMC-CEP-0001:generic_fourier:006,OGLE-LMC-CEP-0001,0,generic_fourier,1.0,8.171555598921282,"['ROOT_OUTSIDE_PHYSICAL_Q_DOMAIN', 'RESIDUE_SIGN_CONSTRAINT_FAILED', 'RESIDUE_PHASE_CONSTRAINT_WEAK', 'AMPLITUDE_RATIO_EXTREME']",development
N1.000:OGLE-LMC-CEP-0001:phase_scrambled_derd:007,OGLE-LMC-CEP-0001,0,phase_scrambled_derd,1.0,16.214676681659707,"['ROOT_OUTSIDE_PHYSICAL_Q_DOMAIN', 'RESIDUE_SIGN_CONSTRAINT_FAILED', 'RESIDUE_PHASE_CONSTRAINT_WEAK', 'AMPLITUDE_RATIO_EXTREME']",development
N1.000:OGLE-LMC-CEP-0001:generic_fourier:008,OGLE-LMC-CEP-0001,0,generic_fourier,1.0,3.3158125035605535,"['ROOT_OUTSIDE_PHYSICAL_Q_DOMAIN', 'RESIDUE_PHASE_CONSTRAINT_WEAK', 'AMPLITUDE_RATIO_EXTREME']",development
N1.000:OGLE-LMC-CEP-0001:phase_scrambled_derd:009,OGLE-LMC-CEP-0001,0,phase_scrambled_derd,1.0,2.6681312363634833,"['RESIDUE_SIGN_CONSTRAINT_FAILED', 'RESIDUE_PHASE_CONSTRAINT_WEAK']",holdout
N1.000:OGLE-LMC-CEP-0001:generic_fourier:010,OGLE-LMC-CEP-0001,0,generic_fourier,1.0,9.737245819894365,"['ROOT_OUTSIDE_PHYSICAL_Q_DOMAIN', 'RESIDUE_PHASE_CONSTRAINT_WEAK', 'AMPLITUDE_RATIO_EXTREME']",development
N1.000:OGLE-LMC-CEP-0001:phase_scrambled_derd:011,OGLE-LMC-CEP-0001,0,phase_scrambled_derd,1.0,2.3138579879142807,['RESIDUE_PHASE_CONSTRAINT_WEAK'],development
N1.000:OGLE-LMC-CEP-0002:derd_geometric:000,OGLE-LMC-CEP-0002,1,derd_geometric,1.0,2.5465271891586454,"['RESIDUE_SIGN_CONSTRAINT_FAILED', 'RESIDUE_PHASE_CONSTRAINT_WEAK']",development
N1.000:OGLE-LMC-CEP-0002:derd_geometric:001,OGLE-LMC-CEP-0002,1,derd_geometric,1.0,3.753209561043191,"['ROOT_OUTSIDE_PHYSICAL_Q_DOMAIN', 'RESIDUE_PHASE_CONSTRAINT_WEAK', 'AMPLITUDE_RATIO_EXTREME']",development
N1.000:OGLE-LMC-CEP-0002:derd_geometric:002,OGLE-LMC-CEP-0002,1,derd_geometric,1.0,6.958734168798723,"['ROOT_OUTSIDE_PHYSICAL_Q_DOMAIN', 'RESIDUE_SIGN_CONSTRAINT_FAILED', 'RESIDUE_PHASE_CONSTRAINT_WEAK', 'AMPLITUDE_RATIO_EXTREME']",development
N1.000:OGLE-LMC-CEP-0002:derd_geometric:003,OGLE-LMC-CEP-0002,1,derd_geometric,1.0,3.4949687790658364,"['ROOT_OUTSIDE_PHYSICAL_Q_DOMAIN', 'RESIDUE_PHASE_CONSTRAINT_WEAK', 'AMPLITUDE_RATIO_EXTREME']",holdout
N1.000:OGLE-LMC-CEP-0002:derd_geometric:004,OGLE-LMC-CEP-0002,1,derd_geometric,1.0,3.5987912574294687,"['ROOT_OUTSIDE_PHYSICAL_Q_DOMAIN', 'AMPLITUDE_RATIO_EXTREME']",development
N1.000:OGLE-LMC-CEP-0002:derd_geometric:005,OGLE-LMC-CEP-0002,1,derd_geometric,1.0,10.170170328870624,"['ROOT_OUTSIDE_PHYSICAL_Q_DOMAIN', 'RESIDUE_PHASE_CONSTRAINT_WEAK', 'AMPLITUDE_RATIO_EXTREME']",development
N1.000:OGLE-LMC-CEP-0002:derd_geometric:006,OGLE-LMC-CEP-0002,1,derd_geometric,1.0,1.515857798026782,['RESIDUE_PHASE_CONSTRAINT_WEAK'],development
N1.000:OGLE-LMC-CEP-0002:derd_geometric:007,OGLE-LMC-CEP-0002,1,derd_geometric,1.0,6.6572759003456925,"['ROOT_OUTSIDE_PHYSICAL_Q_DOMAIN', 'RESIDUE_PHASE_CONSTRAINT_WEAK', 'AMPLITUDE_RATIO_EXTREME']",development
N1.000:OGLE-LMC-CEP-0002:derd_geometric:008,OGLE-LMC-CEP-0002,1,derd_geometric,1.0,1.4352024955108007,['RESIDUE_PHASE_CONSTRAINT_WEAK'],holdout
N1.000:OGLE-LMC-CEP-0002:derd_geometric:009,OGLE-LMC-CEP-0002,1,derd_geometric,1.0,4.338989969467557,"['ROOT_OUTSIDE_PHYSICAL_Q_DOMAIN', 'RESIDUE_SIGN_CONSTRAINT_FAILED', 'RESIDUE_PHASE_CONSTRAINT_WEAK', 'AMPLITUDE_RATIO_EXTREME']",development
N1.000:OGLE-LMC-CEP-0002:derd_geometric:010,OGLE-LMC-CEP-0002,1,derd_geometric,1.0,4.651307120312365,"['ROOT_OUTSIDE_PHYSICAL_Q_DOMAIN', 'RESIDUE_SIGN_CONSTRAINT_FAILED', 'RESIDUE_PHASE_CONSTRAINT_WEAK', 'AMPLITUDE_RATIO_EXTREME']",holdout
N1.000:OGLE-LMC-CEP-0002:derd_geometric:011,OGLE-LMC-CEP-0002,1,derd_geometric,1.0,3.7936126558326264,"['ROOT_OUTSIDE_PHYSICAL_Q_DOMAIN', 'RESIDUE_PHASE_CONSTRAINT_WEAK', 'AMPLITUDE_RATIO_EXTREME']",holdout
N1.000:OGLE-LMC-CEP-0002:generic_fourier:000,OGLE-LMC-CEP-0002,0,generic_fourier,1.0,7.071516377976162,"['ROOT_OUTSIDE_PHYSICAL_Q_DOMAIN', 'RESIDUE_PHASE_CONSTRAINT_WEAK', 'AMPLITUDE_RATIO_EXTREME']",development
N1.000:OGLE-LMC-CEP-0002:phase_scrambled_derd:001,OGLE-LMC-CEP-0002,0,phase_scrambled_derd,1.0,2.2533296770761564,['RESIDUE_PHASE_CONSTRAINT_WEAK'],development
N1.000:OGLE-LMC-CEP-0002:generic_fourier:002,OGLE-LMC-CEP-0002,0,generic_fourier,1.0,2.939414321256379,"['RESIDUE_SIGN_CONSTRAINT_FAILED', 'RESIDUE_PHASE_CONSTRAINT_WEAK']",development
N1.000:OGLE-LMC-CEP-0002:phase_scrambled_derd:003,OGLE-LMC-CEP-0002,0,phase_scrambled_derd,1.0,4.121408933659536,"['ROOT_OUTSIDE_PHYSICAL_Q_DOMAIN', 'RESIDUE_PHASE_CONSTRAINT_WEAK', 'AMPLITUDE_RATIO_EXTREME']",holdout
N1.000:OGLE-LMC-CEP-0002:generic_fourier:004,OGLE-LMC-CEP-0002,0,generic_fourier,1.0,5.509876625824204,"['ROOT_OUTSIDE_PHYSICAL_Q_DOMAIN', 'RESIDUE_SIGN_CONSTRAINT_FAILED', 'RESIDUE_PHASE_CONSTRAINT_WEAK', 'AMPLITUDE_RATIO_EXTREME']",holdout
N1.000:OGLE-LMC-CEP-0002:phase_scrambled_derd:005,OGLE-LMC-CEP-0002,0,phase_scrambled_derd,1.0,9.55357526880799,"['ROOT_OUTSIDE_PHYSICAL_Q_DOMAIN', 'RESIDUE_SIGN_CONSTRAINT_FAILED', 'RESIDUE_PHASE_CONSTRAINT_WEAK', 'AMPLITUDE_RATIO_EXTREME']",development
N1.000:OGLE-LMC-CEP-0002:generic_fourier:006,OGLE-LMC-CEP-0002,0,generic_fourier,1.0,2.7368552747075836,"['RESIDUE_SIGN_CONSTRAINT_FAILED', 'RESIDUE_PHASE_CONSTRAINT_WEAK']",holdout
N1.000:OGLE-LMC-CEP-0002:phase_scrambled_derd:007,OGLE-LMC-CEP-0002,0,phase_scrambled_derd,1.0,3.9807673962161916,"['ROOT_OUTSIDE_PHYSICAL_Q_DOMAIN', 'RESIDUE_PHASE_CONSTRAINT_WEAK', 'AMPLITUDE_RATIO_EXTREME']",development
N1.000:OGLE-LMC-CEP-0002:generic_fourier:008,OGLE-LMC-CEP-0002,0,generic_fourier,1.0,18.4597129972444,"['ROOT_OUTSIDE_PHYSICAL_Q_DOMAIN', 'RESIDUE_SIGN_CONSTRAINT_FAILED', 'RESIDUE_PHASE_CONSTRAINT_WEAK', 'AMPLITUDE_RATIO_EXTREME']",holdout
N1.000:OGLE-LMC-CEP-0002:phase_scrambled_derd:009,OGLE-LMC-CEP-0002,0,phase_scrambled_derd,1.0,3.213513100698507,"['ROOT_OUTSIDE_PHYSICAL_Q_DOMAIN', 'RESIDUE_PHASE_CONSTRAINT_WEAK', 'AMPLITUDE_RATIO_EXTREME']",development
N1.000:OGLE-LMC-CEP-0002:generic_fourier:010,OGLE-LMC-CEP-0002,0,generic_fourier,1.0,2.9617476004663223,"['RESIDUE_SIGN_CONSTRAINT_FAILED', 'RESIDUE_PHASE_CONSTRAINT_WEAK']",holdout
N1.000:OGLE-LMC-CEP-0002:phase_scrambled_derd:011,OGLE-LMC-CEP-0002,0,phase_scrambled_derd,1.0,2.107431876880132,['RESIDUE_PHASE_CONSTRAINT_WEAK'],development
N1.000:OGLE-LMC-CEP-0003:derd_geometric:000,OGLE-LMC-CEP-0003,1,derd_geometric,1.0,4.821800200523722,"['ROOT_OUTSIDE_PHYSICAL_Q_DOMAIN', 'AMPLITUDE_RATIO_EXTREME']",holdout
N1.000:OGLE-LMC-CEP-0003:derd_geometric:001,OGLE-LMC-CEP-0003,1,derd_geometric,1.0,2.682058625263777,"['RESIDUE_SIGN_CONSTRAINT_FAILED', 'RESIDUE_PHASE_CONSTRAINT_WEAK']",development
N1.000:OGLE-LMC-CEP-0003:derd_geometric:002,OGLE-LMC-CEP-0003,1,derd_geometric,1.0,20.00602578465068,"['ROOT_OUTSIDE_PHYSICAL_Q_DOMAIN', 'RESIDUE_SIGN_CONSTRAINT_FAILED', 'RESIDUE_PHASE_CONSTRAINT_WEAK', 'AMPLITUDE_RATIO_EXTREME']",development
N1.000:OGLE-LMC-CEP-0003:derd_geometric:003,OGLE-LMC-CEP-0003,1,derd_geometric,1.0,10.721020463854073,"['ROOT_OUTSIDE_PHYSICAL_Q_DOMAIN', 'RESIDUE_SIGN_CONSTRAINT_FAILED', 'RESIDUE_PHASE_CONSTRAINT_WEAK', 'AMPLITUDE_RATIO_EXTREME']",development
N1.000:OGLE-LMC-CEP-0003:derd_geometric:004,OGLE-LMC-CEP-0003,1,derd_geometric,1.0,2.3945807285561567,['RESIDUE_PHASE_CONSTRAINT_WEAK'],development
N1.000:OGLE-LMC-CEP-0003:derd_geometric:005,OGLE-LMC-CEP-0003,1,derd_geometric,1.0,2.322734348740109,"['RESIDUE_SIGN_CONSTRAINT_FAILED', 'RESIDUE_PHASE_CONSTRAINT_WEAK']",development
N1.000:OGLE-LMC-CEP-0003:derd_geometric:006,OGLE-LMC-CEP-0003,1,derd_geometric,1.0,5.157050748975361,"['ROOT_OUTSIDE_PHYSICAL_Q_DOMAIN', 'RESIDUE_PHASE_CONSTRAINT_WEAK', 'AMPLITUDE_RATIO_EXTREME']",development
N1.000:OGLE-LMC-CEP-0003:derd_geometric:007,OGLE-LMC-CEP-0003,1,derd_geometric,1.0,5.5898280982606,"['ROOT_OUTSIDE_PHYSICAL_Q_DOMAIN', 'RESIDUE_SIGN_CONSTRAINT_FAILED', 'RESIDUE_PHASE_CONSTRAINT_WEAK', 'AMPLITUDE_RATIO_EXTREME']",holdout
N1.000:OGLE-LMC-CEP-0003:derd_geometric:008,OGLE-LMC-CEP-0003,1,derd_geometric,1.0,1.9620105618564938,['RESIDUE_PHASE_CONSTRAINT_WEAK'],development
N1.000:OGLE-LMC-CEP-0003:derd_geometric:009,OGLE-LMC-CEP-0003,1,derd_geometric,1.0,4.081253153565497,"['ROOT_OUTSIDE_PHYSICAL_Q_DOMAIN', 'RESIDUE_SIGN_CONSTRAINT_FAILED', 'RESIDUE_PHASE_CONSTRAINT_WEAK', 'AMPLITUDE_RATIO_EXTREME']",holdout
N1.000:OGLE-LMC-CEP-0003:derd_geometric:010,OGLE-LMC-CEP-0003,1,derd_geometric,1.0,4.594148823351725,"['ROOT_OUTSIDE_PHYSICAL_Q_DOMAIN', 'RESIDUE_SIGN_CONSTRAINT_FAILED', 'AMPLITUDE_RATIO_EXTREME']",holdout
N1.000:OGLE-LMC-CEP-0003:derd_geometric:011,OGLE-LMC-CEP-0003,1,derd_geometric,1.0,9.58023566231391,"['ROOT_OUTSIDE_PHYSICAL_Q_DOMAIN', 'RESIDUE_PHASE_CONSTRAINT_WEAK', 'AMPLITUDE_RATIO_EXTREME']",holdout
N1.000:OGLE-LMC-CEP-0003:generic_fourier:000,OGLE-LMC-CEP-0003,0,generic_fourier,1.0,9.526353420072788,"['ROOT_OUTSIDE_PHYSICAL_Q_DOMAIN', 'RESIDUE_PHASE_CONSTRAINT_WEAK', 'AMPLITUDE_RATIO_EXTREME']",holdout
N1.000:OGLE-LMC-CEP-0003:phase_scrambled_derd:001,OGLE-LMC-CEP-0003,0,phase_scrambled_derd,1.0,2.1482494708937905,"['RESIDUE_SIGN_CONSTRAINT_FAILED', 'RESIDUE_PHASE_CONSTRAINT_WEAK']",development
N1.000:OGLE-LMC-CEP-0003:generic_fourier:002,OGLE-LMC-CEP-0003,0,generic_fourier,1.0,6.818489357695262,"['ROOT_OUTSIDE_PHYSICAL_Q_DOMAIN', 'RESIDUE_SIGN_CONSTRAINT_FAILED', 'RESIDUE_PHASE_CONSTRAINT_WEAK', 'AMPLITUDE_RATIO_EXTREME']",development
N1.000:OGLE-LMC-CEP-0003:phase_scrambled_derd:003,OGLE-LMC-CEP-0003,0,phase_scrambled_derd,1.0,2.250083588215127,"['RESIDUE_SIGN_CONSTRAINT_FAILED', 'RESIDUE_PHASE_CONSTRAINT_WEAK']",holdout
N1.000:OGLE-LMC-CEP-0003:generic_fourier:004,OGLE-LMC-CEP-0003,0,generic_fourier,1.0,2.60824842074526,"['RESIDUE_SIGN_CONSTRAINT_FAILED', 'RESIDUE_PHASE_CONSTRAINT_WEAK']",holdout
N1.000:OGLE-LMC-CEP-0003:phase_scrambled_derd:005,OGLE-LMC-CEP-0003,0,phase_scrambled_derd,1.0,2.4034318554941594,['RESIDUE_SIGN_CONSTRAINT_FAILED'],development
N1.000:OGLE-LMC-CEP-0003:generic_fourier:006,OGLE-LMC-CEP-0003,0,generic_fourier,1.0,0.9195511892633468,['RESIDUE_PHASE_CONSTRAINT_WEAK'],holdout
N1.000:OGLE-LMC-CEP-0003:phase_scrambled_derd:007,OGLE-LMC-CEP-0003,0,phase_scrambled_derd,1.0,5.128973083955489,"['ROOT_OUTSIDE_PHYSICAL_Q_DOMAIN', 'RESIDUE_SIGN_CONSTRAINT_FAILED', 'RESIDUE_PHASE_CONSTRAINT_WEAK', 'AMPLITUDE_RATIO_EXTREME']",development
N1.000:OGLE-LMC-CEP-0003:generic_fourier:008,OGLE-LMC-CEP-0003,0,generic_fourier,1.0,14.514187206327165,"['ROOT_OUTSIDE_PHYSICAL_Q_DOMAIN', 'RESIDUE_PHASE_CONSTRAINT_WEAK', 'AMPLITUDE_RATIO_EXTREME']",development
N1.000:OGLE-LMC-CEP-0003:phase_scrambled_derd:009,OGLE-LMC-CEP-0003,0,phase_scrambled_derd,1.0,2.7501689987675255,"['RESIDUE_SIGN_CONSTRAINT_FAILED', 'RESIDUE_PHASE_CONSTRAINT_WEAK']",development
N1.000:OGLE-LMC-CEP-0003:generic_fourier:010,OGLE-LMC-CEP-0003,0,generic_fourier,1.0,2.368433537268225,"['RESIDUE_SIGN_CONSTRAINT_FAILED', 'RESIDUE_PHASE_CONSTRAINT_WEAK']",development
N1.000:OGLE-LMC-CEP-0003:phase_scrambled_derd:011,OGLE-LMC-CEP-0003,0,phase_scrambled_derd,1.0,6.1197321624269065,"['ROOT_OUTSIDE_PHYSICAL_Q_DOMAIN', 'RESIDUE_PHASE_CONSTRAINT_WEAK', 'AMPLITUDE_RATIO_EXTREME']",holdout
N1.000:OGLE-LMC-CEP-0004:derd_geometric:000,OGLE-LMC-CEP-0004,1,derd_geometric,1.0,2.6095188129384934,"['RESIDUE_SIGN_CONSTRAINT_FAILED', 'RESIDUE_PHASE_CONSTRAINT_WEAK']",development
N1.000:OGLE-LMC-CEP-0004:derd_geometric:001,OGLE-LMC-CEP-0004,1,derd_geometric,1.0,2.558245595458496,['RESIDUE_PHASE_CONSTRAINT_WEAK'],development
N1.000:OGLE-LMC-CEP-0004:derd_geometric:002,OGLE-LMC-CEP-0004,1,derd_geometric,1.0,7.596466421876522,"['ROOT_OUTSIDE_PHYSICAL_Q_DOMAIN', 'RESIDUE_SIGN_CONSTRAINT_FAILED', 'RESIDUE_PHASE_CONSTRAINT_WEAK', 'AMPLITUDE_RATIO_EXTREME']",development
N1.000:OGLE-LMC-CEP-0004:derd_geometric:003,OGLE-LMC-CEP-0004,1,derd_geometric,1.0,3.5156620507085,"['ROOT_OUTSIDE_PHYSICAL_Q_DOMAIN', 'RESIDUE_PHASE_CONSTRAINT_WEAK', 'AMPLITUDE_RATIO_EXTREME']",holdout
N1.000:OGLE-LMC-CEP-0004:derd_geometric:004,OGLE-LMC-CEP-0004,1,derd_geometric,1.0,12.669353239236878,"['ROOT_OUTSIDE_PHYSICAL_Q_DOMAIN', 'RESIDUE_PHASE_CONSTRAINT_WEAK', 'AMPLITUDE_RATIO_EXTREME']",development
N1.000:OGLE-LMC-CEP-0004:derd_geometric:005,OGLE-LMC-CEP-0004,1,derd_geometric,1.0,2.8232633279820076,"['RESIDUE_SIGN_CONSTRAINT_FAILED', 'RESIDUE_PHASE_CONSTRAINT_WEAK']",development
N1.000:OGLE-LMC-CEP-0004:derd_geometric:006,OGLE-LMC-CEP-0004,1,derd_geometric,1.0,2.193931280879403,['RESIDUE_PHASE_CONSTRAINT_WEAK'],holdout
N1.000:OGLE-LMC-CEP-0004:derd_geometric:007,OGLE-LMC-CEP-0004,1,derd_geometric,1.0,2.7664280188569106,"['RESIDUE_SIGN_CONSTRAINT_FAILED', 'RESIDUE_PHASE_CONSTRAINT_WEAK']",development
N1.000:OGLE-LMC-CEP-0004:derd_geometric:008,OGLE-LMC-CEP-0004,1,derd_geometric,1.0,3.762766094449528,"['ROOT_OUTSIDE_PHYSICAL_Q_DOMAIN', 'RESIDUE_PHASE_CONSTRAINT_WEAK', 'AMPLITUDE_RATIO_EXTREME']",development
N1.000:OGLE-LMC-CEP-0004:derd_geometric:009,OGLE-LMC-CEP-0004,1,derd_geometric,1.0,4.370985461766823,"['ROOT_OUTSIDE_PHYSICAL_Q_DOMAIN', 'RESIDUE_PHASE_CONSTRAINT_WEAK', 'AMPLITUDE_RATIO_EXTREME']",development
N1.000:OGLE-LMC-CEP-0004:derd_geometric:010,OGLE-LMC-CEP-0004,1,derd_geometric,1.0,44.951124854049,"['ROOT_OUTSIDE_PHYSICAL_Q_DOMAIN', 'RESIDUE_SIGN_CONSTRAINT_FAILED', 'RESIDUE_PHASE_CONSTRAINT_WEAK', 'AMPLITUDE_RATIO_EXTREME']",development
N1.000:OGLE-LMC-CEP-0004:derd_geometric:011,OGLE-LMC-CEP-0004,1,derd_geometric,1.0,4.679090387530107,"['ROOT_OUTSIDE_PHYSICAL_Q_DOMAIN', 'RESIDUE_SIGN_CONSTRAINT_FAILED', 'RESIDUE_PHASE_CONSTRAINT_WEAK', 'AMPLITUDE_RATIO_EXTREME']",development
N1.000:OGLE-LMC-CEP-0004:generic_fourier:000,OGLE-LMC-CEP-0004,0,generic_fourier,1.0,2.9357989976627326,"['RESIDUE_SIGN_CONSTRAINT_FAILED', 'RESIDUE_PHASE_CONSTRAINT_WEAK']",holdout
N1.000:OGLE-LMC-CEP-0004:phase_scrambled_derd:001,OGLE-LMC-CEP-0004,0,phase_scrambled_derd,1.0,2.525158107820553,"['RESIDUE_SIGN_CONSTRAINT_FAILED', 'RESIDUE_PHASE_CONSTRAINT_WEAK']",holdout
N1.000:OGLE-LMC-CEP-0004:generic_fourier:002,OGLE-LMC-CEP-0004,0,generic_fourier,1.0,7.876145609622598,"['ROOT_OUTSIDE_PHYSICAL_Q_DOMAIN', 'RESIDUE_PHASE_CONSTRAINT_WEAK', 'AMPLITUDE_RATIO_EXTREME']",development
N1.000:OGLE-LMC-CEP-0004:phase_scrambled_derd:003,OGLE-LMC-CEP-0004,0,phase_scrambled_derd,1.0,1.963075416268808,"['RESIDUE_SIGN_CONSTRAINT_FAILED', 'RESIDUE_PHASE_CONSTRAINT_WEAK']",development
N1.000:OGLE-LMC-CEP-0004:generic_fourier:004,OGLE-LMC-CEP-0004,0,generic_fourier,1.0,1.1930182949299093,['RESIDUE_PHASE_CONSTRAINT_WEAK'],development
N1.000:OGLE-LMC-CEP-0004:phase_scrambled_derd:005,OGLE-LMC-CEP-0004,0,phase_scrambled_derd,1.0,9.549739800118124,"['ROOT_OUTSIDE_PHYSICAL_Q_DOMAIN', 'RESIDUE_SIGN_CONSTRAINT_FAILED', 'RESIDUE_PHASE_CONSTRAINT_WEAK', 'AMPLITUDE_RATIO_EXTREME']",development
N1.000:OGLE-LMC-CEP-0004:generic_fourier:006,OGLE-LMC-CEP-0004,0,generic_fourier,1.0,12.806473958447375,"['ROOT_OUTSIDE_PHYSICAL_Q_DOMAIN', 'RESIDUE_PHASE_CONSTRAINT_WEAK', 'AMPLITUDE_RATIO_EXTREME']",development
N1.000:OGLE-LMC-CEP-0004:phase_scrambled_derd:007,OGLE-LMC-CEP-0004,0,phase_scrambled_derd,1.0,1.8223316195678534,['RESIDUE_PHASE_CONSTRAINT_WEAK'],holdout
N1.000:OGLE-LMC-CEP-0004:generic_fourier:008,OGLE-LMC-CEP-0004,0,generic_fourier,1.0,2.500102244985402,"['RESIDUE_SIGN_CONSTRAINT_FAILED', 'RESIDUE_PHASE_CONSTRAINT_WEAK']",holdout
N1.000:OGLE-LMC-CEP-0004:phase_scrambled_derd:009,OGLE-LMC-CEP-0004,0,phase_scrambled_derd,1.0,2.637321216339823,['RESIDUE_SIGN_CONSTRAINT_FAILED'],development
N1.000:OGLE-LMC-CEP-0004:generic_fourier:010,OGLE-LMC-CEP-0004,0,generic_fourier,1.0,2.8503588855622244,['RESIDUE_PHASE_CONSTRAINT_WEAK'],development
N1.000:OGLE-LMC-CEP-0004:phase_scrambled_derd:011,OGLE-LMC-CEP-0004,0,phase_scrambled_derd,1.0,2.002612692683027,"['RESIDUE_SIGN_CONSTRAINT_FAILED', 'RESIDUE_PHASE_CONSTRAINT_WEAK']",holdout
N1.000:OGLE-LMC-CEP-0005:derd_geometric:000,OGLE-LMC-CEP-0005,1,derd_geometric,1.0,2.896928455993878,"['ROOT_OUTSIDE_PHYSICAL_Q_DOMAIN', 'RESIDUE_PHASE_CONSTRAINT_WEAK', 'AMPLITUDE_RATIO_EXTREME']",development
N1.000:OGLE-LMC-CEP-0005:derd_geometric:001,OGLE-LMC-CEP-0005,1,derd_geometric,1.0,1.3705574292020817,['RESIDUE_PHASE_CONSTRAINT_WEAK'],development
N1.000:OGLE-LMC-CEP-0005:derd_geometric:002,OGLE-LMC-CEP-0005,1,derd_geometric,1.0,1.3501850980702392,['RESIDUE_SIGN_CONSTRAINT_FAILED'],development
N1.000:OGLE-LMC-CEP-0005:derd_geometric:003,OGLE-LMC-CEP-0005,1,derd_geometric,1.0,4.812487914316475,"['ROOT_OUTSIDE_PHYSICAL_Q_DOMAIN', 'RESIDUE_PHASE_CONSTRAINT_WEAK', 'AMPLITUDE_RATIO_EXTREME']",development
N1.000:OGLE-LMC-CEP-0005:derd_geometric:004,OGLE-LMC-CEP-0005,1,derd_geometric,1.0,0.9989779900322839,[],holdout
N1.000:OGLE-LMC-CEP-0005:derd_geometric:005,OGLE-LMC-CEP-0005,1,derd_geometric,1.0,1.4413171673412746,['RESIDUE_PHASE_CONSTRAINT_WEAK'],development
N1.000:OGLE-LMC-CEP-0005:derd_geometric:006,OGLE-LMC-CEP-0005,1,derd_geometric,1.0,2.0499896708404206,"['RESIDUE_SIGN_CONSTRAINT_FAILED', 'RESIDUE_PHASE_CONSTRAINT_WEAK']",development
N1.000:OGLE-LMC-CEP-0005:derd_geometric:007,OGLE-LMC-CEP-0005,1,derd_geometric,1.0,2.285731501883775,"['RESIDUE_SIGN_CONSTRAINT_FAILED', 'RESIDUE_PHASE_CONSTRAINT_WEAK']",holdout
N1.000:OGLE-LMC-CEP-0005:derd_geometric:008,OGLE-LMC-CEP-0005,1,derd_geometric,1.0,2.5712412423133926,"['RESIDUE_SIGN_CONSTRAINT_FAILED', 'RESIDUE_PHASE_CONSTRAINT_WEAK']",holdout
N1.000:OGLE-LMC-CEP-0005:derd_geometric:009,OGLE-LMC-CEP-0005,1,derd_geometric,1.0,9.166271548839948,"['ROOT_OUTSIDE_PHYSICAL_Q_DOMAIN', 'RESIDUE_SIGN_CONSTRAINT_FAILED', 'RESIDUE_PHASE_CONSTRAINT_WEAK', 'AMPLITUDE_RATIO_EXTREME']",development
N1.000:OGLE-LMC-CEP-0005:derd_geometric:010,OGLE-LMC-CEP-0005,1,derd_geometric,1.0,2.85474917956205,"['RESIDUE_SIGN_CONSTRAINT_FAILED', 'RESIDUE_PHASE_CONSTRAINT_WEAK']",holdout
N1.000:OGLE-LMC-CEP-0005:derd_geometric:011,OGLE-LMC-CEP-0005,1,derd_geometric,1.0,4.592039862275458,"['ROOT_OUTSIDE_PHYSICAL_Q_DOMAIN', 'RESIDUE_PHASE_CONSTRAINT_WEAK', 'AMPLITUDE_RATIO_EXTREME']",development
N1.000:OGLE-LMC-CEP-0005:generic_fourier:000,OGLE-LMC-CEP-0005,0,generic_fourier,1.0,2.4195731668938487,['RESIDUE_PHASE_CONSTRAINT_WEAK'],development
N1.000:OGLE-LMC-CEP-0005:phase_scrambled_derd:001,OGLE-LMC-CEP-0005,0,phase_scrambled_derd,1.0,2.363249494791363,"['RESIDUE_SIGN_CONSTRAINT_FAILED', 'RESIDUE_PHASE_CONSTRAINT_WEAK']",development
N1.000:OGLE-LMC-CEP-0005:generic_fourier:002,OGLE-LMC-CEP-0005,0,generic_fourier,1.0,2.200765079829469,['RESIDUE_PHASE_CONSTRAINT_WEAK'],development
N1.000:OGLE-LMC-CEP-0005:phase_scrambled_derd:003,OGLE-LMC-CEP-0005,0,phase_scrambled_derd,1.0,1.2226724281353105,['RESIDUE_PHASE_CONSTRAINT_WEAK'],development
N1.000:OGLE-LMC-CEP-0005:generic_fourier:004,OGLE-LMC-CEP-0005,0,generic_fourier,1.0,2.6149149129179983,"['RESIDUE_SIGN_CONSTRAINT_FAILED', 'RESIDUE_PHASE_CONSTRAINT_WEAK']",development
N1.000:OGLE-LMC-CEP-0005:phase_scrambled_derd:005,OGLE-LMC-CEP-0005,0,phase_scrambled_derd,1.0,2.088981621979739,['RESIDUE_PHASE_CONSTRAINT_WEAK'],holdout
N1.000:OGLE-LMC-CEP-0005:generic_fourier:006,OGLE-LMC-CEP-0005,0,generic_fourier,1.0,2.605248091791557,"['RESIDUE_SIGN_CONSTRAINT_FAILED', 'RESIDUE_PHASE_CONSTRAINT_WEAK']",development
N1.000:OGLE-LMC-CEP-0005:phase_scrambled_derd:007,OGLE-LMC-CEP-0005,0,phase_scrambled_derd,1.0,2.2725768933284214,['RESIDUE_PHASE_CONSTRAINT_WEAK'],holdout
N1.000:OGLE-LMC-CEP-0005:generic_fourier:008,OGLE-LMC-CEP-0005,0,generic_fourier,1.0,2.654716694320343,['RESIDUE_PHASE_CONSTRAINT_WEAK'],development
N1.000:OGLE-LMC-CEP-0005:phase_scrambled_derd:009,OGLE-LMC-CEP-0005,0,phase_scrambled_derd,1.0,2.528787324578981,"['RESIDUE_SIGN_CONSTRAINT_FAILED', 'RESIDUE_PHASE_CONSTRAINT_WEAK']",development
N1.000:OGLE-LMC-CEP-0005:generic_fourier:010,OGLE-LMC-CEP-0005,0,generic_fourier,1.0,1.7554444864295895,['RESIDUE_PHASE_CONSTRAINT_WEAK'],development
N1.000:OGLE-LMC-CEP-0005:phase_scrambled_derd:011,OGLE-LMC-CEP-0005,0,phase_scrambled_derd,1.0,2.553137477524123,"['RESIDUE_SIGN_CONSTRAINT_FAILED', 'RESIDUE_PHASE_CONSTRAINT_WEAK']",holdout
N1.000:OGLE-LMC-CEP-0006:derd_geometric:000,OGLE-LMC-CEP-0006,1,derd_geometric,1.0,2.647644571277606,"['RESIDUE_SIGN_CONSTRAINT_FAILED', 'RESIDUE_PHASE_CONSTRAINT_WEAK']",development
N1.000:OGLE-LMC-CEP-0006:derd_geometric:001,OGLE-LMC-CEP-0006,1,derd_geometric,1.0,1.088274514295042,['RESIDUE_PHASE_CONSTRAINT_WEAK'],development
N1.000:OGLE-LMC-CEP-0006:derd_geometric:002,OGLE-LMC-CEP-0006,1,derd_geometric,1.0,3.692759851842179,"['ROOT_OUTSIDE_PHYSICAL_Q_DOMAIN', 'RESIDUE_PHASE_CONSTRAINT_WEAK', 'AMPLITUDE_RATIO_EXTREME']",development
N1.000:OGLE-LMC-CEP-0006:derd_geometric:003,OGLE-LMC-CEP-0006,1,derd_geometric,1.0,2.266845956687746,"['RESIDUE_SIGN_CONSTRAINT_FAILED', 'RESIDUE_PHASE_CONSTRAINT_WEAK']",development
N1.000:OGLE-LMC-CEP-0006:derd_geometric:004,OGLE-LMC-CEP-0006,1,derd_geometric,1.0,2.3523308305457733,"['RESIDUE_SIGN_CONSTRAINT_FAILED', 'RESIDUE_PHASE_CONSTRAINT_WEAK']",development
N1.000:OGLE-LMC-CEP-0006:derd_geometric:005,OGLE-LMC-CEP-0006,1,derd_geometric,1.0,2.0449759839490396,['RESIDUE_PHASE_CONSTRAINT_WEAK'],development
N1.000:OGLE-LMC-CEP-0006:derd_geometric:006,OGLE-LMC-CEP-0006,1,derd_geometric,1.0,2.6516585993645156,"['RESIDUE_SIGN_CONSTRAINT_FAILED', 'RESIDUE_PHASE_CONSTRAINT_WEAK']",development
N1.000:OGLE-LMC-CEP-0006:derd_geometric:007,OGLE-LMC-CEP-0006,1,derd_geometric,1.0,2.748249929924609,"['RESIDUE_SIGN_CONSTRAINT_FAILED', 'RESIDUE_PHASE_CONSTRAINT_WEAK']",development
N1.000:OGLE-LMC-CEP-0006:derd_geometric:008,OGLE-LMC-CEP-0006,1,derd_geometric,1.0,5.978179858509233,"['ROOT_OUTSIDE_PHYSICAL_Q_DOMAIN', 'RESIDUE_SIGN_CONSTRAINT_FAILED', 'RESIDUE_PHASE_CONSTRAINT_WEAK', 'AMPLITUDE_RATIO_EXTREME']",development
N1.000:OGLE-LMC-CEP-0006:derd_geometric:009,OGLE-LMC-CEP-0006,1,derd_geometric,1.0,8.542201130277931,"['ROOT_OUTSIDE_PHYSICAL_Q_DOMAIN', 'RESIDUE_PHASE_CONSTRAINT_WEAK', 'AMPLITUDE_RATIO_EXTREME']",development
N1.000:OGLE-LMC-CEP-0006:derd_geometric:010,OGLE-LMC-CEP-0006,1,derd_geometric,1.0,2.516724028833867,"['RESIDUE_SIGN_CONSTRAINT_FAILED', 'RESIDUE_PHASE_CONSTRAINT_WEAK']",development
N1.000:OGLE-LMC-CEP-0006:derd_geometric:011,OGLE-LMC-CEP-0006,1,derd_geometric,1.0,2.1115698070123767,"['RESIDUE_SIGN_CONSTRAINT_FAILED', 'RESIDUE_PHASE_CONSTRAINT_WEAK']",development
N1.000:OGLE-LMC-CEP-0006:generic_fourier:000,OGLE-LMC-CEP-0006,0,generic_fourier,1.0,2.400338292158953,['RESIDUE_PHASE_CONSTRAINT_WEAK'],development
N1.000:OGLE-LMC-CEP-0006:phase_scrambled_derd:001,OGLE-LMC-CEP-0006,0,phase_scrambled_derd,1.0,2.3778312593317095,['RESIDUE_PHASE_CONSTRAINT_WEAK'],development
N1.000:OGLE-LMC-CEP-0006:generic_fourier:002,OGLE-LMC-CEP-0006,0,generic_fourier,1.0,1.2568637596189176,['RESIDUE_PHASE_CONSTRAINT_WEAK'],holdout
N1.000:OGLE-LMC-CEP-0006:phase_scrambled_derd:003,OGLE-LMC-CEP-0006,0,phase_scrambled_derd,1.0,4.327642042136891,"['ROOT_OUTSIDE_PHYSICAL_Q_DOMAIN', 'RESIDUE_SIGN_CONSTRAINT_FAILED', 'RESIDUE_PHASE_CONSTRAINT_WEAK']",development
N1.000:OGLE-LMC-CEP-0006:generic_fourier:004,OGLE-LMC-CEP-0006,0,generic_fourier,1.0,16.079631879316114,"['ROOT_OUTSIDE_PHYSICAL_Q_DOMAIN', 'RESIDUE_SIGN_CONSTRAINT_FAILED', 'RESIDUE_PHASE_CONSTRAINT_WEAK', 'AMPLITUDE_RATIO_EXTREME']",holdout
N1.000:OGLE-LMC-CEP-0006:phase_scrambled_derd:005,OGLE-LMC-CEP-0006,0,phase_scrambled_derd,1.0,2.9754475120593638,"['RESIDUE_SIGN_CONSTRAINT_FAILED', 'RESIDUE_PHASE_CONSTRAINT_WEAK']",development
N1.000:OGLE-LMC-CEP-0006:generic_fourier:006,OGLE-LMC-CEP-0006,0,generic_fourier,1.0,7.128402328403199,"['ROOT_OUTSIDE_PHYSICAL_Q_DOMAIN', 'RESIDUE_SIGN_CONSTRAINT_FAILED', 'RESIDUE_PHASE_CONSTRAINT_WEAK', 'AMPLITUDE_RATIO_EXTREME']",holdout
N1.000:OGLE-LMC-CEP-0006:phase_scrambled_derd:007,OGLE-LMC-CEP-0006,0,phase_scrambled_derd,1.0,2.665347317526751,"['RESIDUE_SIGN_CONSTRAINT_FAILED', 'RESIDUE_PHASE_CONSTRAINT_WEAK']",development
N1.000:OGLE-LMC-CEP-0006:generic_fourier:008,OGLE-LMC-CEP-0006,0,generic_fourier,1.0,5.663227427062765,"['ROOT_OUTSIDE_PHYSICAL_Q_DOMAIN', 'RESIDUE_PHASE_CONSTRAINT_WEAK', 'AMPLITUDE_RATIO_EXTREME']",development
N1.000:OGLE-LMC-CEP-0006:phase_scrambled_derd:009,OGLE-LMC-CEP-0006,0,phase_scrambled_derd,1.0,3.819265223516816,"['ROOT_OUTSIDE_PHYSICAL_Q_DOMAIN', 'RESIDUE_PHASE_CONSTRAINT_WEAK', 'AMPLITUDE_RATIO_EXTREME']",holdout
N1.000:OGLE-LMC-CEP-0006:generic_fourier:010,OGLE-LMC-CEP-0006,0,generic_fourier,1.0,2.869989950345957,"['RESIDUE_SIGN_CONSTRAINT_FAILED', 'RESIDUE_PHASE_CONSTRAINT_WEAK']",development
N1.000:OGLE-LMC-CEP-0006:phase_scrambled_derd:011,OGLE-LMC-CEP-0006,0,phase_scrambled_derd,1.0,2.810784613606662,"['RESIDUE_SIGN_CONSTRAINT_FAILED', 'RESIDUE_PHASE_CONSTRAINT_WEAK']",development
N1.000:OGLE-LMC-CEP-0007:derd_geometric:000,OGLE-LMC-CEP-0007,1,derd_geometric,1.0,2.3677061579902,['RESIDUE_PHASE_CONSTRAINT_WEAK'],development
N1.000:OGLE-LMC-CEP-0007:derd_geometric:001,OGLE-LMC-CEP-0007,1,derd_geometric,1.0,8.86312401516688,"['ROOT_OUTSIDE_PHYSICAL_Q_DOMAIN', 'AMPLITUDE_RATIO_EXTREME']",development
N1.000:OGLE-LMC-CEP-0007:derd_geometric:002,OGLE-LMC-CEP-0007,1,derd_geometric,1.0,2.8931996522301358,"['RESIDUE_SIGN_CONSTRAINT_FAILED', 'RESIDUE_PHASE_CONSTRAINT_WEAK']",holdout
N1.000:OGLE-LMC-CEP-0007:derd_geometric:003,OGLE-LMC-CEP-0007,1,derd_geometric,1.0,2.9801733550262557,"['RESIDUE_SIGN_CONSTRAINT_FAILED', 'RESIDUE_PHASE_CONSTRAINT_WEAK']",development
N1.000:OGLE-LMC-CEP-0007:derd_geometric:004,OGLE-LMC-CEP-0007,1,derd_geometric,1.0,2.086407210025568,['RESIDUE_PHASE_CONSTRAINT_WEAK'],development
N1.000:OGLE-LMC-CEP-0007:derd_geometric:005,OGLE-LMC-CEP-0007,1,derd_geometric,1.0,2.4740770298257146,"['RESIDUE_SIGN_CONSTRAINT_FAILED', 'RESIDUE_PHASE_CONSTRAINT_WEAK']",development
N1.000:OGLE-LMC-CEP-0007:derd_geometric:006,OGLE-LMC-CEP-0007,1,derd_geometric,1.0,2.935875704560147,"['RESIDUE_SIGN_CONSTRAINT_FAILED', 'RESIDUE_PHASE_CONSTRAINT_WEAK']",development
N1.000:OGLE-LMC-CEP-0007:derd_geometric:007,OGLE-LMC-CEP-0007,1,derd_geometric,1.0,2.8367284815401734,"['RESIDUE_SIGN_CONSTRAINT_FAILED', 'RESIDUE_PHASE_CONSTRAINT_WEAK']",development
N1.000:OGLE-LMC-CEP-0007:derd_geometric:008,OGLE-LMC-CEP-0007,1,derd_geometric,1.0,3.79698982861643,"['ROOT_OUTSIDE_PHYSICAL_Q_DOMAIN', 'RESIDUE_PHASE_CONSTRAINT_WEAK', 'AMPLITUDE_RATIO_EXTREME']",development
N1.000:OGLE-LMC-CEP-0007:derd_geometric:009,OGLE-LMC-CEP-0007,1,derd_geometric,1.0,2.743707469445703,"['RESIDUE_SIGN_CONSTRAINT_FAILED', 'RESIDUE_PHASE_CONSTRAINT_WEAK']",holdout
N1.000:OGLE-LMC-CEP-0007:derd_geometric:010,OGLE-LMC-CEP-0007,1,derd_geometric,1.0,2.99341292804455,"['RESIDUE_SIGN_CONSTRAINT_FAILED', 'RESIDUE_PHASE_CONSTRAINT_WEAK']",holdout
N1.000:OGLE-LMC-CEP-0007:derd_geometric:011,OGLE-LMC-CEP-0007,1,derd_geometric,1.0,2.450235845889028,"['RESIDUE_SIGN_CONSTRAINT_FAILED', 'RESIDUE_PHASE_CONSTRAINT_WEAK']",development
N1.000:OGLE-LMC-CEP-0007:generic_fourier:000,OGLE-LMC-CEP-0007,0,generic_fourier,1.0,14.074859162486781,"['ROOT_OUTSIDE_PHYSICAL_Q_DOMAIN', 'RESIDUE_PHASE_CONSTRAINT_WEAK', 'AMPLITUDE_RATIO_EXTREME']",development
N1.000:OGLE-LMC-CEP-0007:phase_scrambled_derd:001,OGLE-LMC-CEP-0007,0,phase_scrambled_derd,1.0,31.850037249125567,"['ROOT_OUTSIDE_PHYSICAL_Q_DOMAIN', 'RESIDUE_SIGN_CONSTRAINT_FAILED', 'RESIDUE_PHASE_CONSTRAINT_WEAK', 'AMPLITUDE_RATIO_EXTREME']",development
N1.000:OGLE-LMC-CEP-0007:generic_fourier:002,OGLE-LMC-CEP-0007,0,generic_fourier,1.0,17.7181979839641,"['ROOT_OUTSIDE_PHYSICAL_Q_DOMAIN', 'RESIDUE_PHASE_CONSTRAINT_WEAK', 'AMPLITUDE_RATIO_EXTREME']",holdout
N1.000:OGLE-LMC-CEP-0007:phase_scrambled_derd:003,OGLE-LMC-CEP-0007,0,phase_scrambled_derd,1.0,3.795842462444142,"['ROOT_OUTSIDE_PHYSICAL_Q_DOMAIN', 'RESIDUE_PHASE_CONSTRAINT_WEAK', 'AMPLITUDE_RATIO_EXTREME']",holdout
N1.000:OGLE-LMC-CEP-0007:generic_fourier:004,OGLE-LMC-CEP-0007,0,generic_fourier,1.0,3.666446566065175,"['ROOT_OUTSIDE_PHYSICAL_Q_DOMAIN', 'RESIDUE_PHASE_CONSTRAINT_WEAK', 'AMPLITUDE_RATIO_EXTREME']",development
N1.000:OGLE-LMC-CEP-0007:phase_scrambled_derd:005,OGLE-LMC-CEP-0007,0,phase_scrambled_derd,1.0,8.014114089427578,"['ROOT_OUTSIDE_PHYSICAL_Q_DOMAIN', 'RESIDUE_PHASE_CONSTRAINT_WEAK', 'AMPLITUDE_RATIO_EXTREME']",development
N1.000:OGLE-LMC-CEP-0007:generic_fourier:006,OGLE-LMC-CEP-0007,0,generic_fourier,1.0,2.302917409021264,['RESIDUE_PHASE_CONSTRAINT_WEAK'],development
N1.000:OGLE-LMC-CEP-0007:phase_scrambled_derd:007,OGLE-LMC-CEP-0007,0,phase_scrambled_derd,1.0,1.9163201289995822,['RESIDUE_PHASE_CONSTRAINT_WEAK'],development
N1.000:OGLE-LMC-CEP-0007:generic_fourier:008,OGLE-LMC-CEP-0007,0,generic_fourier,1.0,2.2439370171197357,['RESIDUE_PHASE_CONSTRAINT_WEAK'],development
N1.000:OGLE-LMC-CEP-0007:phase_scrambled_derd:009,OGLE-LMC-CEP-0007,0,phase_scrambled_derd,1.0,2.8820046303211893,"['RESIDUE_SIGN_CONSTRAINT_FAILED', 'RESIDUE_PHASE_CONSTRAINT_WEAK']",development
N1.000:OGLE-LMC-CEP-0007:generic_fourier:010,OGLE-LMC-CEP-0007,0,generic_fourier,1.0,2.5717288302303163,"['RESIDUE_SIGN_CONSTRAINT_FAILED', 'RESIDUE_PHASE_CONSTRAINT_WEAK']",development
N1.000:OGLE-LMC-CEP-0007:phase_scrambled_derd:011,OGLE-LMC-CEP-0007,0,phase_scrambled_derd,1.0,2.4381637287243225,['RESIDUE_PHASE_CONSTRAINT_WEAK'],development
N1.000:OGLE-LMC-CEP-0009:derd_geometric:000,OGLE-LMC-CEP-0009,1,derd_geometric,1.0,2.4978026203998307,"['RESIDUE_SIGN_CONSTRAINT_FAILED', 'RESIDUE_PHASE_CONSTRAINT_WEAK']",development
N1.000:OGLE-LMC-CEP-0009:derd_geometric:001,OGLE-LMC-CEP-0009,1,derd_geometric,1.0,2.147246801216528,['RESIDUE_PHASE_CONSTRAINT_WEAK'],development
N1.000:OGLE-LMC-CEP-0009:derd_geometric:002,OGLE-LMC-CEP-0009,1,derd_geometric,1.0,4.283231757596648,"['ROOT_OUTSIDE_PHYSICAL_Q_DOMAIN', 'RESIDUE_PHASE_CONSTRAINT_WEAK']",development
N1.000:OGLE-LMC-CEP-0009:derd_geometric:003,OGLE-LMC-CEP-0009,1,derd_geometric,1.0,3.988333420070926,"['ROOT_OUTSIDE_PHYSICAL_Q_DOMAIN', 'RESIDUE_PHASE_CONSTRAINT_WEAK', 'AMPLITUDE_RATIO_EXTREME']",development
N1.000:OGLE-LMC-CEP-0009:derd_geometric:004,OGLE-LMC-CEP-0009,1,derd_geometric,1.0,2.6477105434905814,['RESIDUE_PHASE_CONSTRAINT_WEAK'],holdout
N1.000:OGLE-LMC-CEP-0009:derd_geometric:005,OGLE-LMC-CEP-0009,1,derd_geometric,1.0,0.6371818336284377,['RESIDUE_PHASE_CONSTRAINT_WEAK'],holdout
N1.000:OGLE-LMC-CEP-0009:derd_geometric:006,OGLE-LMC-CEP-0009,1,derd_geometric,1.0,2.9159103249926197,"['RESIDUE_SIGN_CONSTRAINT_FAILED', 'RESIDUE_PHASE_CONSTRAINT_WEAK']",development
N1.000:OGLE-LMC-CEP-0009:derd_geometric:007,OGLE-LMC-CEP-0009,1,derd_geometric,1.0,2.3960842279931147,['RESIDUE_PHASE_CONSTRAINT_WEAK'],development
N1.000:OGLE-LMC-CEP-0009:derd_geometric:008,OGLE-LMC-CEP-0009,1,derd_geometric,1.0,4.563877497086329,"['ROOT_OUTSIDE_PHYSICAL_Q_DOMAIN', 'RESIDUE_PHASE_CONSTRAINT_WEAK', 'AMPLITUDE_RATIO_EXTREME']",development
N1.000:OGLE-LMC-CEP-0009:derd_geometric:009,OGLE-LMC-CEP-0009,1,derd_geometric,1.0,2.6187853991244965,['RESIDUE_PHASE_CONSTRAINT_WEAK'],holdout
N1.000:OGLE-LMC-CEP-0009:derd_geometric:010,OGLE-LMC-CEP-0009,1,derd_geometric,1.0,3.851531807526832,"['ROOT_OUTSIDE_PHYSICAL_Q_DOMAIN', 'RESIDUE_PHASE_CONSTRAINT_WEAK', 'AMPLITUDE_RATIO_EXTREME']",development
N1.000:OGLE-LMC-CEP-0009:derd_geometric:011,OGLE-LMC-CEP-0009,1,derd_geometric,1.0,2.9206343289938865,"['RESIDUE_SIGN_CONSTRAINT_FAILED', 'RESIDUE_PHASE_CONSTRAINT_WEAK']",development
N1.000:OGLE-LMC-CEP-0009:generic_fourier:000,OGLE-LMC-CEP-0009,0,generic_fourier,1.0,1.1716086215715873,[],development
N1.000:OGLE-LMC-CEP-0009:phase_scrambled_derd:001,OGLE-LMC-CEP-0009,0,phase_scrambled_derd,1.0,5.644999248685556,"['ROOT_OUTSIDE_PHYSICAL_Q_DOMAIN', 'RESIDUE_SIGN_CONSTRAINT_FAILED', 'RESIDUE_PHASE_CONSTRAINT_WEAK', 'AMPLITUDE_RATIO_EXTREME']",holdout
N1.000:OGLE-LMC-CEP-0009:generic_fourier:002,OGLE-LMC-CEP-0009,0,generic_fourier,1.0,1.925655608593163,['RESIDUE_PHASE_CONSTRAINT_WEAK'],development
N1.000:OGLE-LMC-CEP-0009:phase_scrambled_derd:003,OGLE-LMC-CEP-0009,0,phase_scrambled_derd,1.0,1.9398154524665023,['RESIDUE_PHASE_CONSTRAINT_WEAK'],holdout
N1.000:OGLE-LMC-CEP-0009:generic_fourier:004,OGLE-LMC-CEP-0009,0,generic_fourier,1.0,21.06131841077342,"['ROOT_OUTSIDE_PHYSICAL_Q_DOMAIN', 'RESIDUE_SIGN_CONSTRAINT_FAILED', 'RESIDUE_PHASE_CONSTRAINT_WEAK', 'AMPLITUDE_RATIO_EXTREME']",development
N1.000:OGLE-LMC-CEP-0009:phase_scrambled_derd:005,OGLE-LMC-CEP-0009,0,phase_scrambled_derd,1.0,2.2925814338501787,['RESIDUE_PHASE_CONSTRAINT_WEAK'],holdout
N1.000:OGLE-LMC-CEP-0009:generic_fourier:006,OGLE-LMC-CEP-0009,0,generic_fourier,1.0,7.060402239352225,"['ROOT_OUTSIDE_PHYSICAL_Q_DOMAIN', 'RESIDUE_PHASE_CONSTRAINT_WEAK', 'AMPLITUDE_RATIO_EXTREME']",development
N1.000:OGLE-LMC-CEP-0009:phase_scrambled_derd:007,OGLE-LMC-CEP-0009,0,phase_scrambled_derd,1.0,6.651545129383994,"['ROOT_OUTSIDE_PHYSICAL_Q_DOMAIN', 'RESIDUE_PHASE_CONSTRAINT_WEAK', 'AMPLITUDE_RATIO_EXTREME']",development
N1.000:OGLE-LMC-CEP-0009:generic_fourier:008,OGLE-LMC-CEP-0009,0,generic_fourier,1.0,7.909843286780403,"['ROOT_OUTSIDE_PHYSICAL_Q_DOMAIN', 'RESIDUE_PHASE_CONSTRAINT_WEAK', 'AMPLITUDE_RATIO_EXTREME']",development
N1.000:OGLE-LMC-CEP-0009:phase_scrambled_derd:009,OGLE-LMC-CEP-0009,0,phase_scrambled_derd,1.0,1.8981817619029346,['RESIDUE_PHASE_CONSTRAINT_WEAK'],development
N1.000:OGLE-LMC-CEP-0009:generic_fourier:010,OGLE-LMC-CEP-0009,0,generic_fourier,1.0,2.8004682264384546,"['RESIDUE_SIGN_CONSTRAINT_FAILED', 'RESIDUE_PHASE_CONSTRAINT_WEAK']",holdout
N1.000:OGLE-LMC-CEP-0009:phase_scrambled_derd:011,OGLE-LMC-CEP-0009,0,phase_scrambled_derd,1.0,2.894842082462786,"['RESIDUE_SIGN_CONSTRAINT_FAILED', 'RESIDUE_PHASE_CONSTRAINT_WEAK']",development
N1.000:OGLE-LMC-CEP-0010:derd_geometric:000,OGLE-LMC-CEP-0010,1,derd_geometric,1.0,8.119150565589333,"['ROOT_OUTSIDE_PHYSICAL_Q_DOMAIN', 'AMPLITUDE_RATIO_EXTREME']",development
N1.000:OGLE-LMC-CEP-0010:derd_geometric:001,OGLE-LMC-CEP-0010,1,derd_geometric,1.0,4.48414945186493,"['RESIDUE_SIGN_CONSTRAINT_FAILED', 'RESIDUE_PHASE_CONSTRAINT_WEAK']",holdout
N1.000:OGLE-LMC-CEP-0010:derd_geometric:002,OGLE-LMC-CEP-0010,1,derd_geometric,1.0,2.061293965386201,['RESIDUE_PHASE_CONSTRAINT_WEAK'],development
N1.000:OGLE-LMC-CEP-0010:derd_geometric:003,OGLE-LMC-CEP-0010,1,derd_geometric,1.0,1.4544063223582333,['RESIDUE_PHASE_CONSTRAINT_WEAK'],development
N1.000:OGLE-LMC-CEP-0010:derd_geometric:004,OGLE-LMC-CEP-0010,1,derd_geometric,1.0,10.67432459800783,"['ROOT_OUTSIDE_PHYSICAL_Q_DOMAIN', 'RESIDUE_PHASE_CONSTRAINT_WEAK', 'AMPLITUDE_RATIO_EXTREME']",development
N1.000:OGLE-LMC-CEP-0010:derd_geometric:005,OGLE-LMC-CEP-0010,1,derd_geometric,1.0,2.326026355491193,['RESIDUE_PHASE_CONSTRAINT_WEAK'],development
N1.000:OGLE-LMC-CEP-0010:derd_geometric:006,OGLE-LMC-CEP-0010,1,derd_geometric,1.0,2.650093982848117,"['RESIDUE_SIGN_CONSTRAINT_FAILED', 'RESIDUE_PHASE_CONSTRAINT_WEAK']",development
N1.000:OGLE-LMC-CEP-0010:derd_geometric:007,OGLE-LMC-CEP-0010,1,derd_geometric,1.0,1.5179571638522358,['RESIDUE_PHASE_CONSTRAINT_WEAK'],development
N1.000:OGLE-LMC-CEP-0010:derd_geometric:008,OGLE-LMC-CEP-0010,1,derd_geometric,1.0,80.60451894149142,"['ROOT_OUTSIDE_PHYSICAL_Q_DOMAIN', 'RESIDUE_SIGN_CONSTRAINT_FAILED', 'RESIDUE_PHASE_CONSTRAINT_WEAK', 'AMPLITUDE_RATIO_EXTREME']",holdout
N1.000:OGLE-LMC-CEP-0010:derd_geometric:009,OGLE-LMC-CEP-0010,1,derd_geometric,1.0,1.6015180614830884,['RESIDUE_PHASE_CONSTRAINT_WEAK'],holdout
N1.000:OGLE-LMC-CEP-0010:derd_geometric:010,OGLE-LMC-CEP-0010,1,derd_geometric,1.0,2.23305616574659,['RESIDUE_PHASE_CONSTRAINT_WEAK'],development
N1.000:OGLE-LMC-CEP-0010:derd_geometric:011,OGLE-LMC-CEP-0010,1,derd_geometric,1.0,2.9076239083612907,"['RESIDUE_SIGN_CONSTRAINT_FAILED', 'RESIDUE_PHASE_CONSTRAINT_WEAK']",development
N1.000:OGLE-LMC-CEP-0010:generic_fourier:000,OGLE-LMC-CEP-0010,0,generic_fourier,1.0,3.475363906519451,"['RESIDUE_SIGN_CONSTRAINT_FAILED', 'RESIDUE_PHASE_CONSTRAINT_WEAK']",development
N1.000:OGLE-LMC-CEP-0010:phase_scrambled_derd:001,OGLE-LMC-CEP-0010,0,phase_scrambled_derd,1.0,2.91862815695,"['ROOT_OUTSIDE_PHYSICAL_Q_DOMAIN', 'RESIDUE_PHASE_CONSTRAINT_WEAK', 'AMPLITUDE_RATIO_EXTREME']",development
N1.000:OGLE-LMC-CEP-0010:generic_fourier:002,OGLE-LMC-CEP-0010,0,generic_fourier,1.0,2.9922693667384728,"['RESIDUE_SIGN_CONSTRAINT_FAILED', 'RESIDUE_PHASE_CONSTRAINT_WEAK']",development
N1.000:OGLE-LMC-CEP-0010:phase_scrambled_derd:003,OGLE-LMC-CEP-0010,0,phase_scrambled_derd,1.0,22.40117785628916,"['ROOT_OUTSIDE_PHYSICAL_Q_DOMAIN', 'RESIDUE_SIGN_CONSTRAINT_FAILED', 'RESIDUE_PHASE_CONSTRAINT_WEAK', 'AMPLITUDE_RATIO_EXTREME']",development
N1.000:OGLE-LMC-CEP-0010:generic_fourier:004,OGLE-LMC-CEP-0010,0,generic_fourier,1.0,3.985746880209974,"['ROOT_OUTSIDE_PHYSICAL_Q_DOMAIN', 'RESIDUE_PHASE_CONSTRAINT_WEAK', 'AMPLITUDE_RATIO_EXTREME']",holdout
N1.000:OGLE-LMC-CEP-0010:phase_scrambled_derd:005,OGLE-LMC-CEP-0010,0,phase_scrambled_derd,1.0,3.4235415729869483,"['RESIDUE_SIGN_CONSTRAINT_FAILED', 'RESIDUE_PHASE_CONSTRAINT_WEAK']",development
N1.000:OGLE-LMC-CEP-0010:generic_fourier:006,OGLE-LMC-CEP-0010,0,generic_fourier,1.0,2.091546315986823,['RESIDUE_PHASE_CONSTRAINT_WEAK'],development
N1.000:OGLE-LMC-CEP-0010:phase_scrambled_derd:007,OGLE-LMC-CEP-0010,0,phase_scrambled_derd,1.0,2.6302398475158837,"['RESIDUE_SIGN_CONSTRAINT_FAILED', 'RESIDUE_PHASE_CONSTRAINT_WEAK']",development
N1.000:OGLE-LMC-CEP-0010:generic_fourier:008,OGLE-LMC-CEP-0010,0,generic_fourier,1.0,62.40176689282805,"['ROOT_OUTSIDE_PHYSICAL_Q_DOMAIN', 'RESIDUE_PHASE_CONSTRAINT_WEAK', 'AMPLITUDE_RATIO_EXTREME']",development
N1.000:OGLE-LMC-CEP-0010:phase_scrambled_derd:009,OGLE-LMC-CEP-0010,0,phase_scrambled_derd,1.0,2.925886188333911,"['RESIDUE_SIGN_CONSTRAINT_FAILED', 'RESIDUE_PHASE_CONSTRAINT_WEAK']",development
N1.000:OGLE-LMC-CEP-0010:generic_fourier:010,OGLE-LMC-CEP-0010,0,generic_fourier,1.0,7.364395297858866,"['ROOT_OUTSIDE_PHYSICAL_Q_DOMAIN', 'RESIDUE_SIGN_CONSTRAINT_FAILED', 'RESIDUE_PHASE_CONSTRAINT_WEAK', 'AMPLITUDE_RATIO_EXTREME']",holdout
N1.000:OGLE-LMC-CEP-0010:phase_scrambled_derd:011,OGLE-LMC-CEP-0010,0,phase_scrambled_derd,1.0,2.4628938359693757,"['RESIDUE_SIGN_CONSTRAINT_FAILED', 'RESIDUE_PHASE_CONSTRAINT_WEAK']",development
N1.000:OGLE-LMC-CEP-0012:derd_geometric:000,OGLE-LMC-CEP-0012,1,derd_geometric,1.0,1.4429995040728583,['RESIDUE_PHASE_CONSTRAINT_WEAK'],development
N1.000:OGLE-LMC-CEP-0012:derd_geometric:001,OGLE-LMC-CEP-0012,1,derd_geometric,1.0,8.936765003089981,"['ROOT_OUTSIDE_PHYSICAL_Q_DOMAIN', 'RESIDUE_SIGN_CONSTRAINT_FAILED', 'RESIDUE_PHASE_CONSTRAINT_WEAK', 'AMPLITUDE_RATIO_EXTREME']",development
N1.000:OGLE-LMC-CEP-0012:derd_geometric:002,OGLE-LMC-CEP-0012,1,derd_geometric,1.0,7.44769455638965,"['ROOT_OUTSIDE_PHYSICAL_Q_DOMAIN', 'RESIDUE_SIGN_CONSTRAINT_FAILED', 'RESIDUE_PHASE_CONSTRAINT_WEAK', 'AMPLITUDE_RATIO_EXTREME']",holdout
N1.000:OGLE-LMC-CEP-0012:derd_geometric:003,OGLE-LMC-CEP-0012,1,derd_geometric,1.0,6.199019004624164,"['ROOT_OUTSIDE_PHYSICAL_Q_DOMAIN', 'AMPLITUDE_RATIO_EXTREME']",development
N1.000:OGLE-LMC-CEP-0012:derd_geometric:004,OGLE-LMC-CEP-0012,1,derd_geometric,1.0,1.6463453405777873,"['RESIDUE_SIGN_CONSTRAINT_FAILED', 'RESIDUE_PHASE_CONSTRAINT_WEAK']",holdout
N1.000:OGLE-LMC-CEP-0012:derd_geometric:005,OGLE-LMC-CEP-0012,1,derd_geometric,1.0,3.6976360183928336,"['ROOT_OUTSIDE_PHYSICAL_Q_DOMAIN', 'RESIDUE_SIGN_CONSTRAINT_FAILED', 'RESIDUE_PHASE_CONSTRAINT_WEAK', 'AMPLITUDE_RATIO_EXTREME']",holdout
N1.000:OGLE-LMC-CEP-0012:derd_geometric:006,OGLE-LMC-CEP-0012,1,derd_geometric,1.0,9.342416894673393,"['ROOT_OUTSIDE_PHYSICAL_Q_DOMAIN', 'RESIDUE_SIGN_CONSTRAINT_FAILED', 'RESIDUE_PHASE_CONSTRAINT_WEAK', 'AMPLITUDE_RATIO_EXTREME']",development
N1.000:OGLE-LMC-CEP-0012:derd_geometric:007,OGLE-LMC-CEP-0012,1,derd_geometric,1.0,47.876336056875,"['ROOT_OUTSIDE_PHYSICAL_Q_DOMAIN', 'RESIDUE_PHASE_CONSTRAINT_WEAK', 'AMPLITUDE_RATIO_EXTREME']",development
N1.000:OGLE-LMC-CEP-0012:derd_geometric:008,OGLE-LMC-CEP-0012,1,derd_geometric,1.0,7.139718307947298,"['ROOT_OUTSIDE_PHYSICAL_Q_DOMAIN', 'AMPLITUDE_RATIO_EXTREME']",holdout
N1.000:OGLE-LMC-CEP-0012:derd_geometric:009,OGLE-LMC-CEP-0012,1,derd_geometric,1.0,10.82703897003892,"['ROOT_OUTSIDE_PHYSICAL_Q_DOMAIN', 'RESIDUE_SIGN_CONSTRAINT_FAILED', 'RESIDUE_PHASE_CONSTRAINT_WEAK', 'AMPLITUDE_RATIO_EXTREME']",holdout
N1.000:OGLE-LMC-CEP-0012:derd_geometric:010,OGLE-LMC-CEP-0012,1,derd_geometric,1.0,19.57279161318057,"['ROOT_OUTSIDE_PHYSICAL_Q_DOMAIN', 'RESIDUE_PHASE_CONSTRAINT_WEAK', 'AMPLITUDE_RATIO_EXTREME']",holdout
N1.000:OGLE-LMC-CEP-0012:derd_geometric:011,OGLE-LMC-CEP-0012,1,derd_geometric,1.0,2.443218389429747,"['RESIDUE_SIGN_CONSTRAINT_FAILED', 'RESIDUE_PHASE_CONSTRAINT_WEAK']",holdout
N1.000:OGLE-LMC-CEP-0012:generic_fourier:000,OGLE-LMC-CEP-0012,0,generic_fourier,1.0,2.074136642371467,['RESIDUE_PHASE_CONSTRAINT_WEAK'],development
N1.000:OGLE-LMC-CEP-0012:phase_scrambled_derd:001,OGLE-LMC-CEP-0012,0,phase_scrambled_derd,1.0,2.4967234971282446,"['RESIDUE_SIGN_CONSTRAINT_FAILED', 'RESIDUE_PHASE_CONSTRAINT_WEAK']",development
N1.000:OGLE-LMC-CEP-0012:generic_fourier:002,OGLE-LMC-CEP-0012,0,generic_fourier,1.0,4.14884968521181,"['ROOT_OUTSIDE_PHYSICAL_Q_DOMAIN', 'RESIDUE_SIGN_CONSTRAINT_FAILED', 'RESIDUE_PHASE_CONSTRAINT_WEAK', 'AMPLITUDE_RATIO_EXTREME']",holdout
N1.000:OGLE-LMC-CEP-0012:phase_scrambled_derd:003,OGLE-LMC-CEP-0012,0,phase_scrambled_derd,1.0,15.325127964640627,"['ROOT_OUTSIDE_PHYSICAL_Q_DOMAIN', 'RESIDUE_SIGN_CONSTRAINT_FAILED', 'AMPLITUDE_RATIO_EXTREME']",development
N1.000:OGLE-LMC-CEP-0012:generic_fourier:004,OGLE-LMC-CEP-0012,0,generic_fourier,1.0,5.023502808687312,"['ROOT_OUTSIDE_PHYSICAL_Q_DOMAIN', 'AMPLITUDE_RATIO_EXTREME']",development
N1.000:OGLE-LMC-CEP-0012:phase_scrambled_derd:005,OGLE-LMC-CEP-0012,0,phase_scrambled_derd,1.0,5.51299406062634,"['ROOT_OUTSIDE_PHYSICAL_Q_DOMAIN', 'RESIDUE_PHASE_CONSTRAINT_WEAK', 'AMPLITUDE_RATIO_EXTREME']",development
N1.000:OGLE-LMC-CEP-0012:generic_fourier:006,OGLE-LMC-CEP-0012,0,generic_fourier,1.0,1.6628783538932055,['RESIDUE_PHASE_CONSTRAINT_WEAK'],development
N1.000:OGLE-LMC-CEP-0012:phase_scrambled_derd:007,OGLE-LMC-CEP-0012,0,phase_scrambled_derd,1.0,2.6180535183191687,"['RESIDUE_SIGN_CONSTRAINT_FAILED', 'RESIDUE_PHASE_CONSTRAINT_WEAK']",development
N1.000:OGLE-LMC-CEP-0012:generic_fourier:008,OGLE-LMC-CEP-0012,0,generic_fourier,1.0,2.9848870119145454,"['RESIDUE_SIGN_CONSTRAINT_FAILED', 'RESIDUE_PHASE_CONSTRAINT_WEAK']",development
N1.000:OGLE-LMC-CEP-0012:phase_scrambled_derd:009,OGLE-LMC-CEP-0012,0,phase_scrambled_derd,1.0,2.6649500303373803,"['RESIDUE_SIGN_CONSTRAINT_FAILED', 'RESIDUE_PHASE_CONSTRAINT_WEAK']",holdout
N1.000:OGLE-LMC-CEP-0012:generic_fourier:010,OGLE-LMC-CEP-0012,0,generic_fourier,1.0,5.658391533106995,"['ROOT_OUTSIDE_PHYSICAL_Q_DOMAIN', 'RESIDUE_PHASE_CONSTRAINT_WEAK', 'AMPLITUDE_RATIO_EXTREME']",development
N1.000:OGLE-LMC-CEP-0012:phase_scrambled_derd:011,OGLE-LMC-CEP-0012,0,phase_scrambled_derd,1.0,21.9452738853177,"['ROOT_OUTSIDE_PHYSICAL_Q_DOMAIN', 'RESIDUE_PHASE_CONSTRAINT_WEAK', 'AMPLITUDE_RATIO_EXTREME']",development
N1.000:OGLE-LMC-CEP-0013:derd_geometric:000,OGLE-LMC-CEP-0013,1,derd_geometric,1.0,1.992886680549662,['RESIDUE_PHASE_CONSTRAINT_WEAK'],development
N1.000:OGLE-LMC-CEP-0013:derd_geometric:001,OGLE-LMC-CEP-0013,1,derd_geometric,1.0,2.0711151017276377,['RESIDUE_PHASE_CONSTRAINT_WEAK'],holdout
N1.000:OGLE-LMC-CEP-0013:derd_geometric:002,OGLE-LMC-CEP-0013,1,derd_geometric,1.0,1.4246290248966473,['RESIDUE_PHASE_CONSTRAINT_WEAK'],development
N1.000:OGLE-LMC-CEP-0013:derd_geometric:003,OGLE-LMC-CEP-0013,1,derd_geometric,1.0,2.4923969962599224,[],development
N1.000:OGLE-LMC-CEP-0013:derd_geometric:004,OGLE-LMC-CEP-0013,1,derd_geometric,1.0,2.1577497154689587,"['RESIDUE_SIGN_CONSTRAINT_FAILED', 'RESIDUE_PHASE_CONSTRAINT_WEAK']",development
N1.000:OGLE-LMC-CEP-0013:derd_geometric:005,OGLE-LMC-CEP-0013,1,derd_geometric,1.0,8.164729627260503,"['ROOT_OUTSIDE_PHYSICAL_Q_DOMAIN', 'RESIDUE_PHASE_CONSTRAINT_WEAK', 'AMPLITUDE_RATIO_EXTREME']",holdout
N1.000:OGLE-LMC-CEP-0013:derd_geometric:006,OGLE-LMC-CEP-0013,1,derd_geometric,1.0,1.9437848139308032,['RESIDUE_PHASE_CONSTRAINT_WEAK'],development
N1.000:OGLE-LMC-CEP-0013:derd_geometric:007,OGLE-LMC-CEP-0013,1,derd_geometric,1.0,1.20580107345944,['RESIDUE_PHASE_CONSTRAINT_WEAK'],development
N1.000:OGLE-LMC-CEP-0013:derd_geometric:008,OGLE-LMC-CEP-0013,1,derd_geometric,1.0,21.94141431577215,"['ROOT_OUTSIDE_PHYSICAL_Q_DOMAIN', 'RESIDUE_PHASE_CONSTRAINT_WEAK', 'AMPLITUDE_RATIO_EXTREME']",holdout
N1.000:OGLE-LMC-CEP-0013:derd_geometric:009,OGLE-LMC-CEP-0013,1,derd_geometric,1.0,1.8976113169063,['RESIDUE_SIGN_CONSTRAINT_FAILED'],holdout
N1.000:OGLE-LMC-CEP-0013:derd_geometric:010,OGLE-LMC-CEP-0013,1,derd_geometric,1.0,50.828306925526235,"['ROOT_OUTSIDE_PHYSICAL_Q_DOMAIN', 'RESIDUE_PHASE_CONSTRAINT_WEAK', 'AMPLITUDE_RATIO_EXTREME']",development
N1.000:OGLE-LMC-CEP-0013:derd_geometric:011,OGLE-LMC-CEP-0013,1,derd_geometric,1.0,2.3062205786677064,"['RESIDUE_SIGN_CONSTRAINT_FAILED', 'RESIDUE_PHASE_CONSTRAINT_WEAK']",development
N1.000:OGLE-LMC-CEP-0013:generic_fourier:000,OGLE-LMC-CEP-0013,0,generic_fourier,1.0,6.189882619698297,"['ROOT_OUTSIDE_PHYSICAL_Q_DOMAIN', 'RESIDUE_SIGN_CONSTRAINT_FAILED', 'RESIDUE_PHASE_CONSTRAINT_WEAK', 'AMPLITUDE_RATIO_EXTREME']",development
N1.000:OGLE-LMC-CEP-0013:phase_scrambled_derd:001,OGLE-LMC-CEP-0013,0,phase_scrambled_derd,1.0,5.641527542937059,"['ROOT_OUTSIDE_PHYSICAL_Q_DOMAIN', 'RESIDUE_SIGN_CONSTRAINT_FAILED', 'RESIDUE_PHASE_CONSTRAINT_WEAK', 'AMPLITUDE_RATIO_EXTREME']",development
N1.000:OGLE-LMC-CEP-0013:generic_fourier:002,OGLE-LMC-CEP-0013,0,generic_fourier,1.0,3.9042687066756723,"['ROOT_OUTSIDE_PHYSICAL_Q_DOMAIN', 'RESIDUE_PHASE_CONSTRAINT_WEAK', 'AMPLITUDE_RATIO_EXTREME']",development
N1.000:OGLE-LMC-CEP-0013:phase_scrambled_derd:003,OGLE-LMC-CEP-0013,0,phase_scrambled_derd,1.0,2.162659925168185,['RESIDUE_PHASE_CONSTRAINT_WEAK'],development
N1.000:OGLE-LMC-CEP-0013:generic_fourier:004,OGLE-LMC-CEP-0013,0,generic_fourier,1.0,4.596092576388658,"['ROOT_OUTSIDE_PHYSICAL_Q_DOMAIN', 'RESIDUE_PHASE_CONSTRAINT_WEAK', 'AMPLITUDE_RATIO_EXTREME']",development
N1.000:OGLE-LMC-CEP-0013:phase_scrambled_derd:005,OGLE-LMC-CEP-0013,0,phase_scrambled_derd,1.0,2.0787272092197044,['RESIDUE_PHASE_CONSTRAINT_WEAK'],holdout
N1.000:OGLE-LMC-CEP-0013:generic_fourier:006,OGLE-LMC-CEP-0013,0,generic_fourier,1.0,2.792976164153324,"['RESIDUE_SIGN_CONSTRAINT_FAILED', 'RESIDUE_PHASE_CONSTRAINT_WEAK']",holdout
N1.000:OGLE-LMC-CEP-0013:phase_scrambled_derd:007,OGLE-LMC-CEP-0013,0,phase_scrambled_derd,1.0,6.0367015490678,"['ROOT_OUTSIDE_PHYSICAL_Q_DOMAIN', 'RESIDUE_SIGN_CONSTRAINT_FAILED', 'RESIDUE_PHASE_CONSTRAINT_WEAK', 'AMPLITUDE_RATIO_EXTREME']",development
N1.000:OGLE-LMC-CEP-0013:generic_fourier:008,OGLE-LMC-CEP-0013,0,generic_fourier,1.0,3.6159013822610384,"['ROOT_OUTSIDE_PHYSICAL_Q_DOMAIN', 'RESIDUE_PHASE_CONSTRAINT_WEAK', 'AMPLITUDE_RATIO_EXTREME']",development
N1.000:OGLE-LMC-CEP-0013:phase_scrambled_derd:009,OGLE-LMC-CEP-0013,0,phase_scrambled_derd,1.0,1.769417792674766,['RESIDUE_PHASE_CONSTRAINT_WEAK'],development
N1.000:OGLE-LMC-CEP-0013:generic_fourier:010,OGLE-LMC-CEP-0013,0,generic_fourier,1.0,2.6610288335378725,"['RESIDUE_SIGN_CONSTRAINT_FAILED', 'RESIDUE_PHASE_CONSTRAINT_WEAK']",holdout
N1.000:OGLE-LMC-CEP-0013:phase_scrambled_derd:011,OGLE-LMC-CEP-0013,0,phase_scrambled_derd,1.0,2.3083114573188555,['RESIDUE_PHASE_CONSTRAINT_WEAK'],development
N1.000:OGLE-LMC-CEP-0014:derd_geometric:000,OGLE-LMC-CEP-0014,1,derd_geometric,1.0,4.736532401537543,"['ROOT_OUTSIDE_PHYSICAL_Q_DOMAIN', 'RESIDUE_SIGN_CONSTRAINT_FAILED', 'RESIDUE_PHASE_CONSTRAINT_WEAK', 'AMPLITUDE_RATIO_EXTREME']",development
N1.000:OGLE-LMC-CEP-0014:derd_geometric:001,OGLE-LMC-CEP-0014,1,derd_geometric,1.0,4.072133438287654,"['ROOT_OUTSIDE_PHYSICAL_Q_DOMAIN', 'RESIDUE_SIGN_CONSTRAINT_FAILED', 'RESIDUE_PHASE_CONSTRAINT_WEAK', 'AMPLITUDE_RATIO_EXTREME']",holdout
N1.000:OGLE-LMC-CEP-0014:derd_geometric:002,OGLE-LMC-CEP-0014,1,derd_geometric,1.0,4.486958668743727,"['ROOT_OUTSIDE_PHYSICAL_Q_DOMAIN', 'RESIDUE_SIGN_CONSTRAINT_FAILED', 'RESIDUE_PHASE_CONSTRAINT_WEAK', 'AMPLITUDE_RATIO_EXTREME']",development
N1.000:OGLE-LMC-CEP-0014:derd_geometric:003,OGLE-LMC-CEP-0014,1,derd_geometric,1.0,5.559064935523497,"['ROOT_OUTSIDE_PHYSICAL_Q_DOMAIN', 'RESIDUE_SIGN_CONSTRAINT_FAILED', 'RESIDUE_PHASE_CONSTRAINT_WEAK', 'AMPLITUDE_RATIO_EXTREME']",development
N1.000:OGLE-LMC-CEP-0014:derd_geometric:004,OGLE-LMC-CEP-0014,1,derd_geometric,1.0,1.7545696474858983,['RESIDUE_PHASE_CONSTRAINT_WEAK'],holdout
N1.000:OGLE-LMC-CEP-0014:derd_geometric:005,OGLE-LMC-CEP-0014,1,derd_geometric,1.0,1.7093170887832194,"['RESIDUE_SIGN_CONSTRAINT_FAILED', 'RESIDUE_PHASE_CONSTRAINT_WEAK']",development
N1.000:OGLE-LMC-CEP-0014:derd_geometric:006,OGLE-LMC-CEP-0014,1,derd_geometric,1.0,5.549179915187473,"['ROOT_OUTSIDE_PHYSICAL_Q_DOMAIN', 'RESIDUE_PHASE_CONSTRAINT_WEAK', 'AMPLITUDE_RATIO_EXTREME']",holdout
N1.000:OGLE-LMC-CEP-0014:derd_geometric:007,OGLE-LMC-CEP-0014,1,derd_geometric,1.0,10.0129838894376,"['ROOT_OUTSIDE_PHYSICAL_Q_DOMAIN', 'RESIDUE_SIGN_CONSTRAINT_FAILED', 'RESIDUE_PHASE_CONSTRAINT_WEAK', 'AMPLITUDE_RATIO_EXTREME']",development
N1.000:OGLE-LMC-CEP-0014:derd_geometric:008,OGLE-LMC-CEP-0014,1,derd_geometric,1.0,4.375372288572625,"['ROOT_OUTSIDE_PHYSICAL_Q_DOMAIN', 'RESIDUE_SIGN_CONSTRAINT_FAILED', 'RESIDUE_PHASE_CONSTRAINT_WEAK', 'AMPLITUDE_RATIO_EXTREME']",holdout
N1.000:OGLE-LMC-CEP-0014:derd_geometric:009,OGLE-LMC-CEP-0014,1,derd_geometric,1.0,5.986465722444971,"['ROOT_OUTSIDE_PHYSICAL_Q_DOMAIN', 'AMPLITUDE_RATIO_EXTREME']",development
N1.000:OGLE-LMC-CEP-0014:derd_geometric:010,OGLE-LMC-CEP-0014,1,derd_geometric,1.0,12.870643468731506,"['ROOT_OUTSIDE_PHYSICAL_Q_DOMAIN', 'RESIDUE_SIGN_CONSTRAINT_FAILED', 'RESIDUE_PHASE_CONSTRAINT_WEAK', 'AMPLITUDE_RATIO_EXTREME']",development
N1.000:OGLE-LMC-CEP-0014:derd_geometric:011,OGLE-LMC-CEP-0014,1,derd_geometric,1.0,1.6628529085246375,['RESIDUE_PHASE_CONSTRAINT_WEAK'],development
N1.000:OGLE-LMC-CEP-0014:generic_fourier:000,OGLE-LMC-CEP-0014,0,generic_fourier,1.0,2.4808929617003184,['RESIDUE_PHASE_CONSTRAINT_WEAK'],holdout
N1.000:OGLE-LMC-CEP-0014:phase_scrambled_derd:001,OGLE-LMC-CEP-0014,0,phase_scrambled_derd,1.0,5.060951402784695,"['ROOT_OUTSIDE_PHYSICAL_Q_DOMAIN', 'RESIDUE_SIGN_CONSTRAINT_FAILED', 'RESIDUE_PHASE_CONSTRAINT_WEAK', 'AMPLITUDE_RATIO_EXTREME']",development
N1.000:OGLE-LMC-CEP-0014:generic_fourier:002,OGLE-LMC-CEP-0014,0,generic_fourier,1.0,1.9850146535072988,['RESIDUE_PHASE_CONSTRAINT_WEAK'],holdout
N1.000:OGLE-LMC-CEP-0014:phase_scrambled_derd:003,OGLE-LMC-CEP-0014,0,phase_scrambled_derd,1.0,5.626498440823477,"['ROOT_OUTSIDE_PHYSICAL_Q_DOMAIN', 'RESIDUE_SIGN_CONSTRAINT_FAILED', 'RESIDUE_PHASE_CONSTRAINT_WEAK', 'AMPLITUDE_RATIO_EXTREME']",development
N1.000:OGLE-LMC-CEP-0014:generic_fourier:004,OGLE-LMC-CEP-0014,0,generic_fourier,1.0,6.583010407495403,"['ROOT_OUTSIDE_PHYSICAL_Q_DOMAIN', 'RESIDUE_SIGN_CONSTRAINT_FAILED', 'RESIDUE_PHASE_CONSTRAINT_WEAK', 'AMPLITUDE_RATIO_EXTREME']",development
N1.000:OGLE-LMC-CEP-0014:phase_scrambled_derd:005,OGLE-LMC-CEP-0014,0,phase_scrambled_derd,1.0,6.045940613357956,"['ROOT_OUTSIDE_PHYSICAL_Q_DOMAIN', 'RESIDUE_PHASE_CONSTRAINT_WEAK', 'AMPLITUDE_RATIO_EXTREME']",development
N1.000:OGLE-LMC-CEP-0014:generic_fourier:006,OGLE-LMC-CEP-0014,0,generic_fourier,1.0,5.205313823664994,"['ROOT_OUTSIDE_PHYSICAL_Q_DOMAIN', 'RESIDUE_PHASE_CONSTRAINT_WEAK', 'AMPLITUDE_RATIO_EXTREME']",development
N1.000:OGLE-LMC-CEP-0014:phase_scrambled_derd:007,OGLE-LMC-CEP-0014,0,phase_scrambled_derd,1.0,3.4724491033067837,"['ROOT_OUTSIDE_PHYSICAL_Q_DOMAIN', 'RESIDUE_PHASE_CONSTRAINT_WEAK', 'AMPLITUDE_RATIO_EXTREME']",development
N1.000:OGLE-LMC-CEP-0014:generic_fourier:008,OGLE-LMC-CEP-0014,0,generic_fourier,1.0,9.388569869208862,"['ROOT_OUTSIDE_PHYSICAL_Q_DOMAIN', 'RESIDUE_SIGN_CONSTRAINT_FAILED', 'RESIDUE_PHASE_CONSTRAINT_WEAK', 'AMPLITUDE_RATIO_EXTREME']",development
N1.000:OGLE-LMC-CEP-0014:phase_scrambled_derd:009,OGLE-LMC-CEP-0014,0,phase_scrambled_derd,1.0,6.637513718302058,"['ROOT_OUTSIDE_PHYSICAL_Q_DOMAIN', 'AMPLITUDE_RATIO_EXTREME']",development
N1.000:OGLE-LMC-CEP-0014:generic_fourier:010,OGLE-LMC-CEP-0014,0,generic_fourier,1.0,2.4230640594829156,['RESIDUE_SIGN_CONSTRAINT_FAILED'],holdout
N1.000:OGLE-LMC-CEP-0014:phase_scrambled_derd:011,OGLE-LMC-CEP-0014,0,phase_scrambled_derd,1.0,7.719437070994352,"['ROOT_OUTSIDE_PHYSICAL_Q_DOMAIN', 'RESIDUE_PHASE_CONSTRAINT_WEAK', 'AMPLITUDE_RATIO_EXTREME']",development
N1.000:OGLE-LMC-CEP-0015:derd_geometric:000,OGLE-LMC-CEP-0015,1,derd_geometric,1.0,1.7547476133837834,['RESIDUE_SIGN_CONSTRAINT_FAILED'],holdout
N1.000:OGLE-LMC-CEP-0015:derd_geometric:001,OGLE-LMC-CEP-0015,1,derd_geometric,1.0,6.63073028913286,"['ROOT_OUTSIDE_PHYSICAL_Q_DOMAIN', 'RESIDUE_PHASE_CONSTRAINT_WEAK', 'AMPLITUDE_RATIO_EXTREME']",holdout
N1.000:OGLE-LMC-CEP-0015:derd_geometric:002,OGLE-LMC-CEP-0015,1,derd_geometric,1.0,4.916151068956255,"['ROOT_OUTSIDE_PHYSICAL_Q_DOMAIN', 'RESIDUE_SIGN_CONSTRAINT_FAILED', 'RESIDUE_PHASE_CONSTRAINT_WEAK', 'AMPLITUDE_RATIO_EXTREME']",development
N1.000:OGLE-LMC-CEP-0015:derd_geometric:003,OGLE-LMC-CEP-0015,1,derd_geometric,1.0,1.737410353036705,['RESIDUE_PHASE_CONSTRAINT_WEAK'],development
N1.000:OGLE-LMC-CEP-0015:derd_geometric:004,OGLE-LMC-CEP-0015,1,derd_geometric,1.0,2.9096816153958396,"['RESIDUE_SIGN_CONSTRAINT_FAILED', 'RESIDUE_PHASE_CONSTRAINT_WEAK']",development
N1.000:OGLE-LMC-CEP-0015:derd_geometric:005,OGLE-LMC-CEP-0015,1,derd_geometric,1.0,6.126405200190519,"['ROOT_OUTSIDE_PHYSICAL_Q_DOMAIN', 'RESIDUE_PHASE_CONSTRAINT_WEAK', 'AMPLITUDE_RATIO_EXTREME']",development
N1.000:OGLE-LMC-CEP-0015:derd_geometric:006,OGLE-LMC-CEP-0015,1,derd_geometric,1.0,1.4637994290717613,['RESIDUE_PHASE_CONSTRAINT_WEAK'],holdout
N1.000:OGLE-LMC-CEP-0015:derd_geometric:007,OGLE-LMC-CEP-0015,1,derd_geometric,1.0,2.850399050729355,"['RESIDUE_SIGN_CONSTRAINT_FAILED', 'RESIDUE_PHASE_CONSTRAINT_WEAK']",development
N1.000:OGLE-LMC-CEP-0015:derd_geometric:008,OGLE-LMC-CEP-0015,1,derd_geometric,1.0,7.656625504531669,"['ROOT_OUTSIDE_PHYSICAL_Q_DOMAIN', 'RESIDUE_PHASE_CONSTRAINT_WEAK', 'AMPLITUDE_RATIO_EXTREME']",holdout
N1.000:OGLE-LMC-CEP-0015:derd_geometric:009,OGLE-LMC-CEP-0015,1,derd_geometric,1.0,4.29933091121928,"['ROOT_OUTSIDE_PHYSICAL_Q_DOMAIN', 'AMPLITUDE_RATIO_EXTREME']",development
N1.000:OGLE-LMC-CEP-0015:derd_geometric:010,OGLE-LMC-CEP-0015,1,derd_geometric,1.0,0.5843638174770257,[],development
N1.000:OGLE-LMC-CEP-0015:derd_geometric:011,OGLE-LMC-CEP-0015,1,derd_geometric,1.0,1.7729482001061585,['RESIDUE_PHASE_CONSTRAINT_WEAK'],development
N1.000:OGLE-LMC-CEP-0015:generic_fourier:000,OGLE-LMC-CEP-0015,0,generic_fourier,1.0,4.49111152893696,"['ROOT_OUTSIDE_PHYSICAL_Q_DOMAIN', 'RESIDUE_SIGN_CONSTRAINT_FAILED', 'RESIDUE_PHASE_CONSTRAINT_WEAK', 'AMPLITUDE_RATIO_EXTREME']",development
N1.000:OGLE-LMC-CEP-0015:phase_scrambled_derd:001,OGLE-LMC-CEP-0015,0,phase_scrambled_derd,1.0,4.532893955055985,"['ROOT_OUTSIDE_PHYSICAL_Q_DOMAIN', 'RESIDUE_SIGN_CONSTRAINT_FAILED', 'RESIDUE_PHASE_CONSTRAINT_WEAK', 'AMPLITUDE_RATIO_EXTREME']",development
N1.000:OGLE-LMC-CEP-0015:generic_fourier:002,OGLE-LMC-CEP-0015,0,generic_fourier,1.0,4.595650745833731,"['ROOT_OUTSIDE_PHYSICAL_Q_DOMAIN', 'RESIDUE_SIGN_CONSTRAINT_FAILED', 'AMPLITUDE_RATIO_EXTREME']",holdout
N1.000:OGLE-LMC-CEP-0015:phase_scrambled_derd:003,OGLE-LMC-CEP-0015,0,phase_scrambled_derd,1.0,3.2872965467576503,"['RESIDUE_SIGN_CONSTRAINT_FAILED', 'RESIDUE_PHASE_CONSTRAINT_WEAK']",development
N1.000:OGLE-LMC-CEP-0015:generic_fourier:004,OGLE-LMC-CEP-0015,0,generic_fourier,1.0,2.9052161641855894,"['RESIDUE_SIGN_CONSTRAINT_FAILED', 'RESIDUE_PHASE_CONSTRAINT_WEAK']",holdout
N1.000:OGLE-LMC-CEP-0015:phase_scrambled_derd:005,OGLE-LMC-CEP-0015,0,phase_scrambled_derd,1.0,2.3193100413336913,['RESIDUE_PHASE_CONSTRAINT_WEAK'],development
N1.000:OGLE-LMC-CEP-0015:generic_fourier:006,OGLE-LMC-CEP-0015,0,generic_fourier,1.0,5.627368174854926,"['ROOT_OUTSIDE_PHYSICAL_Q_DOMAIN', 'RESIDUE_PHASE_CONSTRAINT_WEAK', 'AMPLITUDE_RATIO_EXTREME']",holdout
N1.000:OGLE-LMC-CEP-0015:phase_scrambled_derd:007,OGLE-LMC-CEP-0015,0,phase_scrambled_derd,1.0,2.6192523981968527,"['RESIDUE_SIGN_CONSTRAINT_FAILED', 'RESIDUE_PHASE_CONSTRAINT_WEAK']",development
N1.000:OGLE-LMC-CEP-0015:generic_fourier:008,OGLE-LMC-CEP-0015,0,generic_fourier,1.0,2.1623736884677482,['RESIDUE_PHASE_CONSTRAINT_WEAK'],development
N1.000:OGLE-LMC-CEP-0015:phase_scrambled_derd:009,OGLE-LMC-CEP-0015,0,phase_scrambled_derd,1.0,2.383007218713974,['RESIDUE_PHASE_CONSTRAINT_WEAK'],holdout
N1.000:OGLE-LMC-CEP-0015:generic_fourier:010,OGLE-LMC-CEP-0015,0,generic_fourier,1.0,8.245115765979138,"['ROOT_OUTSIDE_PHYSICAL_Q_DOMAIN', 'RESIDUE_SIGN_CONSTRAINT_FAILED', 'RESIDUE_PHASE_CONSTRAINT_WEAK', 'AMPLITUDE_RATIO_EXTREME']",development
N1.000:OGLE-LMC-CEP-0015:phase_scrambled_derd:011,OGLE-LMC-CEP-0015,0,phase_scrambled_derd,1.0,2.2618715329833115,['RESIDUE_PHASE_CONSTRAINT_WEAK'],holdout
N1.000:OGLE-LMC-CEP-0017:derd_geometric:000,OGLE-LMC-CEP-0017,1,derd_geometric,1.0,9.435331517356985,"['ROOT_OUTSIDE_PHYSICAL_Q_DOMAIN', 'RESIDUE_PHASE_CONSTRAINT_WEAK', 'AMPLITUDE_RATIO_EXTREME']",development
N1.000:OGLE-LMC-CEP-0017:derd_geometric:001,OGLE-LMC-CEP-0017,1,derd_geometric,1.0,1.410086771279339,['RESIDUE_PHASE_CONSTRAINT_WEAK'],development
N1.000:OGLE-LMC-CEP-0017:derd_geometric:002,OGLE-LMC-CEP-0017,1,derd_geometric,1.0,0.4848683526443294,[],holdout
N1.000:OGLE-LMC-CEP-0017:derd_geometric:003,OGLE-LMC-CEP-0017,1,derd_geometric,1.0,1.519925936640414,['RESIDUE_PHASE_CONSTRAINT_WEAK'],holdout
N1.000:OGLE-LMC-CEP-0017:derd_geometric:004,OGLE-LMC-CEP-0017,1,derd_geometric,1.0,3.1936159787462106,"['RESIDUE_SIGN_CONSTRAINT_FAILED', 'RESIDUE_PHASE_CONSTRAINT_WEAK']",development
N1.000:OGLE-LMC-CEP-0017:derd_geometric:005,OGLE-LMC-CEP-0017,1,derd_geometric,1.0,8.191095753507557,"['ROOT_OUTSIDE_PHYSICAL_Q_DOMAIN', 'RESIDUE_SIGN_CONSTRAINT_FAILED', 'RESIDUE_PHASE_CONSTRAINT_WEAK', 'AMPLITUDE_RATIO_EXTREME']",holdout
N1.000:OGLE-LMC-CEP-0017:derd_geometric:006,OGLE-LMC-CEP-0017,1,derd_geometric,1.0,1.8599316260994967,['RESIDUE_PHASE_CONSTRAINT_WEAK'],holdout
N1.000:OGLE-LMC-CEP-0017:derd_geometric:007,OGLE-LMC-CEP-0017,1,derd_geometric,1.0,1.6529058924810365,['RESIDUE_PHASE_CONSTRAINT_WEAK'],development
N1.000:OGLE-LMC-CEP-0017:derd_geometric:008,OGLE-LMC-CEP-0017,1,derd_geometric,1.0,15.714018083668595,"['ROOT_OUTSIDE_PHYSICAL_Q_DOMAIN', 'AMPLITUDE_RATIO_EXTREME']",development
N1.000:OGLE-LMC-CEP-0017:derd_geometric:009,OGLE-LMC-CEP-0017,1,derd_geometric,1.0,1.747949720975286,"['RESIDUE_SIGN_CONSTRAINT_FAILED', 'RESIDUE_PHASE_CONSTRAINT_WEAK']",development
N1.000:OGLE-LMC-CEP-0017:derd_geometric:010,OGLE-LMC-CEP-0017,1,derd_geometric,1.0,1.6216087117231421,['RESIDUE_PHASE_CONSTRAINT_WEAK'],development
N1.000:OGLE-LMC-CEP-0017:derd_geometric:011,OGLE-LMC-CEP-0017,1,derd_geometric,1.0,4.576064043178957,"['ROOT_OUTSIDE_PHYSICAL_Q_DOMAIN', 'RESIDUE_PHASE_CONSTRAINT_WEAK', 'AMPLITUDE_RATIO_EXTREME']",development
N1.000:OGLE-LMC-CEP-0017:generic_fourier:000,OGLE-LMC-CEP-0017,0,generic_fourier,1.0,4.766972949407068,"['ROOT_OUTSIDE_PHYSICAL_Q_DOMAIN', 'RESIDUE_SIGN_CONSTRAINT_FAILED', 'RESIDUE_PHASE_CONSTRAINT_WEAK', 'AMPLITUDE_RATIO_EXTREME']",development
N1.000:OGLE-LMC-CEP-0017:phase_scrambled_derd:001,OGLE-LMC-CEP-0017,0,phase_scrambled_derd,1.0,2.419988125964794,"['RESIDUE_SIGN_CONSTRAINT_FAILED', 'RESIDUE_PHASE_CONSTRAINT_WEAK']",holdout
N1.000:OGLE-LMC-CEP-0017:generic_fourier:002,OGLE-LMC-CEP-0017,0,generic_fourier,1.0,2.1237822618056987,['RESIDUE_SIGN_CONSTRAINT_FAILED'],development
N1.000:OGLE-LMC-CEP-0017:phase_scrambled_derd:003,OGLE-LMC-CEP-0017,0,phase_scrambled_derd,1.0,8.06572912325201,"['ROOT_OUTSIDE_PHYSICAL_Q_DOMAIN', 'RESIDUE_SIGN_CONSTRAINT_FAILED', 'RESIDUE_PHASE_CONSTRAINT_WEAK', 'AMPLITUDE_RATIO_EXTREME']",development
N1.000:OGLE-LMC-CEP-0017:generic_fourier:004,OGLE-LMC-CEP-0017,0,generic_fourier,1.0,2.092567744914327,"['RESIDUE_SIGN_CONSTRAINT_FAILED', 'RESIDUE_PHASE_CONSTRAINT_WEAK']",development
N1.000:OGLE-LMC-CEP-0017:phase_scrambled_derd:005,OGLE-LMC-CEP-0017,0,phase_scrambled_derd,1.0,2.768185881984559,"['RESIDUE_SIGN_CONSTRAINT_FAILED', 'RESIDUE_PHASE_CONSTRAINT_WEAK']",holdout
N1.000:OGLE-LMC-CEP-0017:generic_fourier:006,OGLE-LMC-CEP-0017,0,generic_fourier,1.0,5.1195854474849005,"['ROOT_OUTSIDE_PHYSICAL_Q_DOMAIN', 'RESIDUE_SIGN_CONSTRAINT_FAILED', 'RESIDUE_PHASE_CONSTRAINT_WEAK', 'AMPLITUDE_RATIO_EXTREME']",holdout
N1.000:OGLE-LMC-CEP-0017:phase_scrambled_derd:007,OGLE-LMC-CEP-0017,0,phase_scrambled_derd,1.0,2.4139327621721764,['RESIDUE_PHASE_CONSTRAINT_WEAK'],holdout
N1.000:OGLE-LMC-CEP-0017:generic_fourier:008,OGLE-LMC-CEP-0017,0,generic_fourier,1.0,2.778041252100319,"['RESIDUE_SIGN_CONSTRAINT_FAILED', 'RESIDUE_PHASE_CONSTRAINT_WEAK']",holdout
N1.000:OGLE-LMC-CEP-0017:phase_scrambled_derd:009,OGLE-LMC-CEP-0017,0,phase_scrambled_derd,1.0,9.738875903389692,"['ROOT_OUTSIDE_PHYSICAL_Q_DOMAIN', 'RESIDUE_SIGN_CONSTRAINT_FAILED', 'RESIDUE_PHASE_CONSTRAINT_WEAK', 'AMPLITUDE_RATIO_EXTREME']",development
N1.000:OGLE-LMC-CEP-0017:generic_fourier:010,OGLE-LMC-CEP-0017,0,generic_fourier,1.0,2.1758516553571368,['RESIDUE_PHASE_CONSTRAINT_WEAK'],development
N1.000:OGLE-LMC-CEP-0017:phase_scrambled_derd:011,OGLE-LMC-CEP-0017,0,phase_scrambled_derd,1.0,1.8254453609502599,['RESIDUE_PHASE_CONSTRAINT_WEAK'],holdout
N1.000:OGLE-LMC-CEP-0018:derd_geometric:000,OGLE-LMC-CEP-0018,1,derd_geometric,1.0,31.869328774751533,"['ROOT_OUTSIDE_PHYSICAL_Q_DOMAIN', 'RESIDUE_PHASE_CONSTRAINT_WEAK', 'AMPLITUDE_RATIO_EXTREME']",holdout
N1.000:OGLE-LMC-CEP-0018:derd_geometric:001,OGLE-LMC-CEP-0018,1,derd_geometric,1.0,3.6439216369732708,"['ROOT_OUTSIDE_PHYSICAL_Q_DOMAIN', 'RESIDUE_PHASE_CONSTRAINT_WEAK', 'AMPLITUDE_RATIO_EXTREME']",holdout
N1.000:OGLE-LMC-CEP-0018:derd_geometric:002,OGLE-LMC-CEP-0018,1,derd_geometric,1.0,2.8082134413536064,"['RESIDUE_SIGN_CONSTRAINT_FAILED', 'RESIDUE_PHASE_CONSTRAINT_WEAK']",holdout
N1.000:OGLE-LMC-CEP-0018:derd_geometric:003,OGLE-LMC-CEP-0018,1,derd_geometric,1.0,10.800023244845942,"['ROOT_OUTSIDE_PHYSICAL_Q_DOMAIN', 'RESIDUE_SIGN_CONSTRAINT_FAILED', 'RESIDUE_PHASE_CONSTRAINT_WEAK', 'AMPLITUDE_RATIO_EXTREME']",holdout
N1.000:OGLE-LMC-CEP-0018:derd_geometric:004,OGLE-LMC-CEP-0018,1,derd_geometric,1.0,5.115165537553448,"['ROOT_OUTSIDE_PHYSICAL_Q_DOMAIN', 'RESIDUE_SIGN_CONSTRAINT_FAILED', 'RESIDUE_PHASE_CONSTRAINT_WEAK', 'AMPLITUDE_RATIO_EXTREME']",development
N1.000:OGLE-LMC-CEP-0018:derd_geometric:005,OGLE-LMC-CEP-0018,1,derd_geometric,1.0,1.6206327963832692,['RESIDUE_PHASE_CONSTRAINT_WEAK'],development
N1.000:OGLE-LMC-CEP-0018:derd_geometric:006,OGLE-LMC-CEP-0018,1,derd_geometric,1.0,2.160739955877919,['RESIDUE_PHASE_CONSTRAINT_WEAK'],holdout
N1.000:OGLE-LMC-CEP-0018:derd_geometric:007,OGLE-LMC-CEP-0018,1,derd_geometric,1.0,7.235807861518699,"['ROOT_OUTSIDE_PHYSICAL_Q_DOMAIN', 'RESIDUE_PHASE_CONSTRAINT_WEAK', 'AMPLITUDE_RATIO_EXTREME']",holdout
N1.000:OGLE-LMC-CEP-0018:derd_geometric:008,OGLE-LMC-CEP-0018,1,derd_geometric,1.0,3.763031569913459,"['ROOT_OUTSIDE_PHYSICAL_Q_DOMAIN', 'RESIDUE_SIGN_CONSTRAINT_FAILED', 'AMPLITUDE_RATIO_EXTREME']",holdout
N1.000:OGLE-LMC-CEP-0018:derd_geometric:009,OGLE-LMC-CEP-0018,1,derd_geometric,1.0,2.3455387817490316,"['RESIDUE_SIGN_CONSTRAINT_FAILED', 'RESIDUE_PHASE_CONSTRAINT_WEAK']",development
N1.000:OGLE-LMC-CEP-0018:derd_geometric:010,OGLE-LMC-CEP-0018,1,derd_geometric,1.0,2.3057385452526566,['RESIDUE_PHASE_CONSTRAINT_WEAK'],holdout
N1.000:OGLE-LMC-CEP-0018:derd_geometric:011,OGLE-LMC-CEP-0018,1,derd_geometric,1.0,1.867843828404859,['RESIDUE_PHASE_CONSTRAINT_WEAK'],development
N1.000:OGLE-LMC-CEP-0018:generic_fourier:000,OGLE-LMC-CEP-0018,0,generic_fourier,1.0,4.866734535269739,"['ROOT_OUTSIDE_PHYSICAL_Q_DOMAIN', 'RESIDUE_SIGN_CONSTRAINT_FAILED', 'RESIDUE_PHASE_CONSTRAINT_WEAK', 'AMPLITUDE_RATIO_EXTREME']",holdout
N1.000:OGLE-LMC-CEP-0018:phase_scrambled_derd:001,OGLE-LMC-CEP-0018,0,phase_scrambled_derd,1.0,1.4651626771367066,['RESIDUE_PHASE_CONSTRAINT_WEAK'],development
N1.000:OGLE-LMC-CEP-0018:generic_fourier:002,OGLE-LMC-CEP-0018,0,generic_fourier,1.0,11.307196661482527,"['ROOT_OUTSIDE_PHYSICAL_Q_DOMAIN', 'RESIDUE_PHASE_CONSTRAINT_WEAK', 'AMPLITUDE_RATIO_EXTREME']",holdout
N1.000:OGLE-LMC-CEP-0018:phase_scrambled_derd:003,OGLE-LMC-CEP-0018,0,phase_scrambled_derd,1.0,2.54853147962543,"['RESIDUE_SIGN_CONSTRAINT_FAILED', 'RESIDUE_PHASE_CONSTRAINT_WEAK']",development
N1.000:OGLE-LMC-CEP-0018:generic_fourier:004,OGLE-LMC-CEP-0018,0,generic_fourier,1.0,15.592527318933131,"['ROOT_OUTSIDE_PHYSICAL_Q_DOMAIN', 'RESIDUE_PHASE_CONSTRAINT_WEAK', 'AMPLITUDE_RATIO_EXTREME']",development
N1.000:OGLE-LMC-CEP-0018:phase_scrambled_derd:005,OGLE-LMC-CEP-0018,0,phase_scrambled_derd,1.0,5.0673824626475845,"['ROOT_OUTSIDE_PHYSICAL_Q_DOMAIN', 'RESIDUE_PHASE_CONSTRAINT_WEAK', 'AMPLITUDE_RATIO_EXTREME']",development
N1.000:OGLE-LMC-CEP-0018:generic_fourier:006,OGLE-LMC-CEP-0018,0,generic_fourier,1.0,2.109232271898673,['RESIDUE_PHASE_CONSTRAINT_WEAK'],development
N1.000:OGLE-LMC-CEP-0018:phase_scrambled_derd:007,OGLE-LMC-CEP-0018,0,phase_scrambled_derd,1.0,2.3292887855731,['RESIDUE_PHASE_CONSTRAINT_WEAK'],holdout
N1.000:OGLE-LMC-CEP-0018:generic_fourier:008,OGLE-LMC-CEP-0018,0,generic_fourier,1.0,2.434238486776507,"['RESIDUE_SIGN_CONSTRAINT_FAILED', 'RESIDUE_PHASE_CONSTRAINT_WEAK']",development
N1.000:OGLE-LMC-CEP-0018:phase_scrambled_derd:009,OGLE-LMC-CEP-0018,0,phase_scrambled_derd,1.0,2.6202876039499063,"['RESIDUE_SIGN_CONSTRAINT_FAILED', 'RESIDUE_PHASE_CONSTRAINT_WEAK']",holdout
N1.000:OGLE-LMC-CEP-0018:generic_fourier:010,OGLE-LMC-CEP-0018,0,generic_fourier,1.0,2.1425930467995595,['RESIDUE_PHASE_CONSTRAINT_WEAK'],development
N1.000:OGLE-LMC-CEP-0018:phase_scrambled_derd:011,OGLE-LMC-CEP-0018,0,phase_scrambled_derd,1.0,15.146519668479815,"['ROOT_OUTSIDE_PHYSICAL_Q_DOMAIN', 'RESIDUE_SIGN_CONSTRAINT_FAILED', 'RESIDUE_PHASE_CONSTRAINT_WEAK', 'AMPLITUDE_RATIO_EXTREME']",development
N1.000:OGLE-LMC-CEP-0021:derd_geometric:000,OGLE-LMC-CEP-0021,1,derd_geometric,1.0,1.818858229209016,['RESIDUE_PHASE_CONSTRAINT_WEAK'],holdout
N1.000:OGLE-LMC-CEP-0021:derd_geometric:001,OGLE-LMC-CEP-0021,1,derd_geometric,1.0,8.285011145750858,"['ROOT_OUTSIDE_PHYSICAL_Q_DOMAIN', 'RESIDUE_PHASE_CONSTRAINT_WEAK', 'AMPLITUDE_RATIO_EXTREME']",development
N1.000:OGLE-LMC-CEP-0021:derd_geometric:002,OGLE-LMC-CEP-0021,1,derd_geometric,1.0,2.4079959843567273,['RESIDUE_PHASE_CONSTRAINT_WEAK'],development
N1.000:OGLE-LMC-CEP-0021:derd_geometric:003,OGLE-LMC-CEP-0021,1,derd_geometric,1.0,1.5667317496975304,['RESIDUE_PHASE_CONSTRAINT_WEAK'],development
N1.000:OGLE-LMC-CEP-0021:derd_geometric:004,OGLE-LMC-CEP-0021,1,derd_geometric,1.0,2.727751111711305,"['RESIDUE_SIGN_CONSTRAINT_FAILED', 'RESIDUE_PHASE_CONSTRAINT_WEAK']",development
N1.000:OGLE-LMC-CEP-0021:derd_geometric:005,OGLE-LMC-CEP-0021,1,derd_geometric,1.0,8.293536729940575,"['ROOT_OUTSIDE_PHYSICAL_Q_DOMAIN', 'RESIDUE_SIGN_CONSTRAINT_FAILED', 'RESIDUE_PHASE_CONSTRAINT_WEAK', 'AMPLITUDE_RATIO_EXTREME']",development
N1.000:OGLE-LMC-CEP-0021:derd_geometric:006,OGLE-LMC-CEP-0021,1,derd_geometric,1.0,1.9256410398896868,"['RESIDUE_SIGN_CONSTRAINT_FAILED', 'RESIDUE_PHASE_CONSTRAINT_WEAK']",development
N1.000:OGLE-LMC-CEP-0021:derd_geometric:007,OGLE-LMC-CEP-0021,1,derd_geometric,1.0,0.39868646303437044,[],development
N1.000:OGLE-LMC-CEP-0021:derd_geometric:008,OGLE-LMC-CEP-0021,1,derd_geometric,1.0,26.888640258497635,"['ROOT_OUTSIDE_PHYSICAL_Q_DOMAIN', 'RESIDUE_SIGN_CONSTRAINT_FAILED', 'RESIDUE_PHASE_CONSTRAINT_WEAK', 'AMPLITUDE_RATIO_EXTREME']",development
N1.000:OGLE-LMC-CEP-0021:derd_geometric:009,OGLE-LMC-CEP-0021,1,derd_geometric,1.0,2.3441898327767032,['RESIDUE_PHASE_CONSTRAINT_WEAK'],development
N1.000:OGLE-LMC-CEP-0021:derd_geometric:010,OGLE-LMC-CEP-0021,1,derd_geometric,1.0,1.48421584179884,[],development
N1.000:OGLE-LMC-CEP-0021:derd_geometric:011,OGLE-LMC-CEP-0021,1,derd_geometric,1.0,1.5890108580131468,['RESIDUE_PHASE_CONSTRAINT_WEAK'],holdout
N1.000:OGLE-LMC-CEP-0021:generic_fourier:000,OGLE-LMC-CEP-0021,0,generic_fourier,1.0,3.7881731064227693,"['ROOT_OUTSIDE_PHYSICAL_Q_DOMAIN', 'RESIDUE_PHASE_CONSTRAINT_WEAK', 'AMPLITUDE_RATIO_EXTREME']",holdout
N1.000:OGLE-LMC-CEP-0021:phase_scrambled_derd:001,OGLE-LMC-CEP-0021,0,phase_scrambled_derd,1.0,1.9323819789682126,['RESIDUE_PHASE_CONSTRAINT_WEAK'],development
N1.000:OGLE-LMC-CEP-0021:generic_fourier:002,OGLE-LMC-CEP-0021,0,generic_fourier,1.0,2.9094808906741463,['RESIDUE_PHASE_CONSTRAINT_WEAK'],development
N1.000:OGLE-LMC-CEP-0021:phase_scrambled_derd:003,OGLE-LMC-CEP-0021,0,phase_scrambled_derd,1.0,2.687916306401541,"['RESIDUE_SIGN_CONSTRAINT_FAILED', 'RESIDUE_PHASE_CONSTRAINT_WEAK']",development
N1.000:OGLE-LMC-CEP-0021:generic_fourier:004,OGLE-LMC-CEP-0021,0,generic_fourier,1.0,2.5787397676998447,"['RESIDUE_SIGN_CONSTRAINT_FAILED', 'RESIDUE_PHASE_CONSTRAINT_WEAK']",development
N1.000:OGLE-LMC-CEP-0021:phase_scrambled_derd:005,OGLE-LMC-CEP-0021,0,phase_scrambled_derd,1.0,6.764384393027416,"['ROOT_OUTSIDE_PHYSICAL_Q_DOMAIN', 'RESIDUE_PHASE_CONSTRAINT_WEAK', 'AMPLITUDE_RATIO_EXTREME']",holdout
N1.000:OGLE-LMC-CEP-0021:generic_fourier:006,OGLE-LMC-CEP-0021,0,generic_fourier,1.0,3.1310378340351614,"['RESIDUE_SIGN_CONSTRAINT_FAILED', 'RESIDUE_PHASE_CONSTRAINT_WEAK']",development
N1.000:OGLE-LMC-CEP-0021:phase_scrambled_derd:007,OGLE-LMC-CEP-0021,0,phase_scrambled_derd,1.0,1.1661370824836315,['RESIDUE_PHASE_CONSTRAINT_WEAK'],development
N1.000:OGLE-LMC-CEP-0021:generic_fourier:008,OGLE-LMC-CEP-0021,0,generic_fourier,1.0,1.8252893479524785,['RESIDUE_SIGN_CONSTRAINT_FAILED'],development
N1.000:OGLE-LMC-CEP-0021:phase_scrambled_derd:009,OGLE-LMC-CEP-0021,0,phase_scrambled_derd,1.0,2.3540356536461577,"['RESIDUE_SIGN_CONSTRAINT_FAILED', 'RESIDUE_PHASE_CONSTRAINT_WEAK']",holdout
N1.000:OGLE-LMC-CEP-0021:generic_fourier:010,OGLE-LMC-CEP-0021,0,generic_fourier,1.0,5.0084200224049695,"['ROOT_OUTSIDE_PHYSICAL_Q_DOMAIN', 'RESIDUE_SIGN_CONSTRAINT_FAILED', 'RESIDUE_PHASE_CONSTRAINT_WEAK', 'AMPLITUDE_RATIO_EXTREME']",holdout
N1.000:OGLE-LMC-CEP-0021:phase_scrambled_derd:011,OGLE-LMC-CEP-0021,0,phase_scrambled_derd,1.0,14.386454621294797,"['ROOT_OUTSIDE_PHYSICAL_Q_DOMAIN', 'RESIDUE_SIGN_CONSTRAINT_FAILED', 'RESIDUE_PHASE_CONSTRAINT_WEAK', 'AMPLITUDE_RATIO_EXTREME']",holdout
N1.000:OGLE-LMC-CEP-0023:derd_geometric:000,OGLE-LMC-CEP-0023,1,derd_geometric,1.0,1.7622003574952871,['RESIDUE_PHASE_CONSTRAINT_WEAK'],development
N1.000:OGLE-LMC-CEP-0023:derd_geometric:001,OGLE-LMC-CEP-0023,1,derd_geometric,1.0,5.847486489605872,"['ROOT_OUTSIDE_PHYSICAL_Q_DOMAIN', 'RESIDUE_SIGN_CONSTRAINT_FAILED', 'RESIDUE_PHASE_CONSTRAINT_WEAK', 'AMPLITUDE_RATIO_EXTREME']",holdout
N1.000:OGLE-LMC-CEP-0023:derd_geometric:002,OGLE-LMC-CEP-0023,1,derd_geometric,1.0,2.3232539130508725,['RESIDUE_PHASE_CONSTRAINT_WEAK'],development
N1.000:OGLE-LMC-CEP-0023:derd_geometric:003,OGLE-LMC-CEP-0023,1,derd_geometric,1.0,1.7350969693648428,"['RESIDUE_SIGN_CONSTRAINT_FAILED', 'RESIDUE_PHASE_CONSTRAINT_WEAK']",development
N1.000:OGLE-LMC-CEP-0023:derd_geometric:004,OGLE-LMC-CEP-0023,1,derd_geometric,1.0,5.035935073018935,"['ROOT_OUTSIDE_PHYSICAL_Q_DOMAIN', 'RESIDUE_PHASE_CONSTRAINT_WEAK', 'AMPLITUDE_RATIO_EXTREME']",holdout
N1.000:OGLE-LMC-CEP-0023:derd_geometric:005,OGLE-LMC-CEP-0023,1,derd_geometric,1.0,13.17187428652678,"['ROOT_OUTSIDE_PHYSICAL_Q_DOMAIN', 'RESIDUE_SIGN_CONSTRAINT_FAILED', 'RESIDUE_PHASE_CONSTRAINT_WEAK', 'AMPLITUDE_RATIO_EXTREME']",development
N1.000:OGLE-LMC-CEP-0023:derd_geometric:006,OGLE-LMC-CEP-0023,1,derd_geometric,1.0,5.604126359302814,"['ROOT_OUTSIDE_PHYSICAL_Q_DOMAIN', 'RESIDUE_PHASE_CONSTRAINT_WEAK', 'AMPLITUDE_RATIO_EXTREME']",development
N1.000:OGLE-LMC-CEP-0023:derd_geometric:007,OGLE-LMC-CEP-0023,1,derd_geometric,1.0,1.7724001419715074,['RESIDUE_PHASE_CONSTRAINT_WEAK'],development
N1.000:OGLE-LMC-CEP-0023:derd_geometric:008,OGLE-LMC-CEP-0023,1,derd_geometric,1.0,1.2008500478793795,['RESIDUE_SIGN_CONSTRAINT_FAILED'],development
N1.000:OGLE-LMC-CEP-0023:derd_geometric:009,OGLE-LMC-CEP-0023,1,derd_geometric,1.0,5.65771095694147,"['ROOT_OUTSIDE_PHYSICAL_Q_DOMAIN', 'RESIDUE_SIGN_CONSTRAINT_FAILED', 'AMPLITUDE_RATIO_EXTREME']",development
N1.000:OGLE-LMC-CEP-0023:derd_geometric:010,OGLE-LMC-CEP-0023,1,derd_geometric,1.0,2.7885907358420985,"['RESIDUE_SIGN_CONSTRAINT_FAILED', 'RESIDUE_PHASE_CONSTRAINT_WEAK']",holdout
N1.000:OGLE-LMC-CEP-0023:derd_geometric:011,OGLE-LMC-CEP-0023,1,derd_geometric,1.0,4.424017517339731,"['ROOT_OUTSIDE_PHYSICAL_Q_DOMAIN', 'RESIDUE_SIGN_CONSTRAINT_FAILED', 'RESIDUE_PHASE_CONSTRAINT_WEAK', 'AMPLITUDE_RATIO_EXTREME']",development
N1.000:OGLE-LMC-CEP-0023:generic_fourier:000,OGLE-LMC-CEP-0023,0,generic_fourier,1.0,5.325229967042577,"['ROOT_OUTSIDE_PHYSICAL_Q_DOMAIN', 'RESIDUE_SIGN_CONSTRAINT_FAILED', 'RESIDUE_PHASE_CONSTRAINT_WEAK', 'AMPLITUDE_RATIO_EXTREME']",holdout
N1.000:OGLE-LMC-CEP-0023:phase_scrambled_derd:001,OGLE-LMC-CEP-0023,0,phase_scrambled_derd,1.0,5.5307312701506905,"['ROOT_OUTSIDE_PHYSICAL_Q_DOMAIN', 'RESIDUE_SIGN_CONSTRAINT_FAILED', 'RESIDUE_PHASE_CONSTRAINT_WEAK', 'AMPLITUDE_RATIO_EXTREME']",development
N1.000:OGLE-LMC-CEP-0023:generic_fourier:002,OGLE-LMC-CEP-0023,0,generic_fourier,1.0,2.7696141243186876,"['RESIDUE_SIGN_CONSTRAINT_FAILED', 'RESIDUE_PHASE_CONSTRAINT_WEAK']",development
N1.000:OGLE-LMC-CEP-0023:phase_scrambled_derd:003,OGLE-LMC-CEP-0023,0,phase_scrambled_derd,1.0,3.6303696564614074,"['ROOT_OUTSIDE_PHYSICAL_Q_DOMAIN', 'RESIDUE_PHASE_CONSTRAINT_WEAK', 'AMPLITUDE_RATIO_EXTREME']",development
N1.000:OGLE-LMC-CEP-0023:generic_fourier:004,OGLE-LMC-CEP-0023,0,generic_fourier,1.0,2.3533652005149768,['RESIDUE_PHASE_CONSTRAINT_WEAK'],holdout
N1.000:OGLE-LMC-CEP-0023:phase_scrambled_derd:005,OGLE-LMC-CEP-0023,0,phase_scrambled_derd,1.0,7.483001058347167,"['ROOT_OUTSIDE_PHYSICAL_Q_DOMAIN', 'RESIDUE_SIGN_CONSTRAINT_FAILED', 'RESIDUE_PHASE_CONSTRAINT_WEAK', 'AMPLITUDE_RATIO_EXTREME']",development
N1.000:OGLE-LMC-CEP-0023:generic_fourier:006,OGLE-LMC-CEP-0023,0,generic_fourier,1.0,3.797258551757281,"['ROOT_OUTSIDE_PHYSICAL_Q_DOMAIN', 'RESIDUE_SIGN_CONSTRAINT_FAILED', 'RESIDUE_PHASE_CONSTRAINT_WEAK', 'AMPLITUDE_RATIO_EXTREME']",development
N1.000:OGLE-LMC-CEP-0023:phase_scrambled_derd:007,OGLE-LMC-CEP-0023,0,phase_scrambled_derd,1.0,2.8903390539519562,"['RESIDUE_SIGN_CONSTRAINT_FAILED', 'RESIDUE_PHASE_CONSTRAINT_WEAK']",development
N1.000:OGLE-LMC-CEP-0023:generic_fourier:008,OGLE-LMC-CEP-0023,0,generic_fourier,1.0,3.8987994234728363,"['ROOT_OUTSIDE_PHYSICAL_Q_DOMAIN', 'RESIDUE_PHASE_CONSTRAINT_WEAK', 'AMPLITUDE_RATIO_EXTREME']",development
N1.000:OGLE-LMC-CEP-0023:phase_scrambled_derd:009,OGLE-LMC-CEP-0023,0,phase_scrambled_derd,1.0,5.999211719126196,"['ROOT_OUTSIDE_PHYSICAL_Q_DOMAIN', 'RESIDUE_PHASE_CONSTRAINT_WEAK', 'AMPLITUDE_RATIO_EXTREME']",holdout
N1.000:OGLE-LMC-CEP-0023:generic_fourier:010,OGLE-LMC-CEP-0023,0,generic_fourier,1.0,10.020337309462937,"['ROOT_OUTSIDE_PHYSICAL_Q_DOMAIN', 'RESIDUE_SIGN_CONSTRAINT_FAILED', 'RESIDUE_PHASE_CONSTRAINT_WEAK', 'AMPLITUDE_RATIO_EXTREME']",development
N1.000:OGLE-LMC-CEP-0023:phase_scrambled_derd:011,OGLE-LMC-CEP-0023,0,phase_scrambled_derd,1.0,3.8627608125694337,"['ROOT_OUTSIDE_PHYSICAL_Q_DOMAIN', 'RESIDUE_SIGN_CONSTRAINT_FAILED', 'AMPLITUDE_RATIO_EXTREME']",holdout
N1.000:OGLE-LMC-CEP-0025:derd_geometric:000,OGLE-LMC-CEP-0025,1,derd_geometric,1.0,2.1537042521309053,['RESIDUE_PHASE_CONSTRAINT_WEAK'],development
N1.000:OGLE-LMC-CEP-0025:derd_geometric:001,OGLE-LMC-CEP-0025,1,derd_geometric,1.0,3.0014093124446783,"['RESIDUE_SIGN_CONSTRAINT_FAILED', 'RESIDUE_PHASE_CONSTRAINT_WEAK']",development
N1.000:OGLE-LMC-CEP-0025:derd_geometric:002,OGLE-LMC-CEP-0025,1,derd_geometric,1.0,4.350909451131961,"['ROOT_OUTSIDE_PHYSICAL_Q_DOMAIN', 'RESIDUE_PHASE_CONSTRAINT_WEAK', 'AMPLITUDE_RATIO_EXTREME']",holdout
N1.000:OGLE-LMC-CEP-0025:derd_geometric:003,OGLE-LMC-CEP-0025,1,derd_geometric,1.0,4.226392157075313,"['ROOT_OUTSIDE_PHYSICAL_Q_DOMAIN', 'RESIDUE_PHASE_CONSTRAINT_WEAK', 'AMPLITUDE_RATIO_EXTREME']",holdout
N1.000:OGLE-LMC-CEP-0025:derd_geometric:004,OGLE-LMC-CEP-0025,1,derd_geometric,1.0,1.5998563333674516,['RESIDUE_PHASE_CONSTRAINT_WEAK'],development
N1.000:OGLE-LMC-CEP-0025:derd_geometric:005,OGLE-LMC-CEP-0025,1,derd_geometric,1.0,4.4297127985466265,"['ROOT_OUTSIDE_PHYSICAL_Q_DOMAIN', 'RESIDUE_PHASE_CONSTRAINT_WEAK', 'AMPLITUDE_RATIO_EXTREME']",development
N1.000:OGLE-LMC-CEP-0025:derd_geometric:006,OGLE-LMC-CEP-0025,1,derd_geometric,1.0,2.9759899743719833,"['RESIDUE_SIGN_CONSTRAINT_FAILED', 'RESIDUE_PHASE_CONSTRAINT_WEAK']",development
N1.000:OGLE-LMC-CEP-0025:derd_geometric:007,OGLE-LMC-CEP-0025,1,derd_geometric,1.0,2.656704751491334,['RESIDUE_PHASE_CONSTRAINT_WEAK'],development
N1.000:OGLE-LMC-CEP-0025:derd_geometric:008,OGLE-LMC-CEP-0025,1,derd_geometric,1.0,11.783281682960567,"['ROOT_OUTSIDE_PHYSICAL_Q_DOMAIN', 'RESIDUE_SIGN_CONSTRAINT_FAILED', 'RESIDUE_PHASE_CONSTRAINT_WEAK', 'AMPLITUDE_RATIO_EXTREME']",development
N1.000:OGLE-LMC-CEP-0025:derd_geometric:009,OGLE-LMC-CEP-0025,1,derd_geometric,1.0,4.774173904501634,"['ROOT_OUTSIDE_PHYSICAL_Q_DOMAIN', 'RESIDUE_PHASE_CONSTRAINT_WEAK', 'AMPLITUDE_RATIO_EXTREME']",development
N1.000:OGLE-LMC-CEP-0025:derd_geometric:010,OGLE-LMC-CEP-0025,1,derd_geometric,1.0,2.921374481214373,"['RESIDUE_SIGN_CONSTRAINT_FAILED', 'RESIDUE_PHASE_CONSTRAINT_WEAK']",development
N1.000:OGLE-LMC-CEP-0025:derd_geometric:011,OGLE-LMC-CEP-0025,1,derd_geometric,1.0,1.3172924403478803,['RESIDUE_PHASE_CONSTRAINT_WEAK'],development
N1.000:OGLE-LMC-CEP-0025:generic_fourier:000,OGLE-LMC-CEP-0025,0,generic_fourier,1.0,2.1543729236399956,"['RESIDUE_SIGN_CONSTRAINT_FAILED', 'RESIDUE_PHASE_CONSTRAINT_WEAK']",holdout
N1.000:OGLE-LMC-CEP-0025:phase_scrambled_derd:001,OGLE-LMC-CEP-0025,0,phase_scrambled_derd,1.0,1.781498126726925,['RESIDUE_PHASE_CONSTRAINT_WEAK'],development
N1.000:OGLE-LMC-CEP-0025:generic_fourier:002,OGLE-LMC-CEP-0025,0,generic_fourier,1.0,1.6458379905147937,['RESIDUE_PHASE_CONSTRAINT_WEAK'],development
N1.000:OGLE-LMC-CEP-0025:phase_scrambled_derd:003,OGLE-LMC-CEP-0025,0,phase_scrambled_derd,1.0,5.738556968041523,"['ROOT_OUTSIDE_PHYSICAL_Q_DOMAIN', 'RESIDUE_PHASE_CONSTRAINT_WEAK', 'AMPLITUDE_RATIO_EXTREME']",holdout
N1.000:OGLE-LMC-CEP-0025:generic_fourier:004,OGLE-LMC-CEP-0025,0,generic_fourier,1.0,3.0477481695928215,"['RESIDUE_SIGN_CONSTRAINT_FAILED', 'RESIDUE_PHASE_CONSTRAINT_WEAK']",development
N1.000:OGLE-LMC-CEP-0025:phase_scrambled_derd:005,OGLE-LMC-CEP-0025,0,phase_scrambled_derd,1.0,9.171405889476118,"['ROOT_OUTSIDE_PHYSICAL_Q_DOMAIN', 'RESIDUE_PHASE_CONSTRAINT_WEAK', 'AMPLITUDE_RATIO_EXTREME']",development
N1.000:OGLE-LMC-CEP-0025:generic_fourier:006,OGLE-LMC-CEP-0025,0,generic_fourier,1.0,2.787230923760713,"['RESIDUE_SIGN_CONSTRAINT_FAILED', 'RESIDUE_PHASE_CONSTRAINT_WEAK']",development
N1.000:OGLE-LMC-CEP-0025:phase_scrambled_derd:007,OGLE-LMC-CEP-0025,0,phase_scrambled_derd,1.0,4.243208148392986,"['ROOT_OUTSIDE_PHYSICAL_Q_DOMAIN', 'RESIDUE_SIGN_CONSTRAINT_FAILED', 'RESIDUE_PHASE_CONSTRAINT_WEAK', 'AMPLITUDE_RATIO_EXTREME']",development
N1.000:OGLE-LMC-CEP-0025:generic_fourier:008,OGLE-LMC-CEP-0025,0,generic_fourier,1.0,13.250758516323547,"['ROOT_OUTSIDE_PHYSICAL_Q_DOMAIN', 'RESIDUE_SIGN_CONSTRAINT_FAILED', 'RESIDUE_PHASE_CONSTRAINT_WEAK', 'AMPLITUDE_RATIO_EXTREME']",development
N1.000:OGLE-LMC-CEP-0025:phase_scrambled_derd:009,OGLE-LMC-CEP-0025,0,phase_scrambled_derd,1.0,2.0568521504923347,['RESIDUE_PHASE_CONSTRAINT_WEAK'],holdout
N1.000:OGLE-LMC-CEP-0025:generic_fourier:010,OGLE-LMC-CEP-0025,0,generic_fourier,1.0,2.795187978661168,"['RESIDUE_SIGN_CONSTRAINT_FAILED', 'RESIDUE_PHASE_CONSTRAINT_WEAK']",development
N1.000:OGLE-LMC-CEP-0025:phase_scrambled_derd:011,OGLE-LMC-CEP-0025,0,phase_scrambled_derd,1.0,7.5597601467373705,"['ROOT_OUTSIDE_PHYSICAL_Q_DOMAIN', 'RESIDUE_SIGN_CONSTRAINT_FAILED', 'RESIDUE_PHASE_CONSTRAINT_WEAK', 'AMPLITUDE_RATIO_EXTREME']",development
N1.000:OGLE-LMC-CEP-0026:derd_geometric:000,OGLE-LMC-CEP-0026,1,derd_geometric,1.0,1.984099790619871,['RESIDUE_PHASE_CONSTRAINT_WEAK'],development
N1.000:OGLE-LMC-CEP-0026:derd_geometric:001,OGLE-LMC-CEP-0026,1,derd_geometric,1.0,18.989649205278685,"['ROOT_OUTSIDE_PHYSICAL_Q_DOMAIN', 'RESIDUE_SIGN_CONSTRAINT_FAILED', 'RESIDUE_PHASE_CONSTRAINT_WEAK', 'AMPLITUDE_RATIO_EXTREME']",development
N1.000:OGLE-LMC-CEP-0026:derd_geometric:002,OGLE-LMC-CEP-0026,1,derd_geometric,1.0,1.8674923386215727,['RESIDUE_PHASE_CONSTRAINT_WEAK'],development
N1.000:OGLE-LMC-CEP-0026:derd_geometric:003,OGLE-LMC-CEP-0026,1,derd_geometric,1.0,0.820307954088533,['RESIDUE_PHASE_CONSTRAINT_WEAK'],development
N1.000:OGLE-LMC-CEP-0026:derd_geometric:004,OGLE-LMC-CEP-0026,1,derd_geometric,1.0,1.5335353437054229,['RESIDUE_PHASE_CONSTRAINT_WEAK'],development
N1.000:OGLE-LMC-CEP-0026:derd_geometric:005,OGLE-LMC-CEP-0026,1,derd_geometric,1.0,1.1550870443465004,['RESIDUE_PHASE_CONSTRAINT_WEAK'],holdout
N1.000:OGLE-LMC-CEP-0026:derd_geometric:006,OGLE-LMC-CEP-0026,1,derd_geometric,1.0,1.5773491479013402,['RESIDUE_PHASE_CONSTRAINT_WEAK'],holdout
N1.000:OGLE-LMC-CEP-0026:derd_geometric:007,OGLE-LMC-CEP-0026,1,derd_geometric,1.0,2.056509311345199,['RESIDUE_PHASE_CONSTRAINT_WEAK'],development
N1.000:OGLE-LMC-CEP-0026:derd_geometric:008,OGLE-LMC-CEP-0026,1,derd_geometric,1.0,2.0542523972234026,"['RESIDUE_SIGN_CONSTRAINT_FAILED', 'RESIDUE_PHASE_CONSTRAINT_WEAK']",development
N1.000:OGLE-LMC-CEP-0026:derd_geometric:009,OGLE-LMC-CEP-0026,1,derd_geometric,1.0,2.770097196793286,"['RESIDUE_SIGN_CONSTRAINT_FAILED', 'RESIDUE_PHASE_CONSTRAINT_WEAK']",development
N1.000:OGLE-LMC-CEP-0026:derd_geometric:010,OGLE-LMC-CEP-0026,1,derd_geometric,1.0,18.42244827353076,"['ROOT_OUTSIDE_PHYSICAL_Q_DOMAIN', 'RESIDUE_PHASE_CONSTRAINT_WEAK', 'AMPLITUDE_RATIO_EXTREME']",holdout
N1.000:OGLE-LMC-CEP-0026:derd_geometric:011,OGLE-LMC-CEP-0026,1,derd_geometric,1.0,1.2947826547761938,['RESIDUE_PHASE_CONSTRAINT_WEAK'],holdout
N1.000:OGLE-LMC-CEP-0026:generic_fourier:000,OGLE-LMC-CEP-0026,0,generic_fourier,1.0,2.465826893206242,['RESIDUE_PHASE_CONSTRAINT_WEAK'],holdout
N1.000:OGLE-LMC-CEP-0026:phase_scrambled_derd:001,OGLE-LMC-CEP-0026,0,phase_scrambled_derd,1.0,1.286622865932309,['RESIDUE_PHASE_CONSTRAINT_WEAK'],development
N1.000:OGLE-LMC-CEP-0026:generic_fourier:002,OGLE-LMC-CEP-0026,0,generic_fourier,1.0,3.4680452766699905,['RESIDUE_PHASE_CONSTRAINT_WEAK'],holdout
N1.000:OGLE-LMC-CEP-0026:phase_scrambled_derd:003,OGLE-LMC-CEP-0026,0,phase_scrambled_derd,1.0,3.9977726669267697,"['ROOT_OUTSIDE_PHYSICAL_Q_DOMAIN', 'RESIDUE_SIGN_CONSTRAINT_FAILED', 'RESIDUE_PHASE_CONSTRAINT_WEAK', 'AMPLITUDE_RATIO_EXTREME']",development
N1.000:OGLE-LMC-CEP-0026:generic_fourier:004,OGLE-LMC-CEP-0026,0,generic_fourier,1.0,2.948565481727938,"['RESIDUE_SIGN_CONSTRAINT_FAILED', 'RESIDUE_PHASE_CONSTRAINT_WEAK']",development
N1.000:OGLE-LMC-CEP-0026:phase_scrambled_derd:005,OGLE-LMC-CEP-0026,0,phase_scrambled_derd,1.0,2.2113361220347905,['RESIDUE_SIGN_CONSTRAINT_FAILED'],development
N1.000:OGLE-LMC-CEP-0026:generic_fourier:006,OGLE-LMC-CEP-0026,0,generic_fourier,1.0,2.8089003590151007,"['RESIDUE_SIGN_CONSTRAINT_FAILED', 'RESIDUE_PHASE_CONSTRAINT_WEAK']",development
N1.000:OGLE-LMC-CEP-0026:phase_scrambled_derd:007,OGLE-LMC-CEP-0026,0,phase_scrambled_derd,1.0,2.4070154152623227,"['RESIDUE_SIGN_CONSTRAINT_FAILED', 'RESIDUE_PHASE_CONSTRAINT_WEAK']",development
N1.000:OGLE-LMC-CEP-0026:generic_fourier:008,OGLE-LMC-CEP-0026,0,generic_fourier,1.0,1.7995528885443017,['RESIDUE_PHASE_CONSTRAINT_WEAK'],development
N1.000:OGLE-LMC-CEP-0026:phase_scrambled_derd:009,OGLE-LMC-CEP-0026,0,phase_scrambled_derd,1.0,0.8537570727912713,[],holdout
N1.000:OGLE-LMC-CEP-0026:generic_fourier:010,OGLE-LMC-CEP-0026,0,generic_fourier,1.0,6.961411253257482,"['ROOT_OUTSIDE_PHYSICAL_Q_DOMAIN', 'RESIDUE_PHASE_CONSTRAINT_WEAK', 'AMPLITUDE_RATIO_EXTREME']",holdout
N1.000:OGLE-LMC-CEP-0026:phase_scrambled_derd:011,OGLE-LMC-CEP-0026,0,phase_scrambled_derd,1.0,2.4906914490557153,"['RESIDUE_SIGN_CONSTRAINT_FAILED', 'RESIDUE_PHASE_CONSTRAINT_WEAK']",development
N1.000:OGLE-LMC-CEP-0027:derd_geometric:000,OGLE-LMC-CEP-0027,1,derd_geometric,1.0,3.1788303289619253,"['ROOT_OUTSIDE_PHYSICAL_Q_DOMAIN', 'RESIDUE_PHASE_CONSTRAINT_WEAK', 'AMPLITUDE_RATIO_EXTREME']",holdout
N1.000:OGLE-LMC-CEP-0027:derd_geometric:001,OGLE-LMC-CEP-0027,1,derd_geometric,1.0,1.2199064739957197,['RESIDUE_PHASE_CONSTRAINT_WEAK'],development
N1.000:OGLE-LMC-CEP-0027:derd_geometric:002,OGLE-LMC-CEP-0027,1,derd_geometric,1.0,2.078015203735919,['RESIDUE_PHASE_CONSTRAINT_WEAK'],development
N1.000:OGLE-LMC-CEP-0027:derd_geometric:003,OGLE-LMC-CEP-0027,1,derd_geometric,1.0,7.002760204020292,"['ROOT_OUTSIDE_PHYSICAL_Q_DOMAIN', 'RESIDUE_PHASE_CONSTRAINT_WEAK', 'AMPLITUDE_RATIO_EXTREME']",development
N1.000:OGLE-LMC-CEP-0027:derd_geometric:004,OGLE-LMC-CEP-0027,1,derd_geometric,1.0,3.9965200712824047,"['ROOT_OUTSIDE_PHYSICAL_Q_DOMAIN', 'RESIDUE_PHASE_CONSTRAINT_WEAK', 'AMPLITUDE_RATIO_EXTREME']",holdout
N1.000:OGLE-LMC-CEP-0027:derd_geometric:005,OGLE-LMC-CEP-0027,1,derd_geometric,1.0,2.909769822772726,"['RESIDUE_SIGN_CONSTRAINT_FAILED', 'RESIDUE_PHASE_CONSTRAINT_WEAK']",development
N1.000:OGLE-LMC-CEP-0027:derd_geometric:006,OGLE-LMC-CEP-0027,1,derd_geometric,1.0,3.2055364649204754,"['RESIDUE_SIGN_CONSTRAINT_FAILED', 'RESIDUE_PHASE_CONSTRAINT_WEAK']",holdout
N1.000:OGLE-LMC-CEP-0027:derd_geometric:007,OGLE-LMC-CEP-0027,1,derd_geometric,1.0,0.5306552486063371,[],development
N1.000:OGLE-LMC-CEP-0027:derd_geometric:008,OGLE-LMC-CEP-0027,1,derd_geometric,1.0,0.8781060983309619,[],development
N1.000:OGLE-LMC-CEP-0027:derd_geometric:009,OGLE-LMC-CEP-0027,1,derd_geometric,1.0,1.7446403171144682,['RESIDUE_PHASE_CONSTRAINT_WEAK'],development
N1.000:OGLE-LMC-CEP-0027:derd_geometric:010,OGLE-LMC-CEP-0027,1,derd_geometric,1.0,5.432035686366099,"['ROOT_OUTSIDE_PHYSICAL_Q_DOMAIN', 'RESIDUE_SIGN_CONSTRAINT_FAILED', 'RESIDUE_PHASE_CONSTRAINT_WEAK', 'AMPLITUDE_RATIO_EXTREME']",holdout
N1.000:OGLE-LMC-CEP-0027:derd_geometric:011,OGLE-LMC-CEP-0027,1,derd_geometric,1.0,2.190990220348318,"['RESIDUE_SIGN_CONSTRAINT_FAILED', 'RESIDUE_PHASE_CONSTRAINT_WEAK']",development
N1.000:OGLE-LMC-CEP-0027:generic_fourier:000,OGLE-LMC-CEP-0027,0,generic_fourier,1.0,2.0735792008113587,"['RESIDUE_SIGN_CONSTRAINT_FAILED', 'RESIDUE_PHASE_CONSTRAINT_WEAK']",development
N1.000:OGLE-LMC-CEP-0027:phase_scrambled_derd:001,OGLE-LMC-CEP-0027,0,phase_scrambled_derd,1.0,2.1851250931175543,['RESIDUE_PHASE_CONSTRAINT_WEAK'],development
N1.000:OGLE-LMC-CEP-0027:generic_fourier:002,OGLE-LMC-CEP-0027,0,generic_fourier,1.0,4.17164925565016,"['ROOT_OUTSIDE_PHYSICAL_Q_DOMAIN', 'RESIDUE_PHASE_CONSTRAINT_WEAK', 'AMPLITUDE_RATIO_EXTREME']",holdout
N1.000:OGLE-LMC-CEP-0027:phase_scrambled_derd:003,OGLE-LMC-CEP-0027,0,phase_scrambled_derd,1.0,2.960412939878325,"['RESIDUE_SIGN_CONSTRAINT_FAILED', 'RESIDUE_PHASE_CONSTRAINT_WEAK']",development
N1.000:OGLE-LMC-CEP-0027:generic_fourier:004,OGLE-LMC-CEP-0027,0,generic_fourier,1.0,2.8273045514200663,"['RESIDUE_SIGN_CONSTRAINT_FAILED', 'RESIDUE_PHASE_CONSTRAINT_WEAK']",development
N1.000:OGLE-LMC-CEP-0027:phase_scrambled_derd:005,OGLE-LMC-CEP-0027,0,phase_scrambled_derd,1.0,1.7210089115794667,"['RESIDUE_SIGN_CONSTRAINT_FAILED', 'RESIDUE_PHASE_CONSTRAINT_WEAK']",development
N1.000:OGLE-LMC-CEP-0027:generic_fourier:006,OGLE-LMC-CEP-0027,0,generic_fourier,1.0,2.1472126858377525,['RESIDUE_PHASE_CONSTRAINT_WEAK'],holdout
N1.000:OGLE-LMC-CEP-0027:phase_scrambled_derd:007,OGLE-LMC-CEP-0027,0,phase_scrambled_derd,1.0,2.962689305069749,"['RESIDUE_SIGN_CONSTRAINT_FAILED', 'RESIDUE_PHASE_CONSTRAINT_WEAK']",development
N1.000:OGLE-LMC-CEP-0027:generic_fourier:008,OGLE-LMC-CEP-0027,0,generic_fourier,1.0,2.338616729215463,['RESIDUE_PHASE_CONSTRAINT_WEAK'],development
N1.000:OGLE-LMC-CEP-0027:phase_scrambled_derd:009,OGLE-LMC-CEP-0027,0,phase_scrambled_derd,1.0,1.8764714085785743,['RESIDUE_PHASE_CONSTRAINT_WEAK'],development
N1.000:OGLE-LMC-CEP-0027:generic_fourier:010,OGLE-LMC-CEP-0027,0,generic_fourier,1.0,5.2004435426903495,"['ROOT_OUTSIDE_PHYSICAL_Q_DOMAIN', 'RESIDUE_SIGN_CONSTRAINT_FAILED', 'RESIDUE_PHASE_CONSTRAINT_WEAK', 'AMPLITUDE_RATIO_EXTREME']",development
N1.000:OGLE-LMC-CEP-0027:phase_scrambled_derd:011,OGLE-LMC-CEP-0027,0,phase_scrambled_derd,1.0,3.780458910108941,"['ROOT_OUTSIDE_PHYSICAL_Q_DOMAIN', 'RESIDUE_PHASE_CONSTRAINT_WEAK', 'AMPLITUDE_RATIO_EXTREME']",holdout
N2.000:OGLE-LMC-CEP-0001:derd_geometric:000,OGLE-LMC-CEP-0001,1,derd_geometric,2.0,3.809786231108918,"['ROOT_OUTSIDE_PHYSICAL_Q_DOMAIN', 'RESIDUE_SIGN_CONSTRAINT_FAILED', 'RESIDUE_PHASE_CONSTRAINT_WEAK']",development
N2.000:OGLE-LMC-CEP-0001:derd_geometric:001,OGLE-LMC-CEP-0001,1,derd_geometric,2.0,5.3367260332897155,"['ROOT_OUTSIDE_PHYSICAL_Q_DOMAIN', 'RESIDUE_PHASE_CONSTRAINT_WEAK', 'AMPLITUDE_RATIO_EXTREME']",development
N2.000:OGLE-LMC-CEP-0001:derd_geometric:002,OGLE-LMC-CEP-0001,1,derd_geometric,2.0,2.8150638780951276,"['RESIDUE_SIGN_CONSTRAINT_FAILED', 'RESIDUE_PHASE_CONSTRAINT_WEAK']",development
N2.000:OGLE-LMC-CEP-0001:derd_geometric:003,OGLE-LMC-CEP-0001,1,derd_geometric,2.0,2.814086306288405,"['RESIDUE_SIGN_CONSTRAINT_FAILED', 'RESIDUE_PHASE_CONSTRAINT_WEAK']",holdout
N2.000:OGLE-LMC-CEP-0001:derd_geometric:004,OGLE-LMC-CEP-0001,1,derd_geometric,2.0,2.2497723940233714,['RESIDUE_PHASE_CONSTRAINT_WEAK'],development
N2.000:OGLE-LMC-CEP-0001:derd_geometric:005,OGLE-LMC-CEP-0001,1,derd_geometric,2.0,2.7039744956381857,['RESIDUE_SIGN_CONSTRAINT_FAILED'],holdout
N2.000:OGLE-LMC-CEP-0001:derd_geometric:006,OGLE-LMC-CEP-0001,1,derd_geometric,2.0,4.6270649246849285,"['ROOT_OUTSIDE_PHYSICAL_Q_DOMAIN', 'RESIDUE_SIGN_CONSTRAINT_FAILED', 'RESIDUE_PHASE_CONSTRAINT_WEAK', 'AMPLITUDE_RATIO_EXTREME']",holdout
N2.000:OGLE-LMC-CEP-0001:derd_geometric:007,OGLE-LMC-CEP-0001,1,derd_geometric,2.0,7.175809706712286,"['ROOT_OUTSIDE_PHYSICAL_Q_DOMAIN', 'RESIDUE_SIGN_CONSTRAINT_FAILED', 'RESIDUE_PHASE_CONSTRAINT_WEAK']",holdout
N2.000:OGLE-LMC-CEP-0001:derd_geometric:008,OGLE-LMC-CEP-0001,1,derd_geometric,2.0,6.177705012772321,"['ROOT_OUTSIDE_PHYSICAL_Q_DOMAIN', 'RESIDUE_PHASE_CONSTRAINT_WEAK', 'AMPLITUDE_RATIO_EXTREME']",development
N2.000:OGLE-LMC-CEP-0001:derd_geometric:009,OGLE-LMC-CEP-0001,1,derd_geometric,2.0,3.673734971756231,"['ROOT_OUTSIDE_PHYSICAL_Q_DOMAIN', 'RESIDUE_SIGN_CONSTRAINT_FAILED', 'RESIDUE_PHASE_CONSTRAINT_WEAK', 'AMPLITUDE_RATIO_EXTREME']",development
N2.000:OGLE-LMC-CEP-0001:derd_geometric:010,OGLE-LMC-CEP-0001,1,derd_geometric,2.0,3.768921080270483,"['ROOT_OUTSIDE_PHYSICAL_Q_DOMAIN', 'RESIDUE_SIGN_CONSTRAINT_FAILED', 'AMPLITUDE_RATIO_EXTREME']",development
N2.000:OGLE-LMC-CEP-0001:derd_geometric:011,OGLE-LMC-CEP-0001,1,derd_geometric,2.0,4.568164446766845,"['ROOT_OUTSIDE_PHYSICAL_Q_DOMAIN', 'RESIDUE_SIGN_CONSTRAINT_FAILED', 'RESIDUE_PHASE_CONSTRAINT_WEAK', 'AMPLITUDE_RATIO_EXTREME']",holdout
N2.000:OGLE-LMC-CEP-0001:generic_fourier:000,OGLE-LMC-CEP-0001,0,generic_fourier,2.0,1.3784968203526917,['RESIDUE_PHASE_CONSTRAINT_WEAK'],holdout
N2.000:OGLE-LMC-CEP-0001:phase_scrambled_derd:001,OGLE-LMC-CEP-0001,0,phase_scrambled_derd,2.0,2.6774217771392417,['RESIDUE_PHASE_CONSTRAINT_WEAK'],development
N2.000:OGLE-LMC-CEP-0001:generic_fourier:002,OGLE-LMC-CEP-0001,0,generic_fourier,2.0,5.207898331606316,"['ROOT_OUTSIDE_PHYSICAL_Q_DOMAIN', 'RESIDUE_SIGN_CONSTRAINT_FAILED', 'RESIDUE_PHASE_CONSTRAINT_WEAK', 'AMPLITUDE_RATIO_EXTREME']",holdout
N2.000:OGLE-LMC-CEP-0001:phase_scrambled_derd:003,OGLE-LMC-CEP-0001,0,phase_scrambled_derd,2.0,10.509690350359492,"['ROOT_OUTSIDE_PHYSICAL_Q_DOMAIN', 'RESIDUE_SIGN_CONSTRAINT_FAILED', 'RESIDUE_PHASE_CONSTRAINT_WEAK', 'AMPLITUDE_RATIO_EXTREME']",development
N2.000:OGLE-LMC-CEP-0001:generic_fourier:004,OGLE-LMC-CEP-0001,0,generic_fourier,2.0,2.739526776514233,"['RESIDUE_SIGN_CONSTRAINT_FAILED', 'RESIDUE_PHASE_CONSTRAINT_WEAK']",holdout
N2.000:OGLE-LMC-CEP-0001:phase_scrambled_derd:005,OGLE-LMC-CEP-0001,0,phase_scrambled_derd,2.0,1.8790414843167533,"['RESIDUE_SIGN_CONSTRAINT_FAILED', 'RESIDUE_PHASE_CONSTRAINT_WEAK']",development
N2.000:OGLE-LMC-CEP-0001:generic_fourier:006,OGLE-LMC-CEP-0001,0,generic_fourier,2.0,13.849395447042703,"['ROOT_OUTSIDE_PHYSICAL_Q_DOMAIN', 'RESIDUE_PHASE_CONSTRAINT_WEAK']",development
N2.000:OGLE-LMC-CEP-0001:phase_scrambled_derd:007,OGLE-LMC-CEP-0001,0,phase_scrambled_derd,2.0,4.394797355969099,"['ROOT_OUTSIDE_PHYSICAL_Q_DOMAIN', 'RESIDUE_PHASE_CONSTRAINT_WEAK', 'AMPLITUDE_RATIO_EXTREME']",development
N2.000:OGLE-LMC-CEP-0001:generic_fourier:008,OGLE-LMC-CEP-0001,0,generic_fourier,2.0,2.583018351738249,"['RESIDUE_SIGN_CONSTRAINT_FAILED', 'RESIDUE_PHASE_CONSTRAINT_WEAK']",development
N2.000:OGLE-LMC-CEP-0001:phase_scrambled_derd:009,OGLE-LMC-CEP-0001,0,phase_scrambled_derd,2.0,6.247318543069499,"['ROOT_OUTSIDE_PHYSICAL_Q_DOMAIN', 'RESIDUE_SIGN_CONSTRAINT_FAILED', 'RESIDUE_PHASE_CONSTRAINT_WEAK', 'AMPLITUDE_RATIO_EXTREME']",development
N2.000:OGLE-LMC-CEP-0001:generic_fourier:010,OGLE-LMC-CEP-0001,0,generic_fourier,2.0,6.243409454955399,"['ROOT_OUTSIDE_PHYSICAL_Q_DOMAIN', 'RESIDUE_SIGN_CONSTRAINT_FAILED', 'RESIDUE_PHASE_CONSTRAINT_WEAK', 'AMPLITUDE_RATIO_EXTREME']",development
N2.000:OGLE-LMC-CEP-0001:phase_scrambled_derd:011,OGLE-LMC-CEP-0001,0,phase_scrambled_derd,2.0,2.8300509145155943,"['RESIDUE_SIGN_CONSTRAINT_FAILED', 'RESIDUE_PHASE_CONSTRAINT_WEAK']",development
N2.000:OGLE-LMC-CEP-0002:derd_geometric:000,OGLE-LMC-CEP-0002,1,derd_geometric,2.0,1.1896957821653755,['RESIDUE_PHASE_CONSTRAINT_WEAK'],development
N2.000:OGLE-LMC-CEP-0002:derd_geometric:001,OGLE-LMC-CEP-0002,1,derd_geometric,2.0,2.460453720120352,"['RESIDUE_SIGN_CONSTRAINT_FAILED', 'RESIDUE_PHASE_CONSTRAINT_WEAK']",development
N2.000:OGLE-LMC-CEP-0002:derd_geometric:002,OGLE-LMC-CEP-0002,1,derd_geometric,2.0,1.9498573459137338,['RESIDUE_PHASE_CONSTRAINT_WEAK'],development
N2.000:OGLE-LMC-CEP-0002:derd_geometric:003,OGLE-LMC-CEP-0002,1,derd_geometric,2.0,2.7010639439391944,"['RESIDUE_SIGN_CONSTRAINT_FAILED', 'RESIDUE_PHASE_CONSTRAINT_WEAK']",development
N2.000:OGLE-LMC-CEP-0002:derd_geometric:004,OGLE-LMC-CEP-0002,1,derd_geometric,2.0,4.2060074949048305,"['ROOT_OUTSIDE_PHYSICAL_Q_DOMAIN', 'RESIDUE_PHASE_CONSTRAINT_WEAK', 'AMPLITUDE_RATIO_EXTREME']",development
N2.000:OGLE-LMC-CEP-0002:derd_geometric:005,OGLE-LMC-CEP-0002,1,derd_geometric,2.0,7.268486165778856,"['ROOT_OUTSIDE_PHYSICAL_Q_DOMAIN', 'RESIDUE_PHASE_CONSTRAINT_WEAK', 'AMPLITUDE_RATIO_EXTREME']",development
N2.000:OGLE-LMC-CEP-0002:derd_geometric:006,OGLE-LMC-CEP-0002,1,derd_geometric,2.0,4.585135710575127,"['ROOT_OUTSIDE_PHYSICAL_Q_DOMAIN', 'RESIDUE_PHASE_CONSTRAINT_WEAK', 'AMPLITUDE_RATIO_EXTREME']",development
N2.000:OGLE-LMC-CEP-0002:derd_geometric:007,OGLE-LMC-CEP-0002,1,derd_geometric,2.0,3.150273712639096,"['RESIDUE_SIGN_CONSTRAINT_FAILED', 'RESIDUE_PHASE_CONSTRAINT_WEAK']",development
N2.000:OGLE-LMC-CEP-0002:derd_geometric:008,OGLE-LMC-CEP-0002,1,derd_geometric,2.0,2.9002351304707266,"['RESIDUE_SIGN_CONSTRAINT_FAILED', 'RESIDUE_PHASE_CONSTRAINT_WEAK']",holdout
N2.000:OGLE-LMC-CEP-0002:derd_geometric:009,OGLE-LMC-CEP-0002,1,derd_geometric,2.0,4.84435625281181,"['ROOT_OUTSIDE_PHYSICAL_Q_DOMAIN', 'RESIDUE_SIGN_CONSTRAINT_FAILED', 'RESIDUE_PHASE_CONSTRAINT_WEAK', 'AMPLITUDE_RATIO_EXTREME']",development
N2.000:OGLE-LMC-CEP-0002:derd_geometric:010,OGLE-LMC-CEP-0002,1,derd_geometric,2.0,1.2028533972386293,['RESIDUE_PHASE_CONSTRAINT_WEAK'],development
N2.000:OGLE-LMC-CEP-0002:derd_geometric:011,OGLE-LMC-CEP-0002,1,derd_geometric,2.0,2.9873457734389888,"['RESIDUE_SIGN_CONSTRAINT_FAILED', 'RESIDUE_PHASE_CONSTRAINT_WEAK']",holdout
N2.000:OGLE-LMC-CEP-0002:generic_fourier:000,OGLE-LMC-CEP-0002,0,generic_fourier,2.0,4.2597643888296455,"['ROOT_OUTSIDE_PHYSICAL_Q_DOMAIN', 'RESIDUE_PHASE_CONSTRAINT_WEAK', 'AMPLITUDE_RATIO_EXTREME']",development
N2.000:OGLE-LMC-CEP-0002:phase_scrambled_derd:001,OGLE-LMC-CEP-0002,0,phase_scrambled_derd,2.0,8.461105607713792,"['ROOT_OUTSIDE_PHYSICAL_Q_DOMAIN', 'RESIDUE_SIGN_CONSTRAINT_FAILED', 'RESIDUE_PHASE_CONSTRAINT_WEAK', 'AMPLITUDE_RATIO_EXTREME']",holdout
N2.000:OGLE-LMC-CEP-0002:generic_fourier:002,OGLE-LMC-CEP-0002,0,generic_fourier,2.0,6.2713628732156215,"['ROOT_OUTSIDE_PHYSICAL_Q_DOMAIN', 'RESIDUE_SIGN_CONSTRAINT_FAILED', 'RESIDUE_PHASE_CONSTRAINT_WEAK', 'AMPLITUDE_RATIO_EXTREME']",development
N2.000:OGLE-LMC-CEP-0002:phase_scrambled_derd:003,OGLE-LMC-CEP-0002,0,phase_scrambled_derd,2.0,2.678840213114104,"['RESIDUE_SIGN_CONSTRAINT_FAILED', 'RESIDUE_PHASE_CONSTRAINT_WEAK']",development
N2.000:OGLE-LMC-CEP-0002:generic_fourier:004,OGLE-LMC-CEP-0002,0,generic_fourier,2.0,2.792246867937328,"['RESIDUE_SIGN_CONSTRAINT_FAILED', 'RESIDUE_PHASE_CONSTRAINT_WEAK']",development
N2.000:OGLE-LMC-CEP-0002:phase_scrambled_derd:005,OGLE-LMC-CEP-0002,0,phase_scrambled_derd,2.0,2.9014777963603304,"['RESIDUE_SIGN_CONSTRAINT_FAILED', 'RESIDUE_PHASE_CONSTRAINT_WEAK']",holdout
N2.000:OGLE-LMC-CEP-0002:generic_fourier:006,OGLE-LMC-CEP-0002,0,generic_fourier,2.0,4.083134458701976,"['ROOT_OUTSIDE_PHYSICAL_Q_DOMAIN', 'RESIDUE_SIGN_CONSTRAINT_FAILED', 'RESIDUE_PHASE_CONSTRAINT_WEAK', 'AMPLITUDE_RATIO_EXTREME']",development
N2.000:OGLE-LMC-CEP-0002:phase_scrambled_derd:007,OGLE-LMC-CEP-0002,0,phase_scrambled_derd,2.0,2.4488574598628965,['RESIDUE_PHASE_CONSTRAINT_WEAK'],holdout
N2.000:OGLE-LMC-CEP-0002:generic_fourier:008,OGLE-LMC-CEP-0002,0,generic_fourier,2.0,3.398478952504229,"['ROOT_OUTSIDE_PHYSICAL_Q_DOMAIN', 'RESIDUE_PHASE_CONSTRAINT_WEAK']",development
N2.000:OGLE-LMC-CEP-0002:phase_scrambled_derd:009,OGLE-LMC-CEP-0002,0,phase_scrambled_derd,2.0,5.9695468885645795,"['ROOT_OUTSIDE_PHYSICAL_Q_DOMAIN', 'RESIDUE_PHASE_CONSTRAINT_WEAK', 'AMPLITUDE_RATIO_EXTREME']",development
N2.000:OGLE-LMC-CEP-0002:generic_fourier:010,OGLE-LMC-CEP-0002,0,generic_fourier,2.0,5.761309378032695,"['ROOT_OUTSIDE_PHYSICAL_Q_DOMAIN', 'RESIDUE_SIGN_CONSTRAINT_FAILED', 'RESIDUE_PHASE_CONSTRAINT_WEAK', 'AMPLITUDE_RATIO_EXTREME']",holdout
N2.000:OGLE-LMC-CEP-0002:phase_scrambled_derd:011,OGLE-LMC-CEP-0002,0,phase_scrambled_derd,2.0,4.910898178478234,"['ROOT_OUTSIDE_PHYSICAL_Q_DOMAIN', 'RESIDUE_PHASE_CONSTRAINT_WEAK', 'AMPLITUDE_RATIO_EXTREME']",development
N2.000:OGLE-LMC-CEP-0003:derd_geometric:000,OGLE-LMC-CEP-0003,1,derd_geometric,2.0,4.8869353008644385,"['ROOT_OUTSIDE_PHYSICAL_Q_DOMAIN', 'RESIDUE_PHASE_CONSTRAINT_WEAK', 'AMPLITUDE_RATIO_EXTREME']",holdout
N2.000:OGLE-LMC-CEP-0003:derd_geometric:001,OGLE-LMC-CEP-0003,1,derd_geometric,2.0,1.5237449345465826,['RESIDUE_PHASE_CONSTRAINT_WEAK'],holdout
N2.000:OGLE-LMC-CEP-0003:derd_geometric:002,OGLE-LMC-CEP-0003,1,derd_geometric,2.0,15.165130894150826,"['ROOT_OUTSIDE_PHYSICAL_Q_DOMAIN', 'RESIDUE_SIGN_CONSTRAINT_FAILED', 'RESIDUE_PHASE_CONSTRAINT_WEAK', 'AMPLITUDE_RATIO_EXTREME']",development
N2.000:OGLE-LMC-CEP-0003:derd_geometric:003,OGLE-LMC-CEP-0003,1,derd_geometric,2.0,6.649473307473327,"['ROOT_OUTSIDE_PHYSICAL_Q_DOMAIN', 'RESIDUE_PHASE_CONSTRAINT_WEAK']",development
N2.000:OGLE-LMC-CEP-0003:derd_geometric:004,OGLE-LMC-CEP-0003,1,derd_geometric,2.0,10.556390396011464,"['ROOT_OUTSIDE_PHYSICAL_Q_DOMAIN', 'RESIDUE_SIGN_CONSTRAINT_FAILED', 'RESIDUE_PHASE_CONSTRAINT_WEAK', 'AMPLITUDE_RATIO_EXTREME']",development
N2.000:OGLE-LMC-CEP-0003:derd_geometric:005,OGLE-LMC-CEP-0003,1,derd_geometric,2.0,1.2148861899662962,['RESIDUE_PHASE_CONSTRAINT_WEAK'],development
N2.000:OGLE-LMC-CEP-0003:derd_geometric:006,OGLE-LMC-CEP-0003,1,derd_geometric,2.0,3.706581660514409,"['ROOT_OUTSIDE_PHYSICAL_Q_DOMAIN', 'RESIDUE_SIGN_CONSTRAINT_FAILED', 'AMPLITUDE_RATIO_EXTREME']",development
N2.000:OGLE-LMC-CEP-0003:derd_geometric:007,OGLE-LMC-CEP-0003,1,derd_geometric,2.0,2.1826573072796744,"['RESIDUE_SIGN_CONSTRAINT_FAILED', 'RESIDUE_PHASE_CONSTRAINT_WEAK']",development
N2.000:OGLE-LMC-CEP-0003:derd_geometric:008,OGLE-LMC-CEP-0003,1,derd_geometric,2.0,4.052725536825421,"['ROOT_OUTSIDE_PHYSICAL_Q_DOMAIN', 'RESIDUE_SIGN_CONSTRAINT_FAILED', 'RESIDUE_PHASE_CONSTRAINT_WEAK', 'AMPLITUDE_RATIO_EXTREME']",holdout
N2.000:OGLE-LMC-CEP-0003:derd_geometric:009,OGLE-LMC-CEP-0003,1,derd_geometric,2.0,2.9571913799071483,"['RESIDUE_SIGN_CONSTRAINT_FAILED', 'RESIDUE_PHASE_CONSTRAINT_WEAK']",development
N2.000:OGLE-LMC-CEP-0003:derd_geometric:010,OGLE-LMC-CEP-0003,1,derd_geometric,2.0,2.81737336486418,"['RESIDUE_SIGN_CONSTRAINT_FAILED', 'RESIDUE_PHASE_CONSTRAINT_WEAK']",development
N2.000:OGLE-LMC-CEP-0003:derd_geometric:011,OGLE-LMC-CEP-0003,1,derd_geometric,2.0,2.884343833475661,['RESIDUE_PHASE_CONSTRAINT_WEAK'],development
N2.000:OGLE-LMC-CEP-0003:generic_fourier:000,OGLE-LMC-CEP-0003,0,generic_fourier,2.0,3.514010204663786,"['ROOT_OUTSIDE_PHYSICAL_Q_DOMAIN', 'RESIDUE_PHASE_CONSTRAINT_WEAK']",holdout
N2.000:OGLE-LMC-CEP-0003:phase_scrambled_derd:001,OGLE-LMC-CEP-0003,0,phase_scrambled_derd,2.0,4.592654335558644,"['ROOT_OUTSIDE_PHYSICAL_Q_DOMAIN', 'RESIDUE_PHASE_CONSTRAINT_WEAK', 'AMPLITUDE_RATIO_EXTREME']",development
N2.000:OGLE-LMC-CEP-0003:generic_fourier:002,OGLE-LMC-CEP-0003,0,generic_fourier,2.0,8.230875218769588,"['ROOT_OUTSIDE_PHYSICAL_Q_DOMAIN', 'RESIDUE_PHASE_CONSTRAINT_WEAK']",development
N2.000:OGLE-LMC-CEP-0003:phase_scrambled_derd:003,OGLE-LMC-CEP-0003,0,phase_scrambled_derd,2.0,2.4960866392982433,['RESIDUE_PHASE_CONSTRAINT_WEAK'],development
N2.000:OGLE-LMC-CEP-0003:generic_fourier:004,OGLE-LMC-CEP-0003,0,generic_fourier,2.0,7.242070950528687,"['ROOT_OUTSIDE_PHYSICAL_Q_DOMAIN', 'RESIDUE_SIGN_CONSTRAINT_FAILED', 'RESIDUE_PHASE_CONSTRAINT_WEAK', 'AMPLITUDE_RATIO_EXTREME']",development
N2.000:OGLE-LMC-CEP-0003:phase_scrambled_derd:005,OGLE-LMC-CEP-0003,0,phase_scrambled_derd,2.0,2.855231880873028,"['RESIDUE_SIGN_CONSTRAINT_FAILED', 'RESIDUE_PHASE_CONSTRAINT_WEAK']",development
N2.000:OGLE-LMC-CEP-0003:generic_fourier:006,OGLE-LMC-CEP-0003,0,generic_fourier,2.0,2.054633493819709,"['RESIDUE_SIGN_CONSTRAINT_FAILED', 'RESIDUE_PHASE_CONSTRAINT_WEAK']",development
N2.000:OGLE-LMC-CEP-0003:phase_scrambled_derd:007,OGLE-LMC-CEP-0003,0,phase_scrambled_derd,2.0,1.7876643709024307,['RESIDUE_SIGN_CONSTRAINT_FAILED'],holdout
N2.000:OGLE-LMC-CEP-0003:generic_fourier:008,OGLE-LMC-CEP-0003,0,generic_fourier,2.0,6.829929177322484,"['ROOT_OUTSIDE_PHYSICAL_Q_DOMAIN', 'RESIDUE_SIGN_CONSTRAINT_FAILED', 'RESIDUE_PHASE_CONSTRAINT_WEAK', 'AMPLITUDE_RATIO_EXTREME']",development
N2.000:OGLE-LMC-CEP-0003:phase_scrambled_derd:009,OGLE-LMC-CEP-0003,0,phase_scrambled_derd,2.0,1.9601760242412989,"['RESIDUE_SIGN_CONSTRAINT_FAILED', 'RESIDUE_PHASE_CONSTRAINT_WEAK']",development
N2.000:OGLE-LMC-CEP-0003:generic_fourier:010,OGLE-LMC-CEP-0003,0,generic_fourier,2.0,11.915113928368967,"['ROOT_OUTSIDE_PHYSICAL_Q_DOMAIN', 'RESIDUE_PHASE_CONSTRAINT_WEAK', 'AMPLITUDE_RATIO_EXTREME']",holdout
N2.000:OGLE-LMC-CEP-0003:phase_scrambled_derd:011,OGLE-LMC-CEP-0003,0,phase_scrambled_derd,2.0,8.9811521809372,"['ROOT_OUTSIDE_PHYSICAL_Q_DOMAIN', 'RESIDUE_SIGN_CONSTRAINT_FAILED', 'RESIDUE_PHASE_CONSTRAINT_WEAK', 'AMPLITUDE_RATIO_EXTREME']",holdout
N2.000:OGLE-LMC-CEP-0004:derd_geometric:000,OGLE-LMC-CEP-0004,1,derd_geometric,2.0,2.1357413132916827,"['RESIDUE_SIGN_CONSTRAINT_FAILED', 'RESIDUE_PHASE_CONSTRAINT_WEAK']",development
N2.000:OGLE-LMC-CEP-0004:derd_geometric:001,OGLE-LMC-CEP-0004,1,derd_geometric,2.0,6.367427870926058,"['ROOT_OUTSIDE_PHYSICAL_Q_DOMAIN', 'RESIDUE_SIGN_CONSTRAINT_FAILED', 'RESIDUE_PHASE_CONSTRAINT_WEAK', 'AMPLITUDE_RATIO_EXTREME']",development
N2.000:OGLE-LMC-CEP-0004:derd_geometric:002,OGLE-LMC-CEP-0004,1,derd_geometric,2.0,5.956695546273164,"['ROOT_OUTSIDE_PHYSICAL_Q_DOMAIN', 'RESIDUE_PHASE_CONSTRAINT_WEAK', 'AMPLITUDE_RATIO_EXTREME']",development
N2.000:OGLE-LMC-CEP-0004:derd_geometric:003,OGLE-LMC-CEP-0004,1,derd_geometric,2.0,1.3462523780603552,['RESIDUE_PHASE_CONSTRAINT_WEAK'],holdout
N2.000:OGLE-LMC-CEP-0004:derd_geometric:004,OGLE-LMC-CEP-0004,1,derd_geometric,2.0,2.29385442306802,['RESIDUE_PHASE_CONSTRAINT_WEAK'],holdout
N2.000:OGLE-LMC-CEP-0004:derd_geometric:005,OGLE-LMC-CEP-0004,1,derd_geometric,2.0,10.87560230009374,"['ROOT_OUTSIDE_PHYSICAL_Q_DOMAIN', 'RESIDUE_SIGN_CONSTRAINT_FAILED', 'RESIDUE_PHASE_CONSTRAINT_WEAK', 'AMPLITUDE_RATIO_EXTREME']",development
N2.000:OGLE-LMC-CEP-0004:derd_geometric:006,OGLE-LMC-CEP-0004,1,derd_geometric,2.0,10.925704463333272,"['ROOT_OUTSIDE_PHYSICAL_Q_DOMAIN', 'RESIDUE_PHASE_CONSTRAINT_WEAK', 'AMPLITUDE_RATIO_EXTREME']",development
N2.000:OGLE-LMC-CEP-0004:derd_geometric:007,OGLE-LMC-CEP-0004,1,derd_geometric,2.0,3.4267254950851154,"['ROOT_OUTSIDE_PHYSICAL_Q_DOMAIN', 'RESIDUE_PHASE_CONSTRAINT_WEAK', 'AMPLITUDE_RATIO_EXTREME']",holdout
N2.000:OGLE-LMC-CEP-0004:derd_geometric:008,OGLE-LMC-CEP-0004,1,derd_geometric,2.0,2.657162451589232,"['RESIDUE_SIGN_CONSTRAINT_FAILED', 'RESIDUE_PHASE_CONSTRAINT_WEAK']",development
N2.000:OGLE-LMC-CEP-0004:derd_geometric:009,OGLE-LMC-CEP-0004,1,derd_geometric,2.0,6.412252890134846,"['ROOT_OUTSIDE_PHYSICAL_Q_DOMAIN', 'RESIDUE_SIGN_CONSTRAINT_FAILED', 'RESIDUE_PHASE_CONSTRAINT_WEAK', 'AMPLITUDE_RATIO_EXTREME']",holdout
N2.000:OGLE-LMC-CEP-0004:derd_geometric:010,OGLE-LMC-CEP-0004,1,derd_geometric,2.0,10.355695344723776,"['ROOT_OUTSIDE_PHYSICAL_Q_DOMAIN', 'RESIDUE_SIGN_CONSTRAINT_FAILED', 'RESIDUE_PHASE_CONSTRAINT_WEAK', 'AMPLITUDE_RATIO_EXTREME']",development
N2.000:OGLE-LMC-CEP-0004:derd_geometric:011,OGLE-LMC-CEP-0004,1,derd_geometric,2.0,1.7831298491269436,['RESIDUE_PHASE_CONSTRAINT_WEAK'],development
N2.000:OGLE-LMC-CEP-0004:generic_fourier:000,OGLE-LMC-CEP-0004,0,generic_fourier,2.0,13.423883497067203,"['ROOT_OUTSIDE_PHYSICAL_Q_DOMAIN', 'RESIDUE_PHASE_CONSTRAINT_WEAK', 'AMPLITUDE_RATIO_EXTREME']",development
N2.000:OGLE-LMC-CEP-0004:phase_scrambled_derd:001,OGLE-LMC-CEP-0004,0,phase_scrambled_derd,2.0,16.701072721090306,"['ROOT_OUTSIDE_PHYSICAL_Q_DOMAIN', 'RESIDUE_PHASE_CONSTRAINT_WEAK', 'AMPLITUDE_RATIO_EXTREME']",holdout
N2.000:OGLE-LMC-CEP-0004:generic_fourier:002,OGLE-LMC-CEP-0004,0,generic_fourier,2.0,2.688043263284888,"['RESIDUE_SIGN_CONSTRAINT_FAILED', 'RESIDUE_PHASE_CONSTRAINT_WEAK']",development
N2.000:OGLE-LMC-CEP-0004:phase_scrambled_derd:003,OGLE-LMC-CEP-0004,0,phase_scrambled_derd,2.0,10.62732048549497,"['ROOT_OUTSIDE_PHYSICAL_Q_DOMAIN', 'RESIDUE_PHASE_CONSTRAINT_WEAK', 'AMPLITUDE_RATIO_EXTREME']",development
N2.000:OGLE-LMC-CEP-0004:generic_fourier:004,OGLE-LMC-CEP-0004,0,generic_fourier,2.0,2.5170918837606653,"['RESIDUE_SIGN_CONSTRAINT_FAILED', 'RESIDUE_PHASE_CONSTRAINT_WEAK']",development
N2.000:OGLE-LMC-CEP-0004:phase_scrambled_derd:005,OGLE-LMC-CEP-0004,0,phase_scrambled_derd,2.0,6.0102992533925725,"['ROOT_OUTSIDE_PHYSICAL_Q_DOMAIN', 'RESIDUE_PHASE_CONSTRAINT_WEAK', 'AMPLITUDE_RATIO_EXTREME']",holdout
N2.000:OGLE-LMC-CEP-0004:generic_fourier:006,OGLE-LMC-CEP-0004,0,generic_fourier,2.0,2.8381714189936047,"['RESIDUE_SIGN_CONSTRAINT_FAILED', 'RESIDUE_PHASE_CONSTRAINT_WEAK']",holdout
N2.000:OGLE-LMC-CEP-0004:phase_scrambled_derd:007,OGLE-LMC-CEP-0004,0,phase_scrambled_derd,2.0,1.9806756333881093,['RESIDUE_PHASE_CONSTRAINT_WEAK'],development
N2.000:OGLE-LMC-CEP-0004:generic_fourier:008,OGLE-LMC-CEP-0004,0,generic_fourier,2.0,2.634949933433648,['RESIDUE_PHASE_CONSTRAINT_WEAK'],holdout
N2.000:OGLE-LMC-CEP-0004:phase_scrambled_derd:009,OGLE-LMC-CEP-0004,0,phase_scrambled_derd,2.0,2.3711786199934206,"['RESIDUE_SIGN_CONSTRAINT_FAILED', 'RESIDUE_PHASE_CONSTRAINT_WEAK']",development
N2.000:OGLE-LMC-CEP-0004:generic_fourier:010,OGLE-LMC-CEP-0004,0,generic_fourier,2.0,13.555816128046708,"['ROOT_OUTSIDE_PHYSICAL_Q_DOMAIN', 'RESIDUE_PHASE_CONSTRAINT_WEAK', 'AMPLITUDE_RATIO_EXTREME']",development
N2.000:OGLE-LMC-CEP-0004:phase_scrambled_derd:011,OGLE-LMC-CEP-0004,0,phase_scrambled_derd,2.0,2.6333255206775,"['RESIDUE_SIGN_CONSTRAINT_FAILED', 'RESIDUE_PHASE_CONSTRAINT_WEAK']",development
N2.000:OGLE-LMC-CEP-0005:derd_geometric:000,OGLE-LMC-CEP-0005,1,derd_geometric,2.0,2.4106622262031014,"['RESIDUE_SIGN_CONSTRAINT_FAILED', 'RESIDUE_PHASE_CONSTRAINT_WEAK']",development
N2.000:OGLE-LMC-CEP-0005:derd_geometric:001,OGLE-LMC-CEP-0005,1,derd_geometric,2.0,1.6714338917938414,['RESIDUE_PHASE_CONSTRAINT_WEAK'],holdout
N2.000:OGLE-LMC-CEP-0005:derd_geometric:002,OGLE-LMC-CEP-0005,1,derd_geometric,2.0,0.9463217345144755,['RESIDUE_PHASE_CONSTRAINT_WEAK'],development
N2.000:OGLE-LMC-CEP-0005:derd_geometric:003,OGLE-LMC-CEP-0005,1,derd_geometric,2.0,3.186042975584783,['RESIDUE_PHASE_CONSTRAINT_WEAK'],holdout
N2.000:OGLE-LMC-CEP-0005:derd_geometric:004,OGLE-LMC-CEP-0005,1,derd_geometric,2.0,3.0782558706602416,"['RESIDUE_SIGN_CONSTRAINT_FAILED', 'RESIDUE_PHASE_CONSTRAINT_WEAK']",development
N2.000:OGLE-LMC-CEP-0005:derd_geometric:005,OGLE-LMC-CEP-0005,1,derd_geometric,2.0,10.94008932079283,"['ROOT_OUTSIDE_PHYSICAL_Q_DOMAIN', 'RESIDUE_SIGN_CONSTRAINT_FAILED', 'RESIDUE_PHASE_CONSTRAINT_WEAK', 'AMPLITUDE_RATIO_EXTREME']",development
N2.000:OGLE-LMC-CEP-0005:derd_geometric:006,OGLE-LMC-CEP-0005,1,derd_geometric,2.0,2.350177716319932,"['RESIDUE_SIGN_CONSTRAINT_FAILED', 'RESIDUE_PHASE_CONSTRAINT_WEAK']",holdout
N2.000:OGLE-LMC-CEP-0005:derd_geometric:007,OGLE-LMC-CEP-0005,1,derd_geometric,2.0,5.299693836135704,"['ROOT_OUTSIDE_PHYSICAL_Q_DOMAIN', 'RESIDUE_SIGN_CONSTRAINT_FAILED', 'RESIDUE_PHASE_CONSTRAINT_WEAK', 'AMPLITUDE_RATIO_EXTREME']",holdout
N2.000:OGLE-LMC-CEP-0005:derd_geometric:008,OGLE-LMC-CEP-0005,1,derd_geometric,2.0,2.4530277452260894,"['RESIDUE_SIGN_CONSTRAINT_FAILED', 'RESIDUE_PHASE_CONSTRAINT_WEAK']",holdout
N2.000:OGLE-LMC-CEP-0005:derd_geometric:009,OGLE-LMC-CEP-0005,1,derd_geometric,2.0,7.166114787057967,"['ROOT_OUTSIDE_PHYSICAL_Q_DOMAIN', 'RESIDUE_SIGN_CONSTRAINT_FAILED', 'RESIDUE_PHASE_CONSTRAINT_WEAK', 'AMPLITUDE_RATIO_EXTREME']",development
N2.000:OGLE-LMC-CEP-0005:derd_geometric:010,OGLE-LMC-CEP-0005,1,derd_geometric,2.0,0.7986079465320204,[],development
N2.000:OGLE-LMC-CEP-0005:derd_geometric:011,OGLE-LMC-CEP-0005,1,derd_geometric,2.0,2.3377285778010375,['RESIDUE_PHASE_CONSTRAINT_WEAK'],development
N2.000:OGLE-LMC-CEP-0005:generic_fourier:000,OGLE-LMC-CEP-0005,0,generic_fourier,2.0,2.7669857266397115,"['RESIDUE_SIGN_CONSTRAINT_FAILED', 'RESIDUE_PHASE_CONSTRAINT_WEAK']",holdout
N2.000:OGLE-LMC-CEP-0005:phase_scrambled_derd:001,OGLE-LMC-CEP-0005,0,phase_scrambled_derd,2.0,11.082031700817318,"['ROOT_OUTSIDE_PHYSICAL_Q_DOMAIN', 'RESIDUE_SIGN_CONSTRAINT_FAILED', 'RESIDUE_PHASE_CONSTRAINT_WEAK', 'AMPLITUDE_RATIO_EXTREME']",holdout
N2.000:OGLE-LMC-CEP-0005:generic_fourier:002,OGLE-LMC-CEP-0005,0,generic_fourier,2.0,2.7826045927195167,"['RESIDUE_SIGN_CONSTRAINT_FAILED', 'RESIDUE_PHASE_CONSTRAINT_WEAK']",development
N2.000:OGLE-LMC-CEP-0005:phase_scrambled_derd:003,OGLE-LMC-CEP-0005,0,phase_scrambled_derd,2.0,7.73785121094326,"['ROOT_OUTSIDE_PHYSICAL_Q_DOMAIN', 'RESIDUE_SIGN_CONSTRAINT_FAILED', 'RESIDUE_PHASE_CONSTRAINT_WEAK', 'AMPLITUDE_RATIO_EXTREME']",holdout
N2.000:OGLE-LMC-CEP-0005:generic_fourier:004,OGLE-LMC-CEP-0005,0,generic_fourier,2.0,6.494375298877244,"['ROOT_OUTSIDE_PHYSICAL_Q_DOMAIN', 'RESIDUE_SIGN_CONSTRAINT_FAILED', 'RESIDUE_PHASE_CONSTRAINT_WEAK', 'AMPLITUDE_RATIO_EXTREME']",development
N2.000:OGLE-LMC-CEP-0005:phase_scrambled_derd:005,OGLE-LMC-CEP-0005,0,phase_scrambled_derd,2.0,2.728767343460601,"['RESIDUE_SIGN_CONSTRAINT_FAILED', 'RESIDUE_PHASE_CONSTRAINT_WEAK']",holdout
N2.000:OGLE-LMC-CEP-0005:generic_fourier:006,OGLE-LMC-CEP-0005,0,generic_fourier,2.0,15.033911207132606,"['ROOT_OUTSIDE_PHYSICAL_Q_DOMAIN', 'RESIDUE_SIGN_CONSTRAINT_FAILED', 'RESIDUE_PHASE_CONSTRAINT_WEAK', 'AMPLITUDE_RATIO_EXTREME']",development
N2.000:OGLE-LMC-CEP-0005:phase_scrambled_derd:007,OGLE-LMC-CEP-0005,0,phase_scrambled_derd,2.0,17.303998186962147,"['ROOT_OUTSIDE_PHYSICAL_Q_DOMAIN', 'RESIDUE_SIGN_CONSTRAINT_FAILED', 'RESIDUE_PHASE_CONSTRAINT_WEAK', 'AMPLITUDE_RATIO_EXTREME']",development
N2.000:OGLE-LMC-CEP-0005:generic_fourier:008,OGLE-LMC-CEP-0005,0,generic_fourier,2.0,2.442691154305508,['RESIDUE_PHASE_CONSTRAINT_WEAK'],holdout
N2.000:OGLE-LMC-CEP-0005:phase_scrambled_derd:009,OGLE-LMC-CEP-0005,0,phase_scrambled_derd,2.0,2.375019075583808,['RESIDUE_PHASE_CONSTRAINT_WEAK'],development
N2.000:OGLE-LMC-CEP-0005:generic_fourier:010,OGLE-LMC-CEP-0005,0,generic_fourier,2.0,3.965170838991994,"['ROOT_OUTSIDE_PHYSICAL_Q_DOMAIN', 'RESIDUE_PHASE_CONSTRAINT_WEAK', 'AMPLITUDE_RATIO_EXTREME']",development
N2.000:OGLE-LMC-CEP-0005:phase_scrambled_derd:011,OGLE-LMC-CEP-0005,0,phase_scrambled_derd,2.0,2.859013077770143,"['RESIDUE_SIGN_CONSTRAINT_FAILED', 'RESIDUE_PHASE_CONSTRAINT_WEAK']",development
N2.000:OGLE-LMC-CEP-0006:derd_geometric:000,OGLE-LMC-CEP-0006,1,derd_geometric,2.0,2.6303429128420692,"['RESIDUE_SIGN_CONSTRAINT_FAILED', 'RESIDUE_PHASE_CONSTRAINT_WEAK']",development
N2.000:OGLE-LMC-CEP-0006:derd_geometric:001,OGLE-LMC-CEP-0006,1,derd_geometric,2.0,1.2067455388517623,['RESIDUE_PHASE_CONSTRAINT_WEAK'],development
N2.000:OGLE-LMC-CEP-0006:derd_geometric:002,OGLE-LMC-CEP-0006,1,derd_geometric,2.0,4.371488401633004,"['ROOT_OUTSIDE_PHYSICAL_Q_DOMAIN', 'RESIDUE_SIGN_CONSTRAINT_FAILED', 'RESIDUE_PHASE_CONSTRAINT_WEAK', 'AMPLITUDE_RATIO_EXTREME']",holdout
N2.000:OGLE-LMC-CEP-0006:derd_geometric:003,OGLE-LMC-CEP-0006,1,derd_geometric,2.0,4.201375868738327,"['ROOT_OUTSIDE_PHYSICAL_Q_DOMAIN', 'RESIDUE_SIGN_CONSTRAINT_FAILED', 'RESIDUE_PHASE_CONSTRAINT_WEAK', 'AMPLITUDE_RATIO_EXTREME']",holdout
N2.000:OGLE-LMC-CEP-0006:derd_geometric:004,OGLE-LMC-CEP-0006,1,derd_geometric,2.0,4.59264295624023,"['ROOT_OUTSIDE_PHYSICAL_Q_DOMAIN', 'RESIDUE_PHASE_CONSTRAINT_WEAK', 'AMPLITUDE_RATIO_EXTREME']",development
N2.000:OGLE-LMC-CEP-0006:derd_geometric:005,OGLE-LMC-CEP-0006,1,derd_geometric,2.0,1.9454733976578251,"['RESIDUE_SIGN_CONSTRAINT_FAILED', 'RESIDUE_PHASE_CONSTRAINT_WEAK']",development
N2.000:OGLE-LMC-CEP-0006:derd_geometric:006,OGLE-LMC-CEP-0006,1,derd_geometric,2.0,2.642225122270909,"['RESIDUE_SIGN_CONSTRAINT_FAILED', 'RESIDUE_PHASE_CONSTRAINT_WEAK']",development
N2.000:OGLE-LMC-CEP-0006:derd_geometric:007,OGLE-LMC-CEP-0006,1,derd_geometric,2.0,2.390500944549,['RESIDUE_PHASE_CONSTRAINT_WEAK'],holdout
N2.000:OGLE-LMC-CEP-0006:derd_geometric:008,OGLE-LMC-CEP-0006,1,derd_geometric,2.0,2.1641664221380905,['RESIDUE_PHASE_CONSTRAINT_WEAK'],holdout
N2.000:OGLE-LMC-CEP-0006:derd_geometric:009,OGLE-LMC-CEP-0006,1,derd_geometric,2.0,7.291410038452784,"['ROOT_OUTSIDE_PHYSICAL_Q_DOMAIN', 'RESIDUE_SIGN_CONSTRAINT_FAILED', 'RESIDUE_PHASE_CONSTRAINT_WEAK', 'AMPLITUDE_RATIO_EXTREME']",development
N2.000:OGLE-LMC-CEP-0006:derd_geometric:010,OGLE-LMC-CEP-0006,1,derd_geometric,2.0,1.628571087290423,['RESIDUE_PHASE_CONSTRAINT_WEAK'],holdout
N2.000:OGLE-LMC-CEP-0006:derd_geometric:011,OGLE-LMC-CEP-0006,1,derd_geometric,2.0,2.5457700631091806,"['RESIDUE_SIGN_CONSTRAINT_FAILED', 'RESIDUE_PHASE_CONSTRAINT_WEAK']",holdout
N2.000:OGLE-LMC-CEP-0006:generic_fourier:000,OGLE-LMC-CEP-0006,0,generic_fourier,2.0,2.817098283726048,"['RESIDUE_SIGN_CONSTRAINT_FAILED', 'RESIDUE_PHASE_CONSTRAINT_WEAK']",holdout
N2.000:OGLE-LMC-CEP-0006:phase_scrambled_derd:001,OGLE-LMC-CEP-0006,0,phase_scrambled_derd,2.0,1.8391180319771328,['RESIDUE_PHASE_CONSTRAINT_WEAK'],holdout
N2.000:OGLE-LMC-CEP-0006:generic_fourier:002,OGLE-LMC-CEP-0006,0,generic_fourier,2.0,1.8382527880033446,['RESIDUE_PHASE_CONSTRAINT_WEAK'],development
N2.000:OGLE-LMC-CEP-0006:phase_scrambled_derd:003,OGLE-LMC-CEP-0006,0,phase_scrambled_derd,2.0,4.6840014326391515,"['ROOT_OUTSIDE_PHYSICAL_Q_DOMAIN', 'RESIDUE_PHASE_CONSTRAINT_WEAK', 'AMPLITUDE_RATIO_EXTREME']",development
N2.000:OGLE-LMC-CEP-0006:generic_fourier:004,OGLE-LMC-CEP-0006,0,generic_fourier,2.0,2.944094600533037,"['RESIDUE_SIGN_CONSTRAINT_FAILED', 'RESIDUE_PHASE_CONSTRAINT_WEAK']",development
N2.000:OGLE-LMC-CEP-0006:phase_scrambled_derd:005,OGLE-LMC-CEP-0006,0,phase_scrambled_derd,2.0,2.556964118081087,"['RESIDUE_SIGN_CONSTRAINT_FAILED', 'RESIDUE_PHASE_CONSTRAINT_WEAK']",development
N2.000:OGLE-LMC-CEP-0006:generic_fourier:006,OGLE-LMC-CEP-0006,0,generic_fourier,2.0,2.2456033026411966,"['RESIDUE_SIGN_CONSTRAINT_FAILED', 'RESIDUE_PHASE_CONSTRAINT_WEAK']",development
N2.000:OGLE-LMC-CEP-0006:phase_scrambled_derd:007,OGLE-LMC-CEP-0006,0,phase_scrambled_derd,2.0,1.6233021968382475,['RESIDUE_PHASE_CONSTRAINT_WEAK'],development
N2.000:OGLE-LMC-CEP-0006:generic_fourier:008,OGLE-LMC-CEP-0006,0,generic_fourier,2.0,1.7553040119664107,['RESIDUE_PHASE_CONSTRAINT_WEAK'],holdout
N2.000:OGLE-LMC-CEP-0006:phase_scrambled_derd:009,OGLE-LMC-CEP-0006,0,phase_scrambled_derd,2.0,3.0583828447494366,"['RESIDUE_SIGN_CONSTRAINT_FAILED', 'RESIDUE_PHASE_CONSTRAINT_WEAK']",development
N2.000:OGLE-LMC-CEP-0006:generic_fourier:010,OGLE-LMC-CEP-0006,0,generic_fourier,2.0,2.3943006809782683,['RESIDUE_PHASE_CONSTRAINT_WEAK'],development
N2.000:OGLE-LMC-CEP-0006:phase_scrambled_derd:011,OGLE-LMC-CEP-0006,0,phase_scrambled_derd,2.0,4.741468440204274,"['ROOT_OUTSIDE_PHYSICAL_Q_DOMAIN', 'RESIDUE_PHASE_CONSTRAINT_WEAK', 'AMPLITUDE_RATIO_EXTREME']",development
N2.000:OGLE-LMC-CEP-0007:derd_geometric:000,OGLE-LMC-CEP-0007,1,derd_geometric,2.0,2.101708645677702,['RESIDUE_PHASE_CONSTRAINT_WEAK'],development
N2.000:OGLE-LMC-CEP-0007:derd_geometric:001,OGLE-LMC-CEP-0007,1,derd_geometric,2.0,3.6399147783867494,"['ROOT_OUTSIDE_PHYSICAL_Q_DOMAIN', 'RESIDUE_PHASE_CONSTRAINT_WEAK', 'AMPLITUDE_RATIO_EXTREME']",holdout
N2.000:OGLE-LMC-CEP-0007:derd_geometric:002,OGLE-LMC-CEP-0007,1,derd_geometric,2.0,4.926150291246985,"['ROOT_OUTSIDE_PHYSICAL_Q_DOMAIN', 'RESIDUE_PHASE_CONSTRAINT_WEAK', 'AMPLITUDE_RATIO_EXTREME']",development
N2.000:OGLE-LMC-CEP-0007:derd_geometric:003,OGLE-LMC-CEP-0007,1,derd_geometric,2.0,2.3158533571330544,"['RESIDUE_SIGN_CONSTRAINT_FAILED', 'RESIDUE_PHASE_CONSTRAINT_WEAK']",holdout
N2.000:OGLE-LMC-CEP-0007:derd_geometric:004,OGLE-LMC-CEP-0007,1,derd_geometric,2.0,2.2575481444488883,['RESIDUE_PHASE_CONSTRAINT_WEAK'],holdout
N2.000:OGLE-LMC-CEP-0007:derd_geometric:005,OGLE-LMC-CEP-0007,1,derd_geometric,2.0,32.42961595577884,"['ROOT_OUTSIDE_PHYSICAL_Q_DOMAIN', 'RESIDUE_SIGN_CONSTRAINT_FAILED', 'RESIDUE_PHASE_CONSTRAINT_WEAK', 'AMPLITUDE_RATIO_EXTREME']",development
N2.000:OGLE-LMC-CEP-0007:derd_geometric:006,OGLE-LMC-CEP-0007,1,derd_geometric,2.0,5.290495752500287,"['ROOT_OUTSIDE_PHYSICAL_Q_DOMAIN', 'RESIDUE_SIGN_CONSTRAINT_FAILED', 'RESIDUE_PHASE_CONSTRAINT_WEAK', 'AMPLITUDE_RATIO_EXTREME']",development
N2.000:OGLE-LMC-CEP-0007:derd_geometric:007,OGLE-LMC-CEP-0007,1,derd_geometric,2.0,2.090313150982945,['RESIDUE_PHASE_CONSTRAINT_WEAK'],development
N2.000:OGLE-LMC-CEP-0007:derd_geometric:008,OGLE-LMC-CEP-0007,1,derd_geometric,2.0,4.255706232261056,"['ROOT_OUTSIDE_PHYSICAL_Q_DOMAIN', 'RESIDUE_SIGN_CONSTRAINT_FAILED', 'RESIDUE_PHASE_CONSTRAINT_WEAK', 'AMPLITUDE_RATIO_EXTREME']",development
N2.000:OGLE-LMC-CEP-0007:derd_geometric:009,OGLE-LMC-CEP-0007,1,derd_geometric,2.0,2.5663593539456997,"['RESIDUE_SIGN_CONSTRAINT_FAILED', 'RESIDUE_PHASE_CONSTRAINT_WEAK']",development
N2.000:OGLE-LMC-CEP-0007:derd_geometric:010,OGLE-LMC-CEP-0007,1,derd_geometric,2.0,1.6775517663741497,['RESIDUE_PHASE_CONSTRAINT_WEAK'],development
N2.000:OGLE-LMC-CEP-0007:derd_geometric:011,OGLE-LMC-CEP-0007,1,derd_geometric,2.0,3.7365490453284482,"['ROOT_OUTSIDE_PHYSICAL_Q_DOMAIN', 'RESIDUE_SIGN_CONSTRAINT_FAILED', 'AMPLITUDE_RATIO_EXTREME']",development
N2.000:OGLE-LMC-CEP-0007:generic_fourier:000,OGLE-LMC-CEP-0007,0,generic_fourier,2.0,2.5886129211370097,"['RESIDUE_SIGN_CONSTRAINT_FAILED', 'RESIDUE_PHASE_CONSTRAINT_WEAK']",holdout
N2.000:OGLE-LMC-CEP-0007:phase_scrambled_derd:001,OGLE-LMC-CEP-0007,0,phase_scrambled_derd,2.0,2.2305741559877763,"['RESIDUE_SIGN_CONSTRAINT_FAILED', 'RESIDUE_PHASE_CONSTRAINT_WEAK']",holdout
N2.000:OGLE-LMC-CEP-0007:generic_fourier:002,OGLE-LMC-CEP-0007,0,generic_fourier,2.0,4.603260923567219,"['ROOT_OUTSIDE_PHYSICAL_Q_DOMAIN', 'RESIDUE_SIGN_CONSTRAINT_FAILED', 'RESIDUE_PHASE_CONSTRAINT_WEAK', 'AMPLITUDE_RATIO_EXTREME']",development
N2.000:OGLE-LMC-CEP-0007:phase_scrambled_derd:003,OGLE-LMC-CEP-0007,0,phase_scrambled_derd,2.0,3.007235959102567,"['RESIDUE_SIGN_CONSTRAINT_FAILED', 'RESIDUE_PHASE_CONSTRAINT_WEAK']",development
N2.000:OGLE-LMC-CEP-0007:generic_fourier:004,OGLE-LMC-CEP-0007,0,generic_fourier,2.0,2.546971086855221,['RESIDUE_SIGN_CONSTRAINT_FAILED'],holdout
N2.000:OGLE-LMC-CEP-0007:phase_scrambled_derd:005,OGLE-LMC-CEP-0007,0,phase_scrambled_derd,2.0,4.732129430164829,"['ROOT_OUTSIDE_PHYSICAL_Q_DOMAIN', 'RESIDUE_SIGN_CONSTRAINT_FAILED', 'RESIDUE_PHASE_CONSTRAINT_WEAK', 'AMPLITUDE_RATIO_EXTREME']",development
N2.000:OGLE-LMC-CEP-0007:generic_fourier:006,OGLE-LMC-CEP-0007,0,generic_fourier,2.0,4.223418888367961,"['ROOT_OUTSIDE_PHYSICAL_Q_DOMAIN', 'RESIDUE_PHASE_CONSTRAINT_WEAK', 'AMPLITUDE_RATIO_EXTREME']",development
N2.000:OGLE-LMC-CEP-0007:phase_scrambled_derd:007,OGLE-LMC-CEP-0007,0,phase_scrambled_derd,2.0,5.408248610052264,"['ROOT_OUTSIDE_PHYSICAL_Q_DOMAIN', 'RESIDUE_PHASE_CONSTRAINT_WEAK', 'AMPLITUDE_RATIO_EXTREME']",holdout
N2.000:OGLE-LMC-CEP-0007:generic_fourier:008,OGLE-LMC-CEP-0007,0,generic_fourier,2.0,4.244489433758682,"['ROOT_OUTSIDE_PHYSICAL_Q_DOMAIN', 'RESIDUE_PHASE_CONSTRAINT_WEAK']",holdout
N2.000:OGLE-LMC-CEP-0007:phase_scrambled_derd:009,OGLE-LMC-CEP-0007,0,phase_scrambled_derd,2.0,3.7963547463582867,"['ROOT_OUTSIDE_PHYSICAL_Q_DOMAIN', 'RESIDUE_SIGN_CONSTRAINT_FAILED', 'RESIDUE_PHASE_CONSTRAINT_WEAK', 'AMPLITUDE_RATIO_EXTREME']",development
N2.000:OGLE-LMC-CEP-0007:generic_fourier:010,OGLE-LMC-CEP-0007,0,generic_fourier,2.0,7.907176190864131,"['ROOT_OUTSIDE_PHYSICAL_Q_DOMAIN', 'RESIDUE_PHASE_CONSTRAINT_WEAK']",development
N2.000:OGLE-LMC-CEP-0007:phase_scrambled_derd:011,OGLE-LMC-CEP-0007,0,phase_scrambled_derd,2.0,2.727633884683123,"['RESIDUE_SIGN_CONSTRAINT_FAILED', 'RESIDUE_PHASE_CONSTRAINT_WEAK']",development
N2.000:OGLE-LMC-CEP-0009:derd_geometric:000,OGLE-LMC-CEP-0009,1,derd_geometric,2.0,3.3589722609930566,"['ROOT_OUTSIDE_PHYSICAL_Q_DOMAIN', 'RESIDUE_PHASE_CONSTRAINT_WEAK']",development
N2.000:OGLE-LMC-CEP-0009:derd_geometric:001,OGLE-LMC-CEP-0009,1,derd_geometric,2.0,4.113115518615029,"['ROOT_OUTSIDE_PHYSICAL_Q_DOMAIN', 'RESIDUE_PHASE_CONSTRAINT_WEAK', 'AMPLITUDE_RATIO_EXTREME']",development
N2.000:OGLE-LMC-CEP-0009:derd_geometric:002,OGLE-LMC-CEP-0009,1,derd_geometric,2.0,3.005035815721947,"['RESIDUE_SIGN_CONSTRAINT_FAILED', 'RESIDUE_PHASE_CONSTRAINT_WEAK']",holdout
N2.000:OGLE-LMC-CEP-0009:derd_geometric:003,OGLE-LMC-CEP-0009,1,derd_geometric,2.0,2.461251193739404,"['RESIDUE_SIGN_CONSTRAINT_FAILED', 'RESIDUE_PHASE_CONSTRAINT_WEAK']",holdout
N2.000:OGLE-LMC-CEP-0009:derd_geometric:004,OGLE-LMC-CEP-0009,1,derd_geometric,2.0,1.9226086688873514,"['RESIDUE_SIGN_CONSTRAINT_FAILED', 'RESIDUE_PHASE_CONSTRAINT_WEAK']",holdout
N2.000:OGLE-LMC-CEP-0009:derd_geometric:005,OGLE-LMC-CEP-0009,1,derd_geometric,2.0,2.574080516679253,"['RESIDUE_SIGN_CONSTRAINT_FAILED', 'RESIDUE_PHASE_CONSTRAINT_WEAK']",holdout
N2.000:OGLE-LMC-CEP-0009:derd_geometric:006,OGLE-LMC-CEP-0009,1,derd_geometric,2.0,1.7217347169629018,['ROOT_OUTSIDE_PHYSICAL_Q_DOMAIN'],development
N2.000:OGLE-LMC-CEP-0009:derd_geometric:007,OGLE-LMC-CEP-0009,1,derd_geometric,2.0,2.5114851647117464,['RESIDUE_PHASE_CONSTRAINT_WEAK'],holdout
N2.000:OGLE-LMC-CEP-0009:derd_geometric:008,OGLE-LMC-CEP-0009,1,derd_geometric,2.0,2.1024838056652326,[],development
N2.000:OGLE-LMC-CEP-0009:derd_geometric:009,OGLE-LMC-CEP-0009,1,derd_geometric,2.0,2.1850137420922695,['RESIDUE_PHASE_CONSTRAINT_WEAK'],development
N2.000:OGLE-LMC-CEP-0009:derd_geometric:010,OGLE-LMC-CEP-0009,1,derd_geometric,2.0,2.8123791433914636,['RESIDUE_PHASE_CONSTRAINT_WEAK'],development
N2.000:OGLE-LMC-CEP-0009:derd_geometric:011,OGLE-LMC-CEP-0009,1,derd_geometric,2.0,2.7591530874948473,['RESIDUE_SIGN_CONSTRAINT_FAILED'],development
N2.000:OGLE-LMC-CEP-0009:generic_fourier:000,OGLE-LMC-CEP-0009,0,generic_fourier,2.0,19.24299381941866,"['ROOT_OUTSIDE_PHYSICAL_Q_DOMAIN', 'RESIDUE_PHASE_CONSTRAINT_WEAK', 'AMPLITUDE_RATIO_EXTREME']",development
N2.000:OGLE-LMC-CEP-0009:phase_scrambled_derd:001,OGLE-LMC-CEP-0009,0,phase_scrambled_derd,2.0,10.478813604094487,"['ROOT_OUTSIDE_PHYSICAL_Q_DOMAIN', 'RESIDUE_PHASE_CONSTRAINT_WEAK']",holdout
N2.000:OGLE-LMC-CEP-0009:generic_fourier:002,OGLE-LMC-CEP-0009,0,generic_fourier,2.0,7.149628437921428,"['ROOT_OUTSIDE_PHYSICAL_Q_DOMAIN', 'RESIDUE_SIGN_CONSTRAINT_FAILED', 'RESIDUE_PHASE_CONSTRAINT_WEAK', 'AMPLITUDE_RATIO_EXTREME']",holdout
N2.000:OGLE-LMC-CEP-0009:phase_scrambled_derd:003,OGLE-LMC-CEP-0009,0,phase_scrambled_derd,2.0,3.8228882088312472,"['ROOT_OUTSIDE_PHYSICAL_Q_DOMAIN', 'RESIDUE_SIGN_CONSTRAINT_FAILED', 'RESIDUE_PHASE_CONSTRAINT_WEAK', 'AMPLITUDE_RATIO_EXTREME']",development
N2.000:OGLE-LMC-CEP-0009:generic_fourier:004,OGLE-LMC-CEP-0009,0,generic_fourier,2.0,1.957235229130831,"['RESIDUE_SIGN_CONSTRAINT_FAILED', 'RESIDUE_PHASE_CONSTRAINT_WEAK']",development
N2.000:OGLE-LMC-CEP-0009:phase_scrambled_derd:005,OGLE-LMC-CEP-0009,0,phase_scrambled_derd,2.0,1.929234653018304,['RESIDUE_PHASE_CONSTRAINT_WEAK'],development
N2.000:OGLE-LMC-CEP-0009:generic_fourier:006,OGLE-LMC-CEP-0009,0,generic_fourier,2.0,2.727466366716233,"['RESIDUE_SIGN_CONSTRAINT_FAILED', 'RESIDUE_PHASE_CONSTRAINT_WEAK']",holdout
N2.000:OGLE-LMC-CEP-0009:phase_scrambled_derd:007,OGLE-LMC-CEP-0009,0,phase_scrambled_derd,2.0,5.173596623480235,"['ROOT_OUTSIDE_PHYSICAL_Q_DOMAIN', 'RESIDUE_SIGN_CONSTRAINT_FAILED', 'RESIDUE_PHASE_CONSTRAINT_WEAK', 'AMPLITUDE_RATIO_EXTREME']",holdout
N2.000:OGLE-LMC-CEP-0009:generic_fourier:008,OGLE-LMC-CEP-0009,0,generic_fourier,2.0,9.255575628510181,"['ROOT_OUTSIDE_PHYSICAL_Q_DOMAIN', 'RESIDUE_SIGN_CONSTRAINT_FAILED', 'RESIDUE_PHASE_CONSTRAINT_WEAK', 'AMPLITUDE_RATIO_EXTREME']",holdout
N2.000:OGLE-LMC-CEP-0009:phase_scrambled_derd:009,OGLE-LMC-CEP-0009,0,phase_scrambled_derd,2.0,4.707788159563263,"['ROOT_OUTSIDE_PHYSICAL_Q_DOMAIN', 'RESIDUE_SIGN_CONSTRAINT_FAILED', 'RESIDUE_PHASE_CONSTRAINT_WEAK', 'AMPLITUDE_RATIO_EXTREME']",development
N2.000:OGLE-LMC-CEP-0009:generic_fourier:010,OGLE-LMC-CEP-0009,0,generic_fourier,2.0,2.4837225186456617,['RESIDUE_PHASE_CONSTRAINT_WEAK'],development
N2.000:OGLE-LMC-CEP-0009:phase_scrambled_derd:011,OGLE-LMC-CEP-0009,0,phase_scrambled_derd,2.0,3.0969631702121005,"['RESIDUE_SIGN_CONSTRAINT_FAILED', 'RESIDUE_PHASE_CONSTRAINT_WEAK']",development
N2.000:OGLE-LMC-CEP-0010:derd_geometric:000,OGLE-LMC-CEP-0010,1,derd_geometric,2.0,5.907291931372925,"['ROOT_OUTSIDE_PHYSICAL_Q_DOMAIN', 'RESIDUE_SIGN_CONSTRAINT_FAILED', 'RESIDUE_PHASE_CONSTRAINT_WEAK', 'AMPLITUDE_RATIO_EXTREME']",holdout
N2.000:OGLE-LMC-CEP-0010:derd_geometric:001,OGLE-LMC-CEP-0010,1,derd_geometric,2.0,2.1691563076669107,"['RESIDUE_SIGN_CONSTRAINT_FAILED', 'RESIDUE_PHASE_CONSTRAINT_WEAK']",development
N2.000:OGLE-LMC-CEP-0010:derd_geometric:002,OGLE-LMC-CEP-0010,1,derd_geometric,2.0,2.0004799223950736,['RESIDUE_SIGN_CONSTRAINT_FAILED'],development
N2.000:OGLE-LMC-CEP-0010:derd_geometric:003,OGLE-LMC-CEP-0010,1,derd_geometric,2.0,1.5894270981459466,['RESIDUE_PHASE_CONSTRAINT_WEAK'],development
N2.000:OGLE-LMC-CEP-0010:derd_geometric:004,OGLE-LMC-CEP-0010,1,derd_geometric,2.0,4.957129482484509,"['ROOT_OUTSIDE_PHYSICAL_Q_DOMAIN', 'RESIDUE_SIGN_CONSTRAINT_FAILED', 'RESIDUE_PHASE_CONSTRAINT_WEAK', 'AMPLITUDE_RATIO_EXTREME']",holdout
N2.000:OGLE-LMC-CEP-0010:derd_geometric:005,OGLE-LMC-CEP-0010,1,derd_geometric,2.0,4.4519880414663,"['ROOT_OUTSIDE_PHYSICAL_Q_DOMAIN', 'RESIDUE_PHASE_CONSTRAINT_WEAK', 'AMPLITUDE_RATIO_EXTREME']",holdout
N2.000:OGLE-LMC-CEP-0010:derd_geometric:006,OGLE-LMC-CEP-0010,1,derd_geometric,2.0,4.244670317132918,"['ROOT_OUTSIDE_PHYSICAL_Q_DOMAIN', 'RESIDUE_SIGN_CONSTRAINT_FAILED', 'RESIDUE_PHASE_CONSTRAINT_WEAK', 'AMPLITUDE_RATIO_EXTREME']",holdout
N2.000:OGLE-LMC-CEP-0010:derd_geometric:007,OGLE-LMC-CEP-0010,1,derd_geometric,2.0,2.1187224673306653,"['RESIDUE_SIGN_CONSTRAINT_FAILED', 'RESIDUE_PHASE_CONSTRAINT_WEAK']",holdout
N2.000:OGLE-LMC-CEP-0010:derd_geometric:008,OGLE-LMC-CEP-0010,1,derd_geometric,2.0,1.7191190253521789,['RESIDUE_PHASE_CONSTRAINT_WEAK'],holdout
N2.000:OGLE-LMC-CEP-0010:derd_geometric:009,OGLE-LMC-CEP-0010,1,derd_geometric,2.0,1.7195611600946479,['RESIDUE_PHASE_CONSTRAINT_WEAK'],development
N2.000:OGLE-LMC-CEP-0010:derd_geometric:010,OGLE-LMC-CEP-0010,1,derd_geometric,2.0,12.70405185356683,"['ROOT_OUTSIDE_PHYSICAL_Q_DOMAIN', 'RESIDUE_SIGN_CONSTRAINT_FAILED', 'RESIDUE_PHASE_CONSTRAINT_WEAK', 'AMPLITUDE_RATIO_EXTREME']",development
N2.000:OGLE-LMC-CEP-0010:derd_geometric:011,OGLE-LMC-CEP-0010,1,derd_geometric,2.0,2.2891907627508976,"['RESIDUE_SIGN_CONSTRAINT_FAILED', 'RESIDUE_PHASE_CONSTRAINT_WEAK']",development
N2.000:OGLE-LMC-CEP-0010:generic_fourier:000,OGLE-LMC-CEP-0010,0,generic_fourier,2.0,8.645647162643547,"['ROOT_OUTSIDE_PHYSICAL_Q_DOMAIN', 'RESIDUE_PHASE_CONSTRAINT_WEAK', 'AMPLITUDE_RATIO_EXTREME']",development
N2.000:OGLE-LMC-CEP-0010:phase_scrambled_derd:001,OGLE-LMC-CEP-0010,0,phase_scrambled_derd,2.0,2.8563412462934696,"['RESIDUE_SIGN_CONSTRAINT_FAILED', 'RESIDUE_PHASE_CONSTRAINT_WEAK']",development
N2.000:OGLE-LMC-CEP-0010:generic_fourier:002,OGLE-LMC-CEP-0010,0,generic_fourier,2.0,6.652943110914683,"['ROOT_OUTSIDE_PHYSICAL_Q_DOMAIN', 'RESIDUE_PHASE_CONSTRAINT_WEAK', 'AMPLITUDE_RATIO_EXTREME']",holdout
N2.000:OGLE-LMC-CEP-0010:phase_scrambled_derd:003,OGLE-LMC-CEP-0010,0,phase_scrambled_derd,2.0,2.6315860986734783,"['RESIDUE_SIGN_CONSTRAINT_FAILED', 'RESIDUE_PHASE_CONSTRAINT_WEAK']",development
N2.000:OGLE-LMC-CEP-0010:generic_fourier:004,OGLE-LMC-CEP-0010,0,generic_fourier,2.0,2.5770257506505327,['RESIDUE_PHASE_CONSTRAINT_WEAK'],holdout
N2.000:OGLE-LMC-CEP-0010:phase_scrambled_derd:005,OGLE-LMC-CEP-0010,0,phase_scrambled_derd,2.0,1.5926011346165976,['RESIDUE_PHASE_CONSTRAINT_WEAK'],development
N2.000:OGLE-LMC-CEP-0010:generic_fourier:006,OGLE-LMC-CEP-0010,0,generic_fourier,2.0,2.435446582989021,['RESIDUE_PHASE_CONSTRAINT_WEAK'],development
N2.000:OGLE-LMC-CEP-0010:phase_scrambled_derd:007,OGLE-LMC-CEP-0010,0,phase_scrambled_derd,2.0,2.1075185964698466,"['RESIDUE_SIGN_CONSTRAINT_FAILED', 'RESIDUE_PHASE_CONSTRAINT_WEAK']",development
N2.000:OGLE-LMC-CEP-0010:generic_fourier:008,OGLE-LMC-CEP-0010,0,generic_fourier,2.0,2.2547991890327905,['RESIDUE_PHASE_CONSTRAINT_WEAK'],development
N2.000:OGLE-LMC-CEP-0010:phase_scrambled_derd:009,OGLE-LMC-CEP-0010,0,phase_scrambled_derd,2.0,1.931474029683576,['RESIDUE_PHASE_CONSTRAINT_WEAK'],development
N2.000:OGLE-LMC-CEP-0010:generic_fourier:010,OGLE-LMC-CEP-0010,0,generic_fourier,2.0,2.869518108926945,"['RESIDUE_SIGN_CONSTRAINT_FAILED', 'RESIDUE_PHASE_CONSTRAINT_WEAK']",development
N2.000:OGLE-LMC-CEP-0010:phase_scrambled_derd:011,OGLE-LMC-CEP-0010,0,phase_scrambled_derd,2.0,5.03164127143796,"['ROOT_OUTSIDE_PHYSICAL_Q_DOMAIN', 'RESIDUE_PHASE_CONSTRAINT_WEAK', 'AMPLITUDE_RATIO_EXTREME']",development
N2.000:OGLE-LMC-CEP-0012:derd_geometric:000,OGLE-LMC-CEP-0012,1,derd_geometric,2.0,1.6458453420484316,['RESIDUE_PHASE_CONSTRAINT_WEAK'],development
N2.000:OGLE-LMC-CEP-0012:derd_geometric:001,OGLE-LMC-CEP-0012,1,derd_geometric,2.0,10.110609439359322,"['ROOT_OUTSIDE_PHYSICAL_Q_DOMAIN', 'RESIDUE_SIGN_CONSTRAINT_FAILED', 'RESIDUE_PHASE_CONSTRAINT_WEAK', 'AMPLITUDE_RATIO_EXTREME']",development
N2.000:OGLE-LMC-CEP-0012:derd_geometric:002,OGLE-LMC-CEP-0012,1,derd_geometric,2.0,17.62065661944048,"['ROOT_OUTSIDE_PHYSICAL_Q_DOMAIN', 'RESIDUE_PHASE_CONSTRAINT_WEAK', 'AMPLITUDE_RATIO_EXTREME']",holdout
N2.000:OGLE-LMC-CEP-0012:derd_geometric:003,OGLE-LMC-CEP-0012,1,derd_geometric,2.0,6.109284634386911,"['ROOT_OUTSIDE_PHYSICAL_Q_DOMAIN', 'RESIDUE_PHASE_CONSTRAINT_WEAK', 'AMPLITUDE_RATIO_EXTREME']",development
N2.000:OGLE-LMC-CEP-0012:derd_geometric:004,OGLE-LMC-CEP-0012,1,derd_geometric,2.0,2.726787520918904,"['RESIDUE_SIGN_CONSTRAINT_FAILED', 'RESIDUE_PHASE_CONSTRAINT_WEAK']",development
N2.000:OGLE-LMC-CEP-0012:derd_geometric:005,OGLE-LMC-CEP-0012,1,derd_geometric,2.0,1.0624286933985339,['RESIDUE_PHASE_CONSTRAINT_WEAK'],holdout
N2.000:OGLE-LMC-CEP-0012:derd_geometric:006,OGLE-LMC-CEP-0012,1,derd_geometric,2.0,2.7970600856589787,"['RESIDUE_SIGN_CONSTRAINT_FAILED', 'RESIDUE_PHASE_CONSTRAINT_WEAK']",development
N2.000:OGLE-LMC-CEP-0012:derd_geometric:007,OGLE-LMC-CEP-0012,1,derd_geometric,2.0,3.221295600049456,"['RESIDUE_SIGN_CONSTRAINT_FAILED', 'RESIDUE_PHASE_CONSTRAINT_WEAK']",development
N2.000:OGLE-LMC-CEP-0012:derd_geometric:008,OGLE-LMC-CEP-0012,1,derd_geometric,2.0,12.36561663233664,"['ROOT_OUTSIDE_PHYSICAL_Q_DOMAIN', 'RESIDUE_SIGN_CONSTRAINT_FAILED', 'RESIDUE_PHASE_CONSTRAINT_WEAK', 'AMPLITUDE_RATIO_EXTREME']",development
N2.000:OGLE-LMC-CEP-0012:derd_geometric:009,OGLE-LMC-CEP-0012,1,derd_geometric,2.0,32.54749109539525,"['ROOT_OUTSIDE_PHYSICAL_Q_DOMAIN', 'RESIDUE_SIGN_CONSTRAINT_FAILED', 'RESIDUE_PHASE_CONSTRAINT_WEAK', 'AMPLITUDE_RATIO_EXTREME']",holdout
N2.000:OGLE-LMC-CEP-0012:derd_geometric:010,OGLE-LMC-CEP-0012,1,derd_geometric,2.0,10.669431912930897,"['ROOT_OUTSIDE_PHYSICAL_Q_DOMAIN', 'RESIDUE_SIGN_CONSTRAINT_FAILED', 'RESIDUE_PHASE_CONSTRAINT_WEAK', 'AMPLITUDE_RATIO_EXTREME']",development
N2.000:OGLE-LMC-CEP-0012:derd_geometric:011,OGLE-LMC-CEP-0012,1,derd_geometric,2.0,8.209699754013903,"['ROOT_OUTSIDE_PHYSICAL_Q_DOMAIN', 'RESIDUE_PHASE_CONSTRAINT_WEAK', 'AMPLITUDE_RATIO_EXTREME']",development
N2.000:OGLE-LMC-CEP-0012:generic_fourier:000,OGLE-LMC-CEP-0012,0,generic_fourier,2.0,21.61431865235802,"['ROOT_OUTSIDE_PHYSICAL_Q_DOMAIN', 'RESIDUE_SIGN_CONSTRAINT_FAILED', 'RESIDUE_PHASE_CONSTRAINT_WEAK', 'AMPLITUDE_RATIO_EXTREME']",development
N2.000:OGLE-LMC-CEP-0012:phase_scrambled_derd:001,OGLE-LMC-CEP-0012,0,phase_scrambled_derd,2.0,5.20641172185289,"['ROOT_OUTSIDE_PHYSICAL_Q_DOMAIN', 'RESIDUE_PHASE_CONSTRAINT_WEAK', 'AMPLITUDE_RATIO_EXTREME']",development
N2.000:OGLE-LMC-CEP-0012:generic_fourier:002,OGLE-LMC-CEP-0012,0,generic_fourier,2.0,2.2301796859162044,['RESIDUE_PHASE_CONSTRAINT_WEAK'],development
N2.000:OGLE-LMC-CEP-0012:phase_scrambled_derd:003,OGLE-LMC-CEP-0012,0,phase_scrambled_derd,2.0,2.1675499158375024,['RESIDUE_PHASE_CONSTRAINT_WEAK'],development
N2.000:OGLE-LMC-CEP-0012:generic_fourier:004,OGLE-LMC-CEP-0012,0,generic_fourier,2.0,1.2244832293245205,[],development
N2.000:OGLE-LMC-CEP-0012:phase_scrambled_derd:005,OGLE-LMC-CEP-0012,0,phase_scrambled_derd,2.0,2.8570404574980524,"['RESIDUE_SIGN_CONSTRAINT_FAILED', 'RESIDUE_PHASE_CONSTRAINT_WEAK']",holdout
N2.000:OGLE-LMC-CEP-0012:generic_fourier:006,OGLE-LMC-CEP-0012,0,generic_fourier,2.0,6.828985746866783,"['ROOT_OUTSIDE_PHYSICAL_Q_DOMAIN', 'RESIDUE_PHASE_CONSTRAINT_WEAK', 'AMPLITUDE_RATIO_EXTREME']",development
N2.000:OGLE-LMC-CEP-0012:phase_scrambled_derd:007,OGLE-LMC-CEP-0012,0,phase_scrambled_derd,2.0,1.9287149361136053,['RESIDUE_PHASE_CONSTRAINT_WEAK'],development
N2.000:OGLE-LMC-CEP-0012:generic_fourier:008,OGLE-LMC-CEP-0012,0,generic_fourier,2.0,2.994448843084618,"['RESIDUE_SIGN_CONSTRAINT_FAILED', 'RESIDUE_PHASE_CONSTRAINT_WEAK']",development
N2.000:OGLE-LMC-CEP-0012:phase_scrambled_derd:009,OGLE-LMC-CEP-0012,0,phase_scrambled_derd,2.0,11.54803917927757,"['ROOT_OUTSIDE_PHYSICAL_Q_DOMAIN', 'RESIDUE_SIGN_CONSTRAINT_FAILED', 'RESIDUE_PHASE_CONSTRAINT_WEAK', 'AMPLITUDE_RATIO_EXTREME']",holdout
N2.000:OGLE-LMC-CEP-0012:generic_fourier:010,OGLE-LMC-CEP-0012,0,generic_fourier,2.0,5.454867533891462,"['ROOT_OUTSIDE_PHYSICAL_Q_DOMAIN', 'RESIDUE_PHASE_CONSTRAINT_WEAK', 'AMPLITUDE_RATIO_EXTREME']",development
N2.000:OGLE-LMC-CEP-0012:phase_scrambled_derd:011,OGLE-LMC-CEP-0012,0,phase_scrambled_derd,2.0,2.6741934235200633,"['RESIDUE_SIGN_CONSTRAINT_FAILED', 'RESIDUE_PHASE_CONSTRAINT_WEAK']",holdout
N2.000:OGLE-LMC-CEP-0013:derd_geometric:000,OGLE-LMC-CEP-0013,1,derd_geometric,2.0,1.5192830814205738,['RESIDUE_PHASE_CONSTRAINT_WEAK'],holdout
N2.000:OGLE-LMC-CEP-0013:derd_geometric:001,OGLE-LMC-CEP-0013,1,derd_geometric,2.0,2.270959043000147,['RESIDUE_PHASE_CONSTRAINT_WEAK'],development
N2.000:OGLE-LMC-CEP-0013:derd_geometric:002,OGLE-LMC-CEP-0013,1,derd_geometric,2.0,4.581160144924282,"['ROOT_OUTSIDE_PHYSICAL_Q_DOMAIN', 'RESIDUE_PHASE_CONSTRAINT_WEAK', 'AMPLITUDE_RATIO_EXTREME']",development
N2.000:OGLE-LMC-CEP-0013:derd_geometric:003,OGLE-LMC-CEP-0013,1,derd_geometric,2.0,1.5369361715546637,['RESIDUE_PHASE_CONSTRAINT_WEAK'],holdout
N2.000:OGLE-LMC-CEP-0013:derd_geometric:004,OGLE-LMC-CEP-0013,1,derd_geometric,2.0,0.884596103579677,['RESIDUE_PHASE_CONSTRAINT_WEAK'],development
N2.000:OGLE-LMC-CEP-0013:derd_geometric:005,OGLE-LMC-CEP-0013,1,derd_geometric,2.0,6.207195614651663,"['ROOT_OUTSIDE_PHYSICAL_Q_DOMAIN', 'RESIDUE_SIGN_CONSTRAINT_FAILED', 'RESIDUE_PHASE_CONSTRAINT_WEAK', 'AMPLITUDE_RATIO_EXTREME']",development
N2.000:OGLE-LMC-CEP-0013:derd_geometric:006,OGLE-LMC-CEP-0013,1,derd_geometric,2.0,5.209750692554666,"['ROOT_OUTSIDE_PHYSICAL_Q_DOMAIN', 'RESIDUE_SIGN_CONSTRAINT_FAILED', 'RESIDUE_PHASE_CONSTRAINT_WEAK', 'AMPLITUDE_RATIO_EXTREME']",development
N2.000:OGLE-LMC-CEP-0013:derd_geometric:007,OGLE-LMC-CEP-0013,1,derd_geometric,2.0,5.072657929068013,"['ROOT_OUTSIDE_PHYSICAL_Q_DOMAIN', 'RESIDUE_SIGN_CONSTRAINT_FAILED', 'RESIDUE_PHASE_CONSTRAINT_WEAK', 'AMPLITUDE_RATIO_EXTREME']",development
N2.000:OGLE-LMC-CEP-0013:derd_geometric:008,OGLE-LMC-CEP-0013,1,derd_geometric,2.0,1.6029514876077648,['RESIDUE_PHASE_CONSTRAINT_WEAK'],development
N2.000:OGLE-LMC-CEP-0013:derd_geometric:009,OGLE-LMC-CEP-0013,1,derd_geometric,2.0,2.856641954316271,"['RESIDUE_SIGN_CONSTRAINT_FAILED', 'RESIDUE_PHASE_CONSTRAINT_WEAK']",development
N2.000:OGLE-LMC-CEP-0013:derd_geometric:010,OGLE-LMC-CEP-0013,1,derd_geometric,2.0,2.2942474401345168,['RESIDUE_PHASE_CONSTRAINT_WEAK'],development
N2.000:OGLE-LMC-CEP-0013:derd_geometric:011,OGLE-LMC-CEP-0013,1,derd_geometric,2.0,4.6436924947423694,"['ROOT_OUTSIDE_PHYSICAL_Q_DOMAIN', 'RESIDUE_PHASE_CONSTRAINT_WEAK', 'AMPLITUDE_RATIO_EXTREME']",development
N2.000:OGLE-LMC-CEP-0013:generic_fourier:000,OGLE-LMC-CEP-0013,0,generic_fourier,2.0,6.740479755061002,"['ROOT_OUTSIDE_PHYSICAL_Q_DOMAIN', 'RESIDUE_PHASE_CONSTRAINT_WEAK', 'AMPLITUDE_RATIO_EXTREME']",development
N2.000:OGLE-LMC-CEP-0013:phase_scrambled_derd:001,OGLE-LMC-CEP-0013,0,phase_scrambled_derd,2.0,8.09441516136832,"['ROOT_OUTSIDE_PHYSICAL_Q_DOMAIN', 'RESIDUE_SIGN_CONSTRAINT_FAILED', 'RESIDUE_PHASE_CONSTRAINT_WEAK', 'AMPLITUDE_RATIO_EXTREME']",development
N2.000:OGLE-LMC-CEP-0013:generic_fourier:002,OGLE-LMC-CEP-0013,0,generic_fourier,2.0,2.3509115157189986,['RESIDUE_PHASE_CONSTRAINT_WEAK'],holdout
N2.000:OGLE-LMC-CEP-0013:phase_scrambled_derd:003,OGLE-LMC-CEP-0013,0,phase_scrambled_derd,2.0,13.0629411893511,"['ROOT_OUTSIDE_PHYSICAL_Q_DOMAIN', 'RESIDUE_PHASE_CONSTRAINT_WEAK', 'AMPLITUDE_RATIO_EXTREME']",development
N2.000:OGLE-LMC-CEP-0013:generic_fourier:004,OGLE-LMC-CEP-0013,0,generic_fourier,2.0,4.936407475822081,"['ROOT_OUTSIDE_PHYSICAL_Q_DOMAIN', 'RESIDUE_PHASE_CONSTRAINT_WEAK', 'AMPLITUDE_RATIO_EXTREME']",development
N2.000:OGLE-LMC-CEP-0013:phase_scrambled_derd:005,OGLE-LMC-CEP-0013,0,phase_scrambled_derd,2.0,4.7082688889008475,"['ROOT_OUTSIDE_PHYSICAL_Q_DOMAIN', 'RESIDUE_SIGN_CONSTRAINT_FAILED', 'RESIDUE_PHASE_CONSTRAINT_WEAK', 'AMPLITUDE_RATIO_EXTREME']",development
N2.000:OGLE-LMC-CEP-0013:generic_fourier:006,OGLE-LMC-CEP-0013,0,generic_fourier,2.0,5.298926218312376,"['ROOT_OUTSIDE_PHYSICAL_Q_DOMAIN', 'RESIDUE_SIGN_CONSTRAINT_FAILED', 'RESIDUE_PHASE_CONSTRAINT_WEAK']",development
N2.000:OGLE-LMC-CEP-0013:phase_scrambled_derd:007,OGLE-LMC-CEP-0013,0,phase_scrambled_derd,2.0,6.11428339372137,"['ROOT_OUTSIDE_PHYSICAL_Q_DOMAIN', 'RESIDUE_SIGN_CONSTRAINT_FAILED', 'RESIDUE_PHASE_CONSTRAINT_WEAK', 'AMPLITUDE_RATIO_EXTREME']",development
N2.000:OGLE-LMC-CEP-0013:generic_fourier:008,OGLE-LMC-CEP-0013,0,generic_fourier,2.0,2.7030787172085606,"['RESIDUE_SIGN_CONSTRAINT_FAILED', 'RESIDUE_PHASE_CONSTRAINT_WEAK']",development
N2.000:OGLE-LMC-CEP-0013:phase_scrambled_derd:009,OGLE-LMC-CEP-0013,0,phase_scrambled_derd,2.0,9.64989732266402,"['ROOT_OUTSIDE_PHYSICAL_Q_DOMAIN', 'RESIDUE_PHASE_CONSTRAINT_WEAK', 'AMPLITUDE_RATIO_EXTREME']",development
N2.000:OGLE-LMC-CEP-0013:generic_fourier:010,OGLE-LMC-CEP-0013,0,generic_fourier,2.0,1.219662009004157,['RESIDUE_PHASE_CONSTRAINT_WEAK'],development
N2.000:OGLE-LMC-CEP-0013:phase_scrambled_derd:011,OGLE-LMC-CEP-0013,0,phase_scrambled_derd,2.0,2.934642585484815,"['RESIDUE_SIGN_CONSTRAINT_FAILED', 'RESIDUE_PHASE_CONSTRAINT_WEAK']",development
N2.000:OGLE-LMC-CEP-0014:derd_geometric:000,OGLE-LMC-CEP-0014,1,derd_geometric,2.0,35.87060489614136,"['ROOT_OUTSIDE_PHYSICAL_Q_DOMAIN', 'RESIDUE_SIGN_CONSTRAINT_FAILED', 'RESIDUE_PHASE_CONSTRAINT_WEAK', 'AMPLITUDE_RATIO_EXTREME']",development
N2.000:OGLE-LMC-CEP-0014:derd_geometric:001,OGLE-LMC-CEP-0014,1,derd_geometric,2.0,5.049078267455764,"['ROOT_OUTSIDE_PHYSICAL_Q_DOMAIN', 'RESIDUE_SIGN_CONSTRAINT_FAILED', 'RESIDUE_PHASE_CONSTRAINT_WEAK', 'AMPLITUDE_RATIO_EXTREME']",holdout
N2.000:OGLE-LMC-CEP-0014:derd_geometric:002,OGLE-LMC-CEP-0014,1,derd_geometric,2.0,2.444438362613908,['RESIDUE_PHASE_CONSTRAINT_WEAK'],holdout
N2.000:OGLE-LMC-CEP-0014:derd_geometric:003,OGLE-LMC-CEP-0014,1,derd_geometric,2.0,9.2153396865914,['ROOT_OUTSIDE_PHYSICAL_Q_DOMAIN'],development
N2.000:OGLE-LMC-CEP-0014:derd_geometric:004,OGLE-LMC-CEP-0014,1,derd_geometric,2.0,6.922959530112894,"['ROOT_OUTSIDE_PHYSICAL_Q_DOMAIN', 'RESIDUE_SIGN_CONSTRAINT_FAILED', 'RESIDUE_PHASE_CONSTRAINT_WEAK', 'AMPLITUDE_RATIO_EXTREME']",development
N2.000:OGLE-LMC-CEP-0014:derd_geometric:005,OGLE-LMC-CEP-0014,1,derd_geometric,2.0,8.857082425497241,"['ROOT_OUTSIDE_PHYSICAL_Q_DOMAIN', 'RESIDUE_SIGN_CONSTRAINT_FAILED', 'AMPLITUDE_RATIO_EXTREME']",development
N2.000:OGLE-LMC-CEP-0014:derd_geometric:006,OGLE-LMC-CEP-0014,1,derd_geometric,2.0,8.042321520069088,"['ROOT_OUTSIDE_PHYSICAL_Q_DOMAIN', 'RESIDUE_PHASE_CONSTRAINT_WEAK', 'AMPLITUDE_RATIO_EXTREME']",development
N2.000:OGLE-LMC-CEP-0014:derd_geometric:007,OGLE-LMC-CEP-0014,1,derd_geometric,2.0,4.242266984306511,"['ROOT_OUTSIDE_PHYSICAL_Q_DOMAIN', 'RESIDUE_PHASE_CONSTRAINT_WEAK', 'AMPLITUDE_RATIO_EXTREME']",holdout
N2.000:OGLE-LMC-CEP-0014:derd_geometric:008,OGLE-LMC-CEP-0014,1,derd_geometric,2.0,2.2425046207563204,['RESIDUE_PHASE_CONSTRAINT_WEAK'],development
N2.000:OGLE-LMC-CEP-0014:derd_geometric:009,OGLE-LMC-CEP-0014,1,derd_geometric,2.0,2.0052643734761673,"['RESIDUE_SIGN_CONSTRAINT_FAILED', 'RESIDUE_PHASE_CONSTRAINT_WEAK']",development
N2.000:OGLE-LMC-CEP-0014:derd_geometric:010,OGLE-LMC-CEP-0014,1,derd_geometric,2.0,2.253394205155524,"['RESIDUE_SIGN_CONSTRAINT_FAILED', 'RESIDUE_PHASE_CONSTRAINT_WEAK']",holdout
N2.000:OGLE-LMC-CEP-0014:derd_geometric:011,OGLE-LMC-CEP-0014,1,derd_geometric,2.0,22.739040686946257,"['ROOT_OUTSIDE_PHYSICAL_Q_DOMAIN', 'RESIDUE_PHASE_CONSTRAINT_WEAK', 'AMPLITUDE_RATIO_EXTREME']",development
N2.000:OGLE-LMC-CEP-0014:generic_fourier:000,OGLE-LMC-CEP-0014,0,generic_fourier,2.0,7.82949827923182,"['ROOT_OUTSIDE_PHYSICAL_Q_DOMAIN', 'RESIDUE_SIGN_CONSTRAINT_FAILED', 'RESIDUE_PHASE_CONSTRAINT_WEAK', 'AMPLITUDE_RATIO_EXTREME']",development
N2.000:OGLE-LMC-CEP-0014:phase_scrambled_derd:001,OGLE-LMC-CEP-0014,0,phase_scrambled_derd,2.0,6.208151851051737,"['ROOT_OUTSIDE_PHYSICAL_Q_DOMAIN', 'RESIDUE_SIGN_CONSTRAINT_FAILED', 'RESIDUE_PHASE_CONSTRAINT_WEAK']",development
N2.000:OGLE-LMC-CEP-0014:generic_fourier:002,OGLE-LMC-CEP-0014,0,generic_fourier,2.0,2.7488482569305206,"['RESIDUE_SIGN_CONSTRAINT_FAILED', 'RESIDUE_PHASE_CONSTRAINT_WEAK']",development
N2.000:OGLE-LMC-CEP-0014:phase_scrambled_derd:003,OGLE-LMC-CEP-0014,0,phase_scrambled_derd,2.0,10.278825775058829,"['ROOT_OUTSIDE_PHYSICAL_Q_DOMAIN', 'RESIDUE_PHASE_CONSTRAINT_WEAK', 'AMPLITUDE_RATIO_EXTREME']",development
N2.000:OGLE-LMC-CEP-0014:generic_fourier:004,OGLE-LMC-CEP-0014,0,generic_fourier,2.0,7.28011209861403,"['ROOT_OUTSIDE_PHYSICAL_Q_DOMAIN', 'RESIDUE_SIGN_CONSTRAINT_FAILED', 'RESIDUE_PHASE_CONSTRAINT_WEAK', 'AMPLITUDE_RATIO_EXTREME']",development
N2.000:OGLE-LMC-CEP-0014:phase_scrambled_derd:005,OGLE-LMC-CEP-0014,0,phase_scrambled_derd,2.0,4.28979049476004,"['ROOT_OUTSIDE_PHYSICAL_Q_DOMAIN', 'RESIDUE_SIGN_CONSTRAINT_FAILED', 'RESIDUE_PHASE_CONSTRAINT_WEAK', 'AMPLITUDE_RATIO_EXTREME']",development
N2.000:OGLE-LMC-CEP-0014:generic_fourier:006,OGLE-LMC-CEP-0014,0,generic_fourier,2.0,4.5061467970128835,"['ROOT_OUTSIDE_PHYSICAL_Q_DOMAIN', 'RESIDUE_SIGN_CONSTRAINT_FAILED', 'RESIDUE_PHASE_CONSTRAINT_WEAK', 'AMPLITUDE_RATIO_EXTREME']",development
N2.000:OGLE-LMC-CEP-0014:phase_scrambled_derd:007,OGLE-LMC-CEP-0014,0,phase_scrambled_derd,2.0,1.993628354799102,['RESIDUE_PHASE_CONSTRAINT_WEAK'],development
N2.000:OGLE-LMC-CEP-0014:generic_fourier:008,OGLE-LMC-CEP-0014,0,generic_fourier,2.0,9.082994520395154,"['ROOT_OUTSIDE_PHYSICAL_Q_DOMAIN', 'RESIDUE_SIGN_CONSTRAINT_FAILED', 'RESIDUE_PHASE_CONSTRAINT_WEAK', 'AMPLITUDE_RATIO_EXTREME']",holdout
N2.000:OGLE-LMC-CEP-0014:phase_scrambled_derd:009,OGLE-LMC-CEP-0014,0,phase_scrambled_derd,2.0,4.297371973837851,"['ROOT_OUTSIDE_PHYSICAL_Q_DOMAIN', 'RESIDUE_PHASE_CONSTRAINT_WEAK', 'AMPLITUDE_RATIO_EXTREME']",development
N2.000:OGLE-LMC-CEP-0014:generic_fourier:010,OGLE-LMC-CEP-0014,0,generic_fourier,2.0,15.7563997843752,"['ROOT_OUTSIDE_PHYSICAL_Q_DOMAIN', 'RESIDUE_PHASE_CONSTRAINT_WEAK', 'AMPLITUDE_RATIO_EXTREME']",development
N2.000:OGLE-LMC-CEP-0014:phase_scrambled_derd:011,OGLE-LMC-CEP-0014,0,phase_scrambled_derd,2.0,4.740361963729259,"['ROOT_OUTSIDE_PHYSICAL_Q_DOMAIN', 'RESIDUE_SIGN_CONSTRAINT_FAILED', 'RESIDUE_PHASE_CONSTRAINT_WEAK', 'AMPLITUDE_RATIO_EXTREME']",holdout
N2.000:OGLE-LMC-CEP-0015:derd_geometric:000,OGLE-LMC-CEP-0015,1,derd_geometric,2.0,4.480457928219434,"['ROOT_OUTSIDE_PHYSICAL_Q_DOMAIN', 'RESIDUE_PHASE_CONSTRAINT_WEAK', 'AMPLITUDE_RATIO_EXTREME']",development
N2.000:OGLE-LMC-CEP-0015:derd_geometric:001,OGLE-LMC-CEP-0015,1,derd_geometric,2.0,1.8027902097655526,['RESIDUE_PHASE_CONSTRAINT_WEAK'],development
N2.000:OGLE-LMC-CEP-0015:derd_geometric:002,OGLE-LMC-CEP-0015,1,derd_geometric,2.0,3.963851863480737,"['ROOT_OUTSIDE_PHYSICAL_Q_DOMAIN', 'RESIDUE_SIGN_CONSTRAINT_FAILED', 'RESIDUE_PHASE_CONSTRAINT_WEAK', 'AMPLITUDE_RATIO_EXTREME']",development
N2.000:OGLE-LMC-CEP-0015:derd_geometric:003,OGLE-LMC-CEP-0015,1,derd_geometric,2.0,5.5483951011208275,"['ROOT_OUTSIDE_PHYSICAL_Q_DOMAIN', 'RESIDUE_SIGN_CONSTRAINT_FAILED', 'AMPLITUDE_RATIO_EXTREME']",development
N2.000:OGLE-LMC-CEP-0015:derd_geometric:004,OGLE-LMC-CEP-0015,1,derd_geometric,2.0,5.047529260847993,"['ROOT_OUTSIDE_PHYSICAL_Q_DOMAIN', 'RESIDUE_SIGN_CONSTRAINT_FAILED', 'RESIDUE_PHASE_CONSTRAINT_WEAK', 'AMPLITUDE_RATIO_EXTREME']",development
N2.000:OGLE-LMC-CEP-0015:derd_geometric:005,OGLE-LMC-CEP-0015,1,derd_geometric,2.0,3.7563786660521283,"['ROOT_OUTSIDE_PHYSICAL_Q_DOMAIN', 'RESIDUE_PHASE_CONSTRAINT_WEAK', 'AMPLITUDE_RATIO_EXTREME']",holdout
N2.000:OGLE-LMC-CEP-0015:derd_geometric:006,OGLE-LMC-CEP-0015,1,derd_geometric,2.0,2.860631210830512,"['RESIDUE_SIGN_CONSTRAINT_FAILED', 'RESIDUE_PHASE_CONSTRAINT_WEAK']",development
N2.000:OGLE-LMC-CEP-0015:derd_geometric:007,OGLE-LMC-CEP-0015,1,derd_geometric,2.0,8.517108710405324,"['ROOT_OUTSIDE_PHYSICAL_Q_DOMAIN', 'RESIDUE_PHASE_CONSTRAINT_WEAK', 'AMPLITUDE_RATIO_EXTREME']",development
N2.000:OGLE-LMC-CEP-0015:derd_geometric:008,OGLE-LMC-CEP-0015,1,derd_geometric,2.0,3.8572614591377268,"['ROOT_OUTSIDE_PHYSICAL_Q_DOMAIN', 'RESIDUE_SIGN_CONSTRAINT_FAILED', 'RESIDUE_PHASE_CONSTRAINT_WEAK', 'AMPLITUDE_RATIO_EXTREME']",development
N2.000:OGLE-LMC-CEP-0015:derd_geometric:009,OGLE-LMC-CEP-0015,1,derd_geometric,2.0,2.762107097413534,"['RESIDUE_SIGN_CONSTRAINT_FAILED', 'RESIDUE_PHASE_CONSTRAINT_WEAK']",development
N2.000:OGLE-LMC-CEP-0015:derd_geometric:010,OGLE-LMC-CEP-0015,1,derd_geometric,2.0,3.268556119154861,"['ROOT_OUTSIDE_PHYSICAL_Q_DOMAIN', 'RESIDUE_PHASE_CONSTRAINT_WEAK', 'AMPLITUDE_RATIO_EXTREME']",development
N2.000:OGLE-LMC-CEP-0015:derd_geometric:011,OGLE-LMC-CEP-0015,1,derd_geometric,2.0,2.892249483807734,"['RESIDUE_SIGN_CONSTRAINT_FAILED', 'RESIDUE_PHASE_CONSTRAINT_WEAK']",development
N2.000:OGLE-LMC-CEP-0015:generic_fourier:000,OGLE-LMC-CEP-0015,0,generic_fourier,2.0,6.511897555470886,"['ROOT_OUTSIDE_PHYSICAL_Q_DOMAIN', 'RESIDUE_SIGN_CONSTRAINT_FAILED', 'RESIDUE_PHASE_CONSTRAINT_WEAK', 'AMPLITUDE_RATIO_EXTREME']",development
N2.000:OGLE-LMC-CEP-0015:phase_scrambled_derd:001,OGLE-LMC-CEP-0015,0,phase_scrambled_derd,2.0,11.044319476631086,"['ROOT_OUTSIDE_PHYSICAL_Q_DOMAIN', 'RESIDUE_SIGN_CONSTRAINT_FAILED', 'RESIDUE_PHASE_CONSTRAINT_WEAK', 'AMPLITUDE_RATIO_EXTREME']",development
N2.000:OGLE-LMC-CEP-0015:generic_fourier:002,OGLE-LMC-CEP-0015,0,generic_fourier,2.0,4.647571352525963,"['ROOT_OUTSIDE_PHYSICAL_Q_DOMAIN', 'RESIDUE_PHASE_CONSTRAINT_WEAK', 'AMPLITUDE_RATIO_EXTREME']",development
N2.000:OGLE-LMC-CEP-0015:phase_scrambled_derd:003,OGLE-LMC-CEP-0015,0,phase_scrambled_derd,2.0,2.739312309164898,"['RESIDUE_SIGN_CONSTRAINT_FAILED', 'RESIDUE_PHASE_CONSTRAINT_WEAK']",development
N2.000:OGLE-LMC-CEP-0015:generic_fourier:004,OGLE-LMC-CEP-0015,0,generic_fourier,2.0,2.7884164530598365,"['RESIDUE_SIGN_CONSTRAINT_FAILED', 'RESIDUE_PHASE_CONSTRAINT_WEAK']",development
N2.000:OGLE-LMC-CEP-0015:phase_scrambled_derd:005,OGLE-LMC-CEP-0015,0,phase_scrambled_derd,2.0,4.7507984693830965,"['ROOT_OUTSIDE_PHYSICAL_Q_DOMAIN', 'RESIDUE_SIGN_CONSTRAINT_FAILED', 'RESIDUE_PHASE_CONSTRAINT_WEAK', 'AMPLITUDE_RATIO_EXTREME']",development
N2.000:OGLE-LMC-CEP-0015:generic_fourier:006,OGLE-LMC-CEP-0015,0,generic_fourier,2.0,2.70402535751427,"['RESIDUE_SIGN_CONSTRAINT_FAILED', 'RESIDUE_PHASE_CONSTRAINT_WEAK']",development
N2.000:OGLE-LMC-CEP-0015:phase_scrambled_derd:007,OGLE-LMC-CEP-0015,0,phase_scrambled_derd,2.0,2.907636181657771,"['RESIDUE_SIGN_CONSTRAINT_FAILED', 'RESIDUE_PHASE_CONSTRAINT_WEAK']",development
N2.000:OGLE-LMC-CEP-0015:generic_fourier:008,OGLE-LMC-CEP-0015,0,generic_fourier,2.0,2.8722943478036034,"['RESIDUE_SIGN_CONSTRAINT_FAILED', 'RESIDUE_PHASE_CONSTRAINT_WEAK']",holdout
N2.000:OGLE-LMC-CEP-0015:phase_scrambled_derd:009,OGLE-LMC-CEP-0015,0,phase_scrambled_derd,2.0,2.7761328762631865,"['RESIDUE_SIGN_CONSTRAINT_FAILED', 'RESIDUE_PHASE_CONSTRAINT_WEAK']",development
N2.000:OGLE-LMC-CEP-0015:generic_fourier:010,OGLE-LMC-CEP-0015,0,generic_fourier,2.0,2.1159699050855894,['RESIDUE_PHASE_CONSTRAINT_WEAK'],holdout
N2.000:OGLE-LMC-CEP-0015:phase_scrambled_derd:011,OGLE-LMC-CEP-0015,0,phase_scrambled_derd,2.0,3.044587405608578,"['RESIDUE_SIGN_CONSTRAINT_FAILED', 'RESIDUE_PHASE_CONSTRAINT_WEAK']",holdout
N2.000:OGLE-LMC-CEP-0017:derd_geometric:000,OGLE-LMC-CEP-0017,1,derd_geometric,2.0,2.8493736590768233,"['RESIDUE_SIGN_CONSTRAINT_FAILED', 'RESIDUE_PHASE_CONSTRAINT_WEAK']",development
N2.000:OGLE-LMC-CEP-0017:derd_geometric:001,OGLE-LMC-CEP-0017,1,derd_geometric,2.0,12.686543312907645,"['ROOT_OUTSIDE_PHYSICAL_Q_DOMAIN', 'RESIDUE_SIGN_CONSTRAINT_FAILED', 'RESIDUE_PHASE_CONSTRAINT_WEAK', 'AMPLITUDE_RATIO_EXTREME']",development
N2.000:OGLE-LMC-CEP-0017:derd_geometric:002,OGLE-LMC-CEP-0017,1,derd_geometric,2.0,1.8040440122504349,['RESIDUE_PHASE_CONSTRAINT_WEAK'],development
N2.000:OGLE-LMC-CEP-0017:derd_geometric:003,OGLE-LMC-CEP-0017,1,derd_geometric,2.0,8.49759630374024,"['ROOT_OUTSIDE_PHYSICAL_Q_DOMAIN', 'RESIDUE_PHASE_CONSTRAINT_WEAK', 'AMPLITUDE_RATIO_EXTREME']",development
N2.000:OGLE-LMC-CEP-0017:derd_geometric:004,OGLE-LMC-CEP-0017,1,derd_geometric,2.0,22.489938546153624,"['ROOT_OUTSIDE_PHYSICAL_Q_DOMAIN', 'RESIDUE_PHASE_CONSTRAINT_WEAK', 'AMPLITUDE_RATIO_EXTREME']",holdout
N2.000:OGLE-LMC-CEP-0017:derd_geometric:005,OGLE-LMC-CEP-0017,1,derd_geometric,2.0,2.225766120409818,"['RESIDUE_SIGN_CONSTRAINT_FAILED', 'RESIDUE_PHASE_CONSTRAINT_WEAK']",development
N2.000:OGLE-LMC-CEP-0017:derd_geometric:006,OGLE-LMC-CEP-0017,1,derd_geometric,2.0,7.7663946417605505,"['ROOT_OUTSIDE_PHYSICAL_Q_DOMAIN', 'RESIDUE_PHASE_CONSTRAINT_WEAK', 'AMPLITUDE_RATIO_EXTREME']",development
N2.000:OGLE-LMC-CEP-0017:derd_geometric:007,OGLE-LMC-CEP-0017,1,derd_geometric,2.0,2.791379769989622,"['RESIDUE_SIGN_CONSTRAINT_FAILED', 'RESIDUE_PHASE_CONSTRAINT_WEAK']",development
N2.000:OGLE-LMC-CEP-0017:derd_geometric:008,OGLE-LMC-CEP-0017,1,derd_geometric,2.0,1.447075999095652,[],holdout
N2.000:OGLE-LMC-CEP-0017:derd_geometric:009,OGLE-LMC-CEP-0017,1,derd_geometric,2.0,6.762265595531009,"['ROOT_OUTSIDE_PHYSICAL_Q_DOMAIN', 'RESIDUE_PHASE_CONSTRAINT_WEAK', 'AMPLITUDE_RATIO_EXTREME']",development
N2.000:OGLE-LMC-CEP-0017:derd_geometric:010,OGLE-LMC-CEP-0017,1,derd_geometric,2.0,17.428224325342644,"['ROOT_OUTSIDE_PHYSICAL_Q_DOMAIN', 'RESIDUE_PHASE_CONSTRAINT_WEAK', 'AMPLITUDE_RATIO_EXTREME']",development
N2.000:OGLE-LMC-CEP-0017:derd_geometric:011,OGLE-LMC-CEP-0017,1,derd_geometric,2.0,14.937700694634502,"['ROOT_OUTSIDE_PHYSICAL_Q_DOMAIN', 'RESIDUE_SIGN_CONSTRAINT_FAILED', 'RESIDUE_PHASE_CONSTRAINT_WEAK', 'AMPLITUDE_RATIO_EXTREME']",holdout
N2.000:OGLE-LMC-CEP-0017:generic_fourier:000,OGLE-LMC-CEP-0017,0,generic_fourier,2.0,2.9522481834422956,"['RESIDUE_SIGN_CONSTRAINT_FAILED', 'RESIDUE_PHASE_CONSTRAINT_WEAK']",development
N2.000:OGLE-LMC-CEP-0017:phase_scrambled_derd:001,OGLE-LMC-CEP-0017,0,phase_scrambled_derd,2.0,2.3624563743833726,['RESIDUE_PHASE_CONSTRAINT_WEAK'],development
N2.000:OGLE-LMC-CEP-0017:generic_fourier:002,OGLE-LMC-CEP-0017,0,generic_fourier,2.0,2.7879574872253805,"['RESIDUE_SIGN_CONSTRAINT_FAILED', 'RESIDUE_PHASE_CONSTRAINT_WEAK']",development
N2.000:OGLE-LMC-CEP-0017:phase_scrambled_derd:003,OGLE-LMC-CEP-0017,0,phase_scrambled_derd,2.0,2.0158964681601783,['RESIDUE_PHASE_CONSTRAINT_WEAK'],development
N2.000:OGLE-LMC-CEP-0017:generic_fourier:004,OGLE-LMC-CEP-0017,0,generic_fourier,2.0,6.955764706309434,"['ROOT_OUTSIDE_PHYSICAL_Q_DOMAIN', 'RESIDUE_PHASE_CONSTRAINT_WEAK', 'AMPLITUDE_RATIO_EXTREME']",development
N2.000:OGLE-LMC-CEP-0017:phase_scrambled_derd:005,OGLE-LMC-CEP-0017,0,phase_scrambled_derd,2.0,2.810619583875939,"['RESIDUE_SIGN_CONSTRAINT_FAILED', 'RESIDUE_PHASE_CONSTRAINT_WEAK']",development
N2.000:OGLE-LMC-CEP-0017:generic_fourier:006,OGLE-LMC-CEP-0017,0,generic_fourier,2.0,2.988671475286169,"['RESIDUE_SIGN_CONSTRAINT_FAILED', 'RESIDUE_PHASE_CONSTRAINT_WEAK']",holdout
N2.000:OGLE-LMC-CEP-0017:phase_scrambled_derd:007,OGLE-LMC-CEP-0017,0,phase_scrambled_derd,2.0,2.2458428281692515,"['RESIDUE_SIGN_CONSTRAINT_FAILED', 'RESIDUE_PHASE_CONSTRAINT_WEAK']",development
N2.000:OGLE-LMC-CEP-0017:generic_fourier:008,OGLE-LMC-CEP-0017,0,generic_fourier,2.0,2.5809933337744826,"['RESIDUE_SIGN_CONSTRAINT_FAILED', 'RESIDUE_PHASE_CONSTRAINT_WEAK']",development
N2.000:OGLE-LMC-CEP-0017:phase_scrambled_derd:009,OGLE-LMC-CEP-0017,0,phase_scrambled_derd,2.0,11.806815165898826,"['ROOT_OUTSIDE_PHYSICAL_Q_DOMAIN', 'RESIDUE_SIGN_CONSTRAINT_FAILED', 'RESIDUE_PHASE_CONSTRAINT_WEAK', 'AMPLITUDE_RATIO_EXTREME']",development
N2.000:OGLE-LMC-CEP-0017:generic_fourier:010,OGLE-LMC-CEP-0017,0,generic_fourier,2.0,2.3621448800023033,['RESIDUE_PHASE_CONSTRAINT_WEAK'],development
N2.000:OGLE-LMC-CEP-0017:phase_scrambled_derd:011,OGLE-LMC-CEP-0017,0,phase_scrambled_derd,2.0,2.8671823510334447,"['RESIDUE_SIGN_CONSTRAINT_FAILED', 'RESIDUE_PHASE_CONSTRAINT_WEAK']",development
N2.000:OGLE-LMC-CEP-0018:derd_geometric:000,OGLE-LMC-CEP-0018,1,derd_geometric,2.0,12.954619108693715,"['ROOT_OUTSIDE_PHYSICAL_Q_DOMAIN', 'RESIDUE_PHASE_CONSTRAINT_WEAK', 'AMPLITUDE_RATIO_EXTREME']",development
N2.000:OGLE-LMC-CEP-0018:derd_geometric:001,OGLE-LMC-CEP-0018,1,derd_geometric,2.0,2.728816526072043,"['RESIDUE_SIGN_CONSTRAINT_FAILED', 'RESIDUE_PHASE_CONSTRAINT_WEAK']",development
N2.000:OGLE-LMC-CEP-0018:derd_geometric:002,OGLE-LMC-CEP-0018,1,derd_geometric,2.0,4.795153605646584,"['ROOT_OUTSIDE_PHYSICAL_Q_DOMAIN', 'RESIDUE_PHASE_CONSTRAINT_WEAK', 'AMPLITUDE_RATIO_EXTREME']",holdout
N2.000:OGLE-LMC-CEP-0018:derd_geometric:003,OGLE-LMC-CEP-0018,1,derd_geometric,2.0,6.306894464083244,"['ROOT_OUTSIDE_PHYSICAL_Q_DOMAIN', 'RESIDUE_SIGN_CONSTRAINT_FAILED', 'RESIDUE_PHASE_CONSTRAINT_WEAK', 'AMPLITUDE_RATIO_EXTREME']",development
N2.000:OGLE-LMC-CEP-0018:derd_geometric:004,OGLE-LMC-CEP-0018,1,derd_geometric,2.0,2.049977142748189,['RESIDUE_PHASE_CONSTRAINT_WEAK'],development
N2.000:OGLE-LMC-CEP-0018:derd_geometric:005,OGLE-LMC-CEP-0018,1,derd_geometric,2.0,58.799204122176945,"['ROOT_OUTSIDE_PHYSICAL_Q_DOMAIN', 'RESIDUE_PHASE_CONSTRAINT_WEAK', 'AMPLITUDE_RATIO_EXTREME']",development
N2.000:OGLE-LMC-CEP-0018:derd_geometric:006,OGLE-LMC-CEP-0018,1,derd_geometric,2.0,8.760554298388321,"['ROOT_OUTSIDE_PHYSICAL_Q_DOMAIN', 'RESIDUE_PHASE_CONSTRAINT_WEAK', 'AMPLITUDE_RATIO_EXTREME']",development
N2.000:OGLE-LMC-CEP-0018:derd_geometric:007,OGLE-LMC-CEP-0018,1,derd_geometric,2.0,2.354220340234792,"['RESIDUE_SIGN_CONSTRAINT_FAILED', 'RESIDUE_PHASE_CONSTRAINT_WEAK']",development
N2.000:OGLE-LMC-CEP-0018:derd_geometric:008,OGLE-LMC-CEP-0018,1,derd_geometric,2.0,2.386757014458415,"['RESIDUE_SIGN_CONSTRAINT_FAILED', 'RESIDUE_PHASE_CONSTRAINT_WEAK']",development
N2.000:OGLE-LMC-CEP-0018:derd_geometric:009,OGLE-LMC-CEP-0018,1,derd_geometric,2.0,2.4167047684873397,"['RESIDUE_SIGN_CONSTRAINT_FAILED', 'RESIDUE_PHASE_CONSTRAINT_WEAK']",development
N2.000:OGLE-LMC-CEP-0018:derd_geometric:010,OGLE-LMC-CEP-0018,1,derd_geometric,2.0,2.8287555932242703,"['RESIDUE_SIGN_CONSTRAINT_FAILED', 'RESIDUE_PHASE_CONSTRAINT_WEAK']",holdout
N2.000:OGLE-LMC-CEP-0018:derd_geometric:011,OGLE-LMC-CEP-0018,1,derd_geometric,2.0,2.7401978944832392,"['RESIDUE_SIGN_CONSTRAINT_FAILED', 'RESIDUE_PHASE_CONSTRAINT_WEAK']",holdout
N2.000:OGLE-LMC-CEP-0018:generic_fourier:000,OGLE-LMC-CEP-0018,0,generic_fourier,2.0,2.5122122437612475,"['RESIDUE_SIGN_CONSTRAINT_FAILED', 'RESIDUE_PHASE_CONSTRAINT_WEAK']",holdout
N2.000:OGLE-LMC-CEP-0018:phase_scrambled_derd:001,OGLE-LMC-CEP-0018,0,phase_scrambled_derd,2.0,6.4192817812972365,"['ROOT_OUTSIDE_PHYSICAL_Q_DOMAIN', 'RESIDUE_SIGN_CONSTRAINT_FAILED', 'RESIDUE_PHASE_CONSTRAINT_WEAK', 'AMPLITUDE_RATIO_EXTREME']",development
N2.000:OGLE-LMC-CEP-0018:generic_fourier:002,OGLE-LMC-CEP-0018,0,generic_fourier,2.0,7.273081898939798,"['ROOT_OUTSIDE_PHYSICAL_Q_DOMAIN', 'RESIDUE_PHASE_CONSTRAINT_WEAK']",development
N2.000:OGLE-LMC-CEP-0018:phase_scrambled_derd:003,OGLE-LMC-CEP-0018,0,phase_scrambled_derd,2.0,4.915666939811907,"['ROOT_OUTSIDE_PHYSICAL_Q_DOMAIN', 'RESIDUE_PHASE_CONSTRAINT_WEAK', 'AMPLITUDE_RATIO_EXTREME']",development
N2.000:OGLE-LMC-CEP-0018:generic_fourier:004,OGLE-LMC-CEP-0018,0,generic_fourier,2.0,4.747192669590471,"['ROOT_OUTSIDE_PHYSICAL_Q_DOMAIN', 'RESIDUE_PHASE_CONSTRAINT_WEAK', 'AMPLITUDE_RATIO_EXTREME']",development
N2.000:OGLE-LMC-CEP-0018:phase_scrambled_derd:005,OGLE-LMC-CEP-0018,0,phase_scrambled_derd,2.0,2.403992179085665,['RESIDUE_PHASE_CONSTRAINT_WEAK'],holdout
N2.000:OGLE-LMC-CEP-0018:generic_fourier:006,OGLE-LMC-CEP-0018,0,generic_fourier,2.0,0.9111099669580857,[],development
N2.000:OGLE-LMC-CEP-0018:phase_scrambled_derd:007,OGLE-LMC-CEP-0018,0,phase_scrambled_derd,2.0,1.9689009986873696,['RESIDUE_PHASE_CONSTRAINT_WEAK'],development
N2.000:OGLE-LMC-CEP-0018:generic_fourier:008,OGLE-LMC-CEP-0018,0,generic_fourier,2.0,2.390708722188738,['RESIDUE_PHASE_CONSTRAINT_WEAK'],development
N2.000:OGLE-LMC-CEP-0018:phase_scrambled_derd:009,OGLE-LMC-CEP-0018,0,phase_scrambled_derd,2.0,42.66180419960603,"['ROOT_OUTSIDE_PHYSICAL_Q_DOMAIN', 'RESIDUE_SIGN_CONSTRAINT_FAILED', 'RESIDUE_PHASE_CONSTRAINT_WEAK', 'AMPLITUDE_RATIO_EXTREME']",holdout
N2.000:OGLE-LMC-CEP-0018:generic_fourier:010,OGLE-LMC-CEP-0018,0,generic_fourier,2.0,5.149240200215357,"['ROOT_OUTSIDE_PHYSICAL_Q_DOMAIN', 'RESIDUE_PHASE_CONSTRAINT_WEAK', 'AMPLITUDE_RATIO_EXTREME']",development
N2.000:OGLE-LMC-CEP-0018:phase_scrambled_derd:011,OGLE-LMC-CEP-0018,0,phase_scrambled_derd,2.0,1.9955380669786593,['RESIDUE_PHASE_CONSTRAINT_WEAK'],holdout
N2.000:OGLE-LMC-CEP-0021:derd_geometric:000,OGLE-LMC-CEP-0021,1,derd_geometric,2.0,1.7948784984216424,['RESIDUE_PHASE_CONSTRAINT_WEAK'],holdout
N2.000:OGLE-LMC-CEP-0021:derd_geometric:001,OGLE-LMC-CEP-0021,1,derd_geometric,2.0,2.4594730405035716,['RESIDUE_PHASE_CONSTRAINT_WEAK'],development
N2.000:OGLE-LMC-CEP-0021:derd_geometric:002,OGLE-LMC-CEP-0021,1,derd_geometric,2.0,3.322003960512268,"['ROOT_OUTSIDE_PHYSICAL_Q_DOMAIN', 'RESIDUE_PHASE_CONSTRAINT_WEAK', 'AMPLITUDE_RATIO_EXTREME']",development
N2.000:OGLE-LMC-CEP-0021:derd_geometric:003,OGLE-LMC-CEP-0021,1,derd_geometric,2.0,2.958595323931619,"['RESIDUE_SIGN_CONSTRAINT_FAILED', 'RESIDUE_PHASE_CONSTRAINT_WEAK']",development
N2.000:OGLE-LMC-CEP-0021:derd_geometric:004,OGLE-LMC-CEP-0021,1,derd_geometric,2.0,0.8780866681252916,['RESIDUE_PHASE_CONSTRAINT_WEAK'],development
N2.000:OGLE-LMC-CEP-0021:derd_geometric:005,OGLE-LMC-CEP-0021,1,derd_geometric,2.0,1.4120435526623747,['RESIDUE_PHASE_CONSTRAINT_WEAK'],holdout
N2.000:OGLE-LMC-CEP-0021:derd_geometric:006,OGLE-LMC-CEP-0021,1,derd_geometric,2.0,6.354579005910954,"['ROOT_OUTSIDE_PHYSICAL_Q_DOMAIN', 'RESIDUE_PHASE_CONSTRAINT_WEAK', 'AMPLITUDE_RATIO_EXTREME']",holdout
N2.000:OGLE-LMC-CEP-0021:derd_geometric:007,OGLE-LMC-CEP-0021,1,derd_geometric,2.0,6.512353706927564,"['ROOT_OUTSIDE_PHYSICAL_Q_DOMAIN', 'RESIDUE_SIGN_CONSTRAINT_FAILED', 'RESIDUE_PHASE_CONSTRAINT_WEAK', 'AMPLITUDE_RATIO_EXTREME']",development
N2.000:OGLE-LMC-CEP-0021:derd_geometric:008,OGLE-LMC-CEP-0021,1,derd_geometric,2.0,11.686502237357546,"['ROOT_OUTSIDE_PHYSICAL_Q_DOMAIN', 'RESIDUE_PHASE_CONSTRAINT_WEAK', 'AMPLITUDE_RATIO_EXTREME']",development
N2.000:OGLE-LMC-CEP-0021:derd_geometric:009,OGLE-LMC-CEP-0021,1,derd_geometric,2.0,2.767493775810497,"['RESIDUE_SIGN_CONSTRAINT_FAILED', 'RESIDUE_PHASE_CONSTRAINT_WEAK']",holdout
N2.000:OGLE-LMC-CEP-0021:derd_geometric:010,OGLE-LMC-CEP-0021,1,derd_geometric,2.0,5.908779260839052,"['ROOT_OUTSIDE_PHYSICAL_Q_DOMAIN', 'RESIDUE_SIGN_CONSTRAINT_FAILED', 'RESIDUE_PHASE_CONSTRAINT_WEAK', 'AMPLITUDE_RATIO_EXTREME']",development
N2.000:OGLE-LMC-CEP-0021:derd_geometric:011,OGLE-LMC-CEP-0021,1,derd_geometric,2.0,8.464523392031788,"['ROOT_OUTSIDE_PHYSICAL_Q_DOMAIN', 'RESIDUE_PHASE_CONSTRAINT_WEAK', 'AMPLITUDE_RATIO_EXTREME']",development
N2.000:OGLE-LMC-CEP-0021:generic_fourier:000,OGLE-LMC-CEP-0021,0,generic_fourier,2.0,2.4004728762120373,"['RESIDUE_SIGN_CONSTRAINT_FAILED', 'RESIDUE_PHASE_CONSTRAINT_WEAK']",development
N2.000:OGLE-LMC-CEP-0021:phase_scrambled_derd:001,OGLE-LMC-CEP-0021,0,phase_scrambled_derd,2.0,4.500068685336926,"['ROOT_OUTSIDE_PHYSICAL_Q_DOMAIN', 'RESIDUE_SIGN_CONSTRAINT_FAILED', 'RESIDUE_PHASE_CONSTRAINT_WEAK', 'AMPLITUDE_RATIO_EXTREME']",development
N2.000:OGLE-LMC-CEP-0021:generic_fourier:002,OGLE-LMC-CEP-0021,0,generic_fourier,2.0,2.6171187583742843,['RESIDUE_SIGN_CONSTRAINT_FAILED'],holdout
N2.000:OGLE-LMC-CEP-0021:phase_scrambled_derd:003,OGLE-LMC-CEP-0021,0,phase_scrambled_derd,2.0,2.6422988323720777,"['RESIDUE_SIGN_CONSTRAINT_FAILED', 'RESIDUE_PHASE_CONSTRAINT_WEAK']",holdout
N2.000:OGLE-LMC-CEP-0021:generic_fourier:004,OGLE-LMC-CEP-0021,0,generic_fourier,2.0,2.6293364547040747,"['RESIDUE_SIGN_CONSTRAINT_FAILED', 'RESIDUE_PHASE_CONSTRAINT_WEAK']",development
N2.000:OGLE-LMC-CEP-0021:phase_scrambled_derd:005,OGLE-LMC-CEP-0021,0,phase_scrambled_derd,2.0,1.8701929299648699,['RESIDUE_PHASE_CONSTRAINT_WEAK'],holdout
N2.000:OGLE-LMC-CEP-0021:generic_fourier:006,OGLE-LMC-CEP-0021,0,generic_fourier,2.0,2.7854903509684097,"['RESIDUE_SIGN_CONSTRAINT_FAILED', 'RESIDUE_PHASE_CONSTRAINT_WEAK']",holdout
N2.000:OGLE-LMC-CEP-0021:phase_scrambled_derd:007,OGLE-LMC-CEP-0021,0,phase_scrambled_derd,2.0,4.673022455079799,"['ROOT_OUTSIDE_PHYSICAL_Q_DOMAIN', 'RESIDUE_SIGN_CONSTRAINT_FAILED', 'RESIDUE_PHASE_CONSTRAINT_WEAK', 'AMPLITUDE_RATIO_EXTREME']",development
N2.000:OGLE-LMC-CEP-0021:generic_fourier:008,OGLE-LMC-CEP-0021,0,generic_fourier,2.0,2.593682941480805,"['RESIDUE_SIGN_CONSTRAINT_FAILED', 'RESIDUE_PHASE_CONSTRAINT_WEAK']",holdout
N2.000:OGLE-LMC-CEP-0021:phase_scrambled_derd:009,OGLE-LMC-CEP-0021,0,phase_scrambled_derd,2.0,1.323275767083842,['RESIDUE_PHASE_CONSTRAINT_WEAK'],development
N2.000:OGLE-LMC-CEP-0021:generic_fourier:010,OGLE-LMC-CEP-0021,0,generic_fourier,2.0,2.8244258503995656,"['RESIDUE_SIGN_CONSTRAINT_FAILED', 'RESIDUE_PHASE_CONSTRAINT_WEAK']",holdout
N2.000:OGLE-LMC-CEP-0021:phase_scrambled_derd:011,OGLE-LMC-CEP-0021,0,phase_scrambled_derd,2.0,1.4721418297185043,['RESIDUE_PHASE_CONSTRAINT_WEAK'],holdout
N2.000:OGLE-LMC-CEP-0023:derd_geometric:000,OGLE-LMC-CEP-0023,1,derd_geometric,2.0,2.8816399328041298,"['RESIDUE_SIGN_CONSTRAINT_FAILED', 'RESIDUE_PHASE_CONSTRAINT_WEAK']",holdout
N2.000:OGLE-LMC-CEP-0023:derd_geometric:001,OGLE-LMC-CEP-0023,1,derd_geometric,2.0,9.700919553812387,"['ROOT_OUTSIDE_PHYSICAL_Q_DOMAIN', 'RESIDUE_PHASE_CONSTRAINT_WEAK', 'AMPLITUDE_RATIO_EXTREME']",holdout
N2.000:OGLE-LMC-CEP-0023:derd_geometric:002,OGLE-LMC-CEP-0023,1,derd_geometric,2.0,1.8326427598109185,['RESIDUE_SIGN_CONSTRAINT_FAILED'],development
N2.000:OGLE-LMC-CEP-0023:derd_geometric:003,OGLE-LMC-CEP-0023,1,derd_geometric,2.0,11.26300916689035,"['ROOT_OUTSIDE_PHYSICAL_Q_DOMAIN', 'RESIDUE_PHASE_CONSTRAINT_WEAK', 'AMPLITUDE_RATIO_EXTREME']",holdout
N2.000:OGLE-LMC-CEP-0023:derd_geometric:004,OGLE-LMC-CEP-0023,1,derd_geometric,2.0,10.073677473288617,"['ROOT_OUTSIDE_PHYSICAL_Q_DOMAIN', 'RESIDUE_SIGN_CONSTRAINT_FAILED', 'RESIDUE_PHASE_CONSTRAINT_WEAK', 'AMPLITUDE_RATIO_EXTREME']",holdout
N2.000:OGLE-LMC-CEP-0023:derd_geometric:005,OGLE-LMC-CEP-0023,1,derd_geometric,2.0,2.951885868076683,"['RESIDUE_SIGN_CONSTRAINT_FAILED', 'RESIDUE_PHASE_CONSTRAINT_WEAK']",holdout
N2.000:OGLE-LMC-CEP-0023:derd_geometric:006,OGLE-LMC-CEP-0023,1,derd_geometric,2.0,10.155919484671598,"['ROOT_OUTSIDE_PHYSICAL_Q_DOMAIN', 'RESIDUE_SIGN_CONSTRAINT_FAILED', 'RESIDUE_PHASE_CONSTRAINT_WEAK', 'AMPLITUDE_RATIO_EXTREME']",development
N2.000:OGLE-LMC-CEP-0023:derd_geometric:007,OGLE-LMC-CEP-0023,1,derd_geometric,2.0,3.0014427636615326,"['RESIDUE_SIGN_CONSTRAINT_FAILED', 'RESIDUE_PHASE_CONSTRAINT_WEAK']",holdout
N2.000:OGLE-LMC-CEP-0023:derd_geometric:008,OGLE-LMC-CEP-0023,1,derd_geometric,2.0,2.0163832808698134,"['RESIDUE_SIGN_CONSTRAINT_FAILED', 'RESIDUE_PHASE_CONSTRAINT_WEAK']",holdout
N2.000:OGLE-LMC-CEP-0023:derd_geometric:009,OGLE-LMC-CEP-0023,1,derd_geometric,2.0,1.9407816140409124,['RESIDUE_PHASE_CONSTRAINT_WEAK'],development
N2.000:OGLE-LMC-CEP-0023:derd_geometric:010,OGLE-LMC-CEP-0023,1,derd_geometric,2.0,2.457177187559265,['RESIDUE_PHASE_CONSTRAINT_WEAK'],development
N2.000:OGLE-LMC-CEP-0023:derd_geometric:011,OGLE-LMC-CEP-0023,1,derd_geometric,2.0,4.602429676802552,"['ROOT_OUTSIDE_PHYSICAL_Q_DOMAIN', 'RESIDUE_SIGN_CONSTRAINT_FAILED', 'RESIDUE_PHASE_CONSTRAINT_WEAK', 'AMPLITUDE_RATIO_EXTREME']",holdout
N2.000:OGLE-LMC-CEP-0023:generic_fourier:000,OGLE-LMC-CEP-0023,0,generic_fourier,2.0,2.775103445715373,['RESIDUE_PHASE_CONSTRAINT_WEAK'],holdout
N2.000:OGLE-LMC-CEP-0023:phase_scrambled_derd:001,OGLE-LMC-CEP-0023,0,phase_scrambled_derd,2.0,23.63807189751801,"['ROOT_OUTSIDE_PHYSICAL_Q_DOMAIN', 'RESIDUE_SIGN_CONSTRAINT_FAILED', 'RESIDUE_PHASE_CONSTRAINT_WEAK', 'AMPLITUDE_RATIO_EXTREME']",holdout
N2.000:OGLE-LMC-CEP-0023:generic_fourier:002,OGLE-LMC-CEP-0023,0,generic_fourier,2.0,2.95502283693644,"['RESIDUE_SIGN_CONSTRAINT_FAILED', 'RESIDUE_PHASE_CONSTRAINT_WEAK']",development
N2.000:OGLE-LMC-CEP-0023:phase_scrambled_derd:003,OGLE-LMC-CEP-0023,0,phase_scrambled_derd,2.0,11.19385415195839,"['ROOT_OUTSIDE_PHYSICAL_Q_DOMAIN', 'RESIDUE_SIGN_CONSTRAINT_FAILED', 'RESIDUE_PHASE_CONSTRAINT_WEAK', 'AMPLITUDE_RATIO_EXTREME']",holdout
N2.000:OGLE-LMC-CEP-0023:generic_fourier:004,OGLE-LMC-CEP-0023,0,generic_fourier,2.0,2.1965938402603844,['RESIDUE_PHASE_CONSTRAINT_WEAK'],development
N2.000:OGLE-LMC-CEP-0023:phase_scrambled_derd:005,OGLE-LMC-CEP-0023,0,phase_scrambled_derd,2.0,1.785917873555308,['RESIDUE_PHASE_CONSTRAINT_WEAK'],development
N2.000:OGLE-LMC-CEP-0023:generic_fourier:006,OGLE-LMC-CEP-0023,0,generic_fourier,2.0,15.215102513687594,"['ROOT_OUTSIDE_PHYSICAL_Q_DOMAIN', 'RESIDUE_SIGN_CONSTRAINT_FAILED', 'RESIDUE_PHASE_CONSTRAINT_WEAK', 'AMPLITUDE_RATIO_EXTREME']",development
N2.000:OGLE-LMC-CEP-0023:phase_scrambled_derd:007,OGLE-LMC-CEP-0023,0,phase_scrambled_derd,2.0,17.45568311798053,"['ROOT_OUTSIDE_PHYSICAL_Q_DOMAIN', 'RESIDUE_SIGN_CONSTRAINT_FAILED', 'RESIDUE_PHASE_CONSTRAINT_WEAK', 'AMPLITUDE_RATIO_EXTREME']",development
N2.000:OGLE-LMC-CEP-0023:generic_fourier:008,OGLE-LMC-CEP-0023,0,generic_fourier,2.0,3.96125359483634,"['ROOT_OUTSIDE_PHYSICAL_Q_DOMAIN', 'RESIDUE_PHASE_CONSTRAINT_WEAK', 'AMPLITUDE_RATIO_EXTREME']",holdout
N2.000:OGLE-LMC-CEP-0023:phase_scrambled_derd:009,OGLE-LMC-CEP-0023,0,phase_scrambled_derd,2.0,3.4805628458079965,"['ROOT_OUTSIDE_PHYSICAL_Q_DOMAIN', 'RESIDUE_PHASE_CONSTRAINT_WEAK', 'AMPLITUDE_RATIO_EXTREME']",development
N2.000:OGLE-LMC-CEP-0023:generic_fourier:010,OGLE-LMC-CEP-0023,0,generic_fourier,2.0,18.884177296615295,"['ROOT_OUTSIDE_PHYSICAL_Q_DOMAIN', 'RESIDUE_PHASE_CONSTRAINT_WEAK', 'AMPLITUDE_RATIO_EXTREME']",development
N2.000:OGLE-LMC-CEP-0023:phase_scrambled_derd:011,OGLE-LMC-CEP-0023,0,phase_scrambled_derd,2.0,2.857353456969832,"['RESIDUE_SIGN_CONSTRAINT_FAILED', 'RESIDUE_PHASE_CONSTRAINT_WEAK']",holdout
N2.000:OGLE-LMC-CEP-0025:derd_geometric:000,OGLE-LMC-CEP-0025,1,derd_geometric,2.0,2.770427535589483,"['RESIDUE_SIGN_CONSTRAINT_FAILED', 'RESIDUE_PHASE_CONSTRAINT_WEAK']",development
N2.000:OGLE-LMC-CEP-0025:derd_geometric:001,OGLE-LMC-CEP-0025,1,derd_geometric,2.0,2.188156070796983,['RESIDUE_PHASE_CONSTRAINT_WEAK'],development
N2.000:OGLE-LMC-CEP-0025:derd_geometric:002,OGLE-LMC-CEP-0025,1,derd_geometric,2.0,1.9158431597436434,"['RESIDUE_SIGN_CONSTRAINT_FAILED', 'RESIDUE_PHASE_CONSTRAINT_WEAK']",development
N2.000:OGLE-LMC-CEP-0025:derd_geometric:003,OGLE-LMC-CEP-0025,1,derd_geometric,2.0,3.293058678694214,"['ROOT_OUTSIDE_PHYSICAL_Q_DOMAIN', 'RESIDUE_PHASE_CONSTRAINT_WEAK', 'AMPLITUDE_RATIO_EXTREME']",development
N2.000:OGLE-LMC-CEP-0025:derd_geometric:004,OGLE-LMC-CEP-0025,1,derd_geometric,2.0,2.0975793198903947,['RESIDUE_PHASE_CONSTRAINT_WEAK'],development
N2.000:OGLE-LMC-CEP-0025:derd_geometric:005,OGLE-LMC-CEP-0025,1,derd_geometric,2.0,2.694183915702507,"['RESIDUE_SIGN_CONSTRAINT_FAILED', 'RESIDUE_PHASE_CONSTRAINT_WEAK']",development
N2.000:OGLE-LMC-CEP-0025:derd_geometric:006,OGLE-LMC-CEP-0025,1,derd_geometric,2.0,3.4331534581465872,"['ROOT_OUTSIDE_PHYSICAL_Q_DOMAIN', 'RESIDUE_PHASE_CONSTRAINT_WEAK', 'AMPLITUDE_RATIO_EXTREME']",holdout
N2.000:OGLE-LMC-CEP-0025:derd_geometric:007,OGLE-LMC-CEP-0025,1,derd_geometric,2.0,6.086251616692654,"['ROOT_OUTSIDE_PHYSICAL_Q_DOMAIN', 'RESIDUE_SIGN_CONSTRAINT_FAILED', 'RESIDUE_PHASE_CONSTRAINT_WEAK', 'AMPLITUDE_RATIO_EXTREME']",development
N2.000:OGLE-LMC-CEP-0025:derd_geometric:008,OGLE-LMC-CEP-0025,1,derd_geometric,2.0,3.1195383127894103,"['ROOT_OUTSIDE_PHYSICAL_Q_DOMAIN', 'RESIDUE_PHASE_CONSTRAINT_WEAK', 'AMPLITUDE_RATIO_EXTREME']",development
N2.000:OGLE-LMC-CEP-0025:derd_geometric:009,OGLE-LMC-CEP-0025,1,derd_geometric,2.0,1.866970858271605,['RESIDUE_PHASE_CONSTRAINT_WEAK'],development
N2.000:OGLE-LMC-CEP-0025:derd_geometric:010,OGLE-LMC-CEP-0025,1,derd_geometric,2.0,2.5605860370768467,"['RESIDUE_SIGN_CONSTRAINT_FAILED', 'RESIDUE_PHASE_CONSTRAINT_WEAK']",development
N2.000:OGLE-LMC-CEP-0025:derd_geometric:011,OGLE-LMC-CEP-0025,1,derd_geometric,2.0,5.474982519902495,"['ROOT_OUTSIDE_PHYSICAL_Q_DOMAIN', 'RESIDUE_SIGN_CONSTRAINT_FAILED', 'RESIDUE_PHASE_CONSTRAINT_WEAK', 'AMPLITUDE_RATIO_EXTREME']",holdout
N2.000:OGLE-LMC-CEP-0025:generic_fourier:000,OGLE-LMC-CEP-0025,0,generic_fourier,2.0,5.572704962742374,"['ROOT_OUTSIDE_PHYSICAL_Q_DOMAIN', 'RESIDUE_SIGN_CONSTRAINT_FAILED', 'RESIDUE_PHASE_CONSTRAINT_WEAK', 'AMPLITUDE_RATIO_EXTREME']",development
N2.000:OGLE-LMC-CEP-0025:phase_scrambled_derd:001,OGLE-LMC-CEP-0025,0,phase_scrambled_derd,2.0,2.9162108042488994,"['RESIDUE_SIGN_CONSTRAINT_FAILED', 'RESIDUE_PHASE_CONSTRAINT_WEAK']",holdout
N2.000:OGLE-LMC-CEP-0025:generic_fourier:002,OGLE-LMC-CEP-0025,0,generic_fourier,2.0,2.746048949827366,"['RESIDUE_SIGN_CONSTRAINT_FAILED', 'RESIDUE_PHASE_CONSTRAINT_WEAK']",holdout
N2.000:OGLE-LMC-CEP-0025:phase_scrambled_derd:003,OGLE-LMC-CEP-0025,0,phase_scrambled_derd,2.0,2.1249862625833615,['RESIDUE_PHASE_CONSTRAINT_WEAK'],development
N2.000:OGLE-LMC-CEP-0025:generic_fourier:004,OGLE-LMC-CEP-0025,0,generic_fourier,2.0,2.827693374295138,"['RESIDUE_SIGN_CONSTRAINT_FAILED', 'RESIDUE_PHASE_CONSTRAINT_WEAK']",development
N2.000:OGLE-LMC-CEP-0025:phase_scrambled_derd:005,OGLE-LMC-CEP-0025,0,phase_scrambled_derd,2.0,1.9693461995011639,['RESIDUE_PHASE_CONSTRAINT_WEAK'],holdout
N2.000:OGLE-LMC-CEP-0025:generic_fourier:006,OGLE-LMC-CEP-0025,0,generic_fourier,2.0,2.0159916636801563,['RESIDUE_PHASE_CONSTRAINT_WEAK'],development
N2.000:OGLE-LMC-CEP-0025:phase_scrambled_derd:007,OGLE-LMC-CEP-0025,0,phase_scrambled_derd,2.0,7.929498218052798,"['ROOT_OUTSIDE_PHYSICAL_Q_DOMAIN', 'RESIDUE_PHASE_CONSTRAINT_WEAK', 'AMPLITUDE_RATIO_EXTREME']",development
N2.000:OGLE-LMC-CEP-0025:generic_fourier:008,OGLE-LMC-CEP-0025,0,generic_fourier,2.0,4.224767045841379,"['ROOT_OUTSIDE_PHYSICAL_Q_DOMAIN', 'RESIDUE_PHASE_CONSTRAINT_WEAK', 'AMPLITUDE_RATIO_EXTREME']",holdout
N2.000:OGLE-LMC-CEP-0025:phase_scrambled_derd:009,OGLE-LMC-CEP-0025,0,phase_scrambled_derd,2.0,5.104071956520652,"['ROOT_OUTSIDE_PHYSICAL_Q_DOMAIN', 'RESIDUE_PHASE_CONSTRAINT_WEAK', 'AMPLITUDE_RATIO_EXTREME']",development
N2.000:OGLE-LMC-CEP-0025:generic_fourier:010,OGLE-LMC-CEP-0025,0,generic_fourier,2.0,10.702764336009652,"['ROOT_OUTSIDE_PHYSICAL_Q_DOMAIN', 'RESIDUE_SIGN_CONSTRAINT_FAILED', 'RESIDUE_PHASE_CONSTRAINT_WEAK', 'AMPLITUDE_RATIO_EXTREME']",holdout
N2.000:OGLE-LMC-CEP-0025:phase_scrambled_derd:011,OGLE-LMC-CEP-0025,0,phase_scrambled_derd,2.0,2.1473622937301444,"['RESIDUE_SIGN_CONSTRAINT_FAILED', 'RESIDUE_PHASE_CONSTRAINT_WEAK']",development
N2.000:OGLE-LMC-CEP-0026:derd_geometric:000,OGLE-LMC-CEP-0026,1,derd_geometric,2.0,2.4555072792490407,['RESIDUE_PHASE_CONSTRAINT_WEAK'],development
N2.000:OGLE-LMC-CEP-0026:derd_geometric:001,OGLE-LMC-CEP-0026,1,derd_geometric,2.0,0.7466067188861539,[],holdout
N2.000:OGLE-LMC-CEP-0026:derd_geometric:002,OGLE-LMC-CEP-0026,1,derd_geometric,2.0,2.3564344676471927,['RESIDUE_PHASE_CONSTRAINT_WEAK'],holdout
N2.000:OGLE-LMC-CEP-0026:derd_geometric:003,OGLE-LMC-CEP-0026,1,derd_geometric,2.0,4.52727220734235,"['ROOT_OUTSIDE_PHYSICAL_Q_DOMAIN', 'RESIDUE_SIGN_CONSTRAINT_FAILED', 'AMPLITUDE_RATIO_EXTREME']",development
N2.000:OGLE-LMC-CEP-0026:derd_geometric:004,OGLE-LMC-CEP-0026,1,derd_geometric,2.0,6.1250767495437595,"['ROOT_OUTSIDE_PHYSICAL_Q_DOMAIN', 'RESIDUE_SIGN_CONSTRAINT_FAILED', 'RESIDUE_PHASE_CONSTRAINT_WEAK', 'AMPLITUDE_RATIO_EXTREME']",holdout
N2.000:OGLE-LMC-CEP-0026:derd_geometric:005,OGLE-LMC-CEP-0026,1,derd_geometric,2.0,7.13319267257353,"['ROOT_OUTSIDE_PHYSICAL_Q_DOMAIN', 'RESIDUE_PHASE_CONSTRAINT_WEAK', 'AMPLITUDE_RATIO_EXTREME']",holdout
N2.000:OGLE-LMC-CEP-0026:derd_geometric:006,OGLE-LMC-CEP-0026,1,derd_geometric,2.0,2.2550718016595024,"['RESIDUE_SIGN_CONSTRAINT_FAILED', 'RESIDUE_PHASE_CONSTRAINT_WEAK']",development
N2.000:OGLE-LMC-CEP-0026:derd_geometric:007,OGLE-LMC-CEP-0026,1,derd_geometric,2.0,2.344963359375801,"['RESIDUE_SIGN_CONSTRAINT_FAILED', 'RESIDUE_PHASE_CONSTRAINT_WEAK']",development
N2.000:OGLE-LMC-CEP-0026:derd_geometric:008,OGLE-LMC-CEP-0026,1,derd_geometric,2.0,1.1841048649770982,['RESIDUE_PHASE_CONSTRAINT_WEAK'],holdout
N2.000:OGLE-LMC-CEP-0026:derd_geometric:009,OGLE-LMC-CEP-0026,1,derd_geometric,2.0,4.918925326299868,"['ROOT_OUTSIDE_PHYSICAL_Q_DOMAIN', 'RESIDUE_SIGN_CONSTRAINT_FAILED', 'RESIDUE_PHASE_CONSTRAINT_WEAK', 'AMPLITUDE_RATIO_EXTREME']",development
N2.000:OGLE-LMC-CEP-0026:derd_geometric:010,OGLE-LMC-CEP-0026,1,derd_geometric,2.0,1.813546317258516,['RESIDUE_PHASE_CONSTRAINT_WEAK'],development
N2.000:OGLE-LMC-CEP-0026:derd_geometric:011,OGLE-LMC-CEP-0026,1,derd_geometric,2.0,1.825168298086641,"['RESIDUE_SIGN_CONSTRAINT_FAILED', 'RESIDUE_PHASE_CONSTRAINT_WEAK']",development
N2.000:OGLE-LMC-CEP-0026:generic_fourier:000,OGLE-LMC-CEP-0026,0,generic_fourier,2.0,7.1499430596673115,"['ROOT_OUTSIDE_PHYSICAL_Q_DOMAIN', 'RESIDUE_PHASE_CONSTRAINT_WEAK', 'AMPLITUDE_RATIO_EXTREME']",development
N2.000:OGLE-LMC-CEP-0026:phase_scrambled_derd:001,OGLE-LMC-CEP-0026,0,phase_scrambled_derd,2.0,1.8327187264219031,['RESIDUE_PHASE_CONSTRAINT_WEAK'],development
N2.000:OGLE-LMC-CEP-0026:generic_fourier:002,OGLE-LMC-CEP-0026,0,generic_fourier,2.0,2.1478213900175827,['RESIDUE_PHASE_CONSTRAINT_WEAK'],development
N2.000:OGLE-LMC-CEP-0026:phase_scrambled_derd:003,OGLE-LMC-CEP-0026,0,phase_scrambled_derd,2.0,1.6810595125084833,[],development
N2.000:OGLE-LMC-CEP-0026:generic_fourier:004,OGLE-LMC-CEP-0026,0,generic_fourier,2.0,2.7852762376854776,"['RESIDUE_SIGN_CONSTRAINT_FAILED', 'RESIDUE_PHASE_CONSTRAINT_WEAK']",development
N2.000:OGLE-LMC-CEP-0026:phase_scrambled_derd:005,OGLE-LMC-CEP-0026,0,phase_scrambled_derd,2.0,4.65356318221609,"['ROOT_OUTSIDE_PHYSICAL_Q_DOMAIN', 'RESIDUE_PHASE_CONSTRAINT_WEAK', 'AMPLITUDE_RATIO_EXTREME']",holdout
N2.000:OGLE-LMC-CEP-0026:generic_fourier:006,OGLE-LMC-CEP-0026,0,generic_fourier,2.0,1.0354848301998745,['RESIDUE_PHASE_CONSTRAINT_WEAK'],development
N2.000:OGLE-LMC-CEP-0026:phase_scrambled_derd:007,OGLE-LMC-CEP-0026,0,phase_scrambled_derd,2.0,2.4333304659573964,['RESIDUE_SIGN_CONSTRAINT_FAILED'],development
N2.000:OGLE-LMC-CEP-0026:generic_fourier:008,OGLE-LMC-CEP-0026,0,generic_fourier,2.0,2.863746863755146,"['RESIDUE_SIGN_CONSTRAINT_FAILED', 'RESIDUE_PHASE_CONSTRAINT_WEAK']",development
N2.000:OGLE-LMC-CEP-0026:phase_scrambled_derd:009,OGLE-LMC-CEP-0026,0,phase_scrambled_derd,2.0,2.9352217639668425,"['RESIDUE_SIGN_CONSTRAINT_FAILED', 'RESIDUE_PHASE_CONSTRAINT_WEAK']",development
N2.000:OGLE-LMC-CEP-0026:generic_fourier:010,OGLE-LMC-CEP-0026,0,generic_fourier,2.0,2.955858243995908,"['RESIDUE_SIGN_CONSTRAINT_FAILED', 'RESIDUE_PHASE_CONSTRAINT_WEAK']",development
N2.000:OGLE-LMC-CEP-0026:phase_scrambled_derd:011,OGLE-LMC-CEP-0026,0,phase_scrambled_derd,2.0,2.3334515001918725,"['RESIDUE_SIGN_CONSTRAINT_FAILED', 'RESIDUE_PHASE_CONSTRAINT_WEAK']",holdout
N2.000:OGLE-LMC-CEP-0027:derd_geometric:000,OGLE-LMC-CEP-0027,1,derd_geometric,2.0,4.002858367152761,"['ROOT_OUTSIDE_PHYSICAL_Q_DOMAIN', 'RESIDUE_SIGN_CONSTRAINT_FAILED', 'RESIDUE_PHASE_CONSTRAINT_WEAK', 'AMPLITUDE_RATIO_EXTREME']",development
N2.000:OGLE-LMC-CEP-0027:derd_geometric:001,OGLE-LMC-CEP-0027,1,derd_geometric,2.0,1.799447262893291,['RESIDUE_PHASE_CONSTRAINT_WEAK'],development
N2.000:OGLE-LMC-CEP-0027:derd_geometric:002,OGLE-LMC-CEP-0027,1,derd_geometric,2.0,3.002417024090847,"['ROOT_OUTSIDE_PHYSICAL_Q_DOMAIN', 'RESIDUE_PHASE_CONSTRAINT_WEAK', 'AMPLITUDE_RATIO_EXTREME']",development
N2.000:OGLE-LMC-CEP-0027:derd_geometric:003,OGLE-LMC-CEP-0027,1,derd_geometric,2.0,6.768475854186322,"['ROOT_OUTSIDE_PHYSICAL_Q_DOMAIN', 'AMPLITUDE_RATIO_EXTREME']",development
N2.000:OGLE-LMC-CEP-0027:derd_geometric:004,OGLE-LMC-CEP-0027,1,derd_geometric,2.0,3.8718778635833035,"['ROOT_OUTSIDE_PHYSICAL_Q_DOMAIN', 'RESIDUE_PHASE_CONSTRAINT_WEAK', 'AMPLITUDE_RATIO_EXTREME']",holdout
N2.000:OGLE-LMC-CEP-0027:derd_geometric:005,OGLE-LMC-CEP-0027,1,derd_geometric,2.0,4.94477702342645,"['ROOT_OUTSIDE_PHYSICAL_Q_DOMAIN', 'RESIDUE_SIGN_CONSTRAINT_FAILED', 'RESIDUE_PHASE_CONSTRAINT_WEAK', 'AMPLITUDE_RATIO_EXTREME']",development
N2.000:OGLE-LMC-CEP-0027:derd_geometric:006,OGLE-LMC-CEP-0027,1,derd_geometric,2.0,1.5926182490807261,['RESIDUE_PHASE_CONSTRAINT_WEAK'],development
N2.000:OGLE-LMC-CEP-0027:derd_geometric:007,OGLE-LMC-CEP-0027,1,derd_geometric,2.0,4.522613089811337,"['ROOT_OUTSIDE_PHYSICAL_Q_DOMAIN', 'RESIDUE_SIGN_CONSTRAINT_FAILED', 'RESIDUE_PHASE_CONSTRAINT_WEAK', 'AMPLITUDE_RATIO_EXTREME']",development
N2.000:OGLE-LMC-CEP-0027:derd_geometric:008,OGLE-LMC-CEP-0027,1,derd_geometric,2.0,3.5443151422077377,"['ROOT_OUTSIDE_PHYSICAL_Q_DOMAIN', 'RESIDUE_PHASE_CONSTRAINT_WEAK', 'AMPLITUDE_RATIO_EXTREME']",development
N2.000:OGLE-LMC-CEP-0027:derd_geometric:009,OGLE-LMC-CEP-0027,1,derd_geometric,2.0,11.117328532692854,"['ROOT_OUTSIDE_PHYSICAL_Q_DOMAIN', 'RESIDUE_SIGN_CONSTRAINT_FAILED', 'RESIDUE_PHASE_CONSTRAINT_WEAK', 'AMPLITUDE_RATIO_EXTREME']",development
N2.000:OGLE-LMC-CEP-0027:derd_geometric:010,OGLE-LMC-CEP-0027,1,derd_geometric,2.0,1.2325901714915408,['RESIDUE_PHASE_CONSTRAINT_WEAK'],development
N2.000:OGLE-LMC-CEP-0027:derd_geometric:011,OGLE-LMC-CEP-0027,1,derd_geometric,2.0,2.920443219601993,"['ROOT_OUTSIDE_PHYSICAL_Q_DOMAIN', 'AMPLITUDE_RATIO_EXTREME']",development
N2.000:OGLE-LMC-CEP-0027:generic_fourier:000,OGLE-LMC-CEP-0027,0,generic_fourier,2.0,2.5568838094398614,"['RESIDUE_SIGN_CONSTRAINT_FAILED', 'RESIDUE_PHASE_CONSTRAINT_WEAK']",development
N2.000:OGLE-LMC-CEP-0027:phase_scrambled_derd:001,OGLE-LMC-CEP-0027,0,phase_scrambled_derd,2.0,3.91620482372613,"['ROOT_OUTSIDE_PHYSICAL_Q_DOMAIN', 'RESIDUE_PHASE_CONSTRAINT_WEAK', 'AMPLITUDE_RATIO_EXTREME']",development
N2.000:OGLE-LMC-CEP-0027:generic_fourier:002,OGLE-LMC-CEP-0027,0,generic_fourier,2.0,3.738663839275684,"['RESIDUE_SIGN_CONSTRAINT_FAILED', 'RESIDUE_PHASE_CONSTRAINT_WEAK']",development
N2.000:OGLE-LMC-CEP-0027:phase_scrambled_derd:003,OGLE-LMC-CEP-0027,0,phase_scrambled_derd,2.0,2.450439932450827,['RESIDUE_PHASE_CONSTRAINT_WEAK'],development
N2.000:OGLE-LMC-CEP-0027:generic_fourier:004,OGLE-LMC-CEP-0027,0,generic_fourier,2.0,3.4135655903402675,"['ROOT_OUTSIDE_PHYSICAL_Q_DOMAIN', 'RESIDUE_PHASE_CONSTRAINT_WEAK', 'AMPLITUDE_RATIO_EXTREME']",development
N2.000:OGLE-LMC-CEP-0027:phase_scrambled_derd:005,OGLE-LMC-CEP-0027,0,phase_scrambled_derd,2.0,2.574357028704885,"['RESIDUE_SIGN_CONSTRAINT_FAILED', 'RESIDUE_PHASE_CONSTRAINT_WEAK']",development
N2.000:OGLE-LMC-CEP-0027:generic_fourier:006,OGLE-LMC-CEP-0027,0,generic_fourier,2.0,14.72373913962649,"['ROOT_OUTSIDE_PHYSICAL_Q_DOMAIN', 'RESIDUE_PHASE_CONSTRAINT_WEAK', 'AMPLITUDE_RATIO_EXTREME']",development
N2.000:OGLE-LMC-CEP-0027:phase_scrambled_derd:007,OGLE-LMC-CEP-0027,0,phase_scrambled_derd,2.0,3.113750031612816,"['RESIDUE_SIGN_CONSTRAINT_FAILED', 'RESIDUE_PHASE_CONSTRAINT_WEAK']",development
N2.000:OGLE-LMC-CEP-0027:generic_fourier:008,OGLE-LMC-CEP-0027,0,generic_fourier,2.0,5.19902451755179,"['ROOT_OUTSIDE_PHYSICAL_Q_DOMAIN', 'RESIDUE_SIGN_CONSTRAINT_FAILED', 'RESIDUE_PHASE_CONSTRAINT_WEAK', 'AMPLITUDE_RATIO_EXTREME']",holdout
N2.000:OGLE-LMC-CEP-0027:phase_scrambled_derd:009,OGLE-LMC-CEP-0027,0,phase_scrambled_derd,2.0,4.540217704202965,"['ROOT_OUTSIDE_PHYSICAL_Q_DOMAIN', 'RESIDUE_PHASE_CONSTRAINT_WEAK', 'AMPLITUDE_RATIO_EXTREME']",holdout
N2.000:OGLE-LMC-CEP-0027:generic_fourier:010,OGLE-LMC-CEP-0027,0,generic_fourier,2.0,2.209211432950849,['RESIDUE_PHASE_CONSTRAINT_WEAK'],development
N2.000:OGLE-LMC-CEP-0027:phase_scrambled_derd:011,OGLE-LMC-CEP-0027,0,phase_scrambled_derd,2.0,1.2965028102848333,[],development
